date,pe,yoy
2026-05-22,35.89,+7.55%
2026-05-21,35.74,+7.26%
2026-05-20,35.67,+5.63%
2026-05-19,35.09,+3.51%
2026-05-18,35.30,+4.22%
2026-05-15,35.46,+5.16%
2026-05-14,36.01,+6.89%
2026-05-13,35.75,+6.72%
2026-05-12,35.38,+7.28%
2026-05-11,35.70,+12.58%
2026-05-08,35.59,+12.24%
2026-05-07,34.78,+10.76%
2026-05-06,34.82,+11.32%
2026-05-05,34.11,+8.08%
2026-05-04,33.66,+5.95%
2026-05-01,33.74,+7.90%
2026-04-30,33.42,+8.05%
2026-04-29,33.10,+7.15%
2026-04-28,32.91,+7.20%
2026-04-27,33.24,+8.24%
2026-04-24,33.24,+9.45%
2026-04-23,32.61,+10.39%
2026-04-22,32.79,+13.54%
2026-04-21,32.24,+14.57%
2026-04-20,32.37,+12.16%
2026-04-17,32.47,+12.51%
2026-04-16,32.06,+11.09%
2026-04-15,31.90,+7.19%
2026-04-14,31.46,+5.89%
2026-04-13,30.90,+4.60%
2026-04-10,30.58,+5.48%
2026-04-09,30.54,+0.93%
2026-04-08,30.32,+12.25%
2026-04-07,29.47,+6.97%
2026-04-06,29.45,+7.09%
2026-04-02,29.27,-5.43%
2026-04-01,29.24,-4.82%
2026-03-31,28.90,-5.15%
2026-03-30,31.23,-4.29%
2026-03-27,31.48,-6.06%
2026-03-26,32.10,-4.78%
2026-03-25,32.88,-4.25%
2026-03-24,32.66,-4.36%
2026-03-23,32.91,-1.56%
2026-03-20,32.52,-2.34%
2026-03-19,33.14,-0.78%
2026-03-18,33.24,+0.82%
2026-03-17,33.72,+0.57%
2026-03-16,33.55,+0.60%
2026-03-13,33.18,+1.97%
2026-03-12,33.38,+0.63%
2026-03-11,33.97,+3.60%
2026-03-10,33.96,+3.25%
2026-03-09,33.97,-0.64%
2026-03-06,33.53,-1.21%
2026-03-05,34.05,-2.46%
2026-03-04,34.15,-0.87%
2026-03-03,33.64,-2.69%
2026-03-02,34.01,-3.79%
2026-02-27,33.96,-2.36%
2026-02-26,34.07,-4.75%
2026-02-25,34.47,-3.42%
2026-02-24,33.99,-5.95%
2026-02-23,33.62,-8.09%
2026-02-20,34.04,-8.86%
2026-02-19,33.74,-10.10%
2026-02-18,33.88,-9.68%
2026-02-17,33.61,-10.21%
2026-02-13,33.65,-9.76%
2026-02-12,33.59,-8.62%
2026-02-11,34.29,-6.62%
2026-02-10,34.19,-7.14%
2026-02-09,34.38,-5.47%
2026-02-06,34.12,-7.41%
2026-02-05,33.40,-8.89%
2026-02-04,33.87,-7.21%
2026-02-03,34.48,-4.36%
2026-02-02,35.02,-3.66%
2026-01-30,34.77,-4.48%
2026-01-29,35.22,-2.81%
2026-01-28,35.41,-2.53%
2026-01-27,35.30,-1.29%
2026-01-26,34.99,-5.05%
2026-01-23,34.84,-6.02%
2026-01-22,34.72,-6.14%
2026-01-21,34.46,-5.59%
2026-01-20,34.00,-6.31%
2026-01-16,34.74,-2.69%
2026-01-15,34.76,-3.28%
2026-01-14,34.65,-1.37%
2026-01-13,35.03,-0.43%
2026-01-12,35.09,-0.54%
2026-01-09,35.06,-2.20%
2026-01-08,34.71,-3.18%
2026-01-07,34.91,-2.57%
2026-01-06,34.89,-4.38%
2026-01-05,34.56,-4.24%
2026-01-02,34.30,-3.38%
2025-12-31,34.36,-3.37%
2025-12-30,34.49,-7.24%
2025-12-29,34.57,-8.23%
2025-12-26,34.73,-9.04%
2025-12-24,34.75,-9.13%
2025-12-23,34.66,-8.11%
2025-12-22,34.49,-7.63%
2025-12-19,34.33,-7.29%
2025-12-18,33.89,-8.90%
2025-12-17,33.38,-13.50%
2025-12-16,34.04,-12.18%
2025-12-15,33.95,-11.15%
2025-12-12,34.13,-9.99%
2025-12-11,34.79,-8.88%
2025-12-10,34.91,-6.86%
2025-12-09,34.77,-7.55%
2025-12-08,34.71,-8.49%
2025-12-05,34.80,-7.40%
2025-12-04,34.65,-8.09%
2025-12-03,34.68,-6.87%
2025-12-02,34.61,-6.79%
2025-12-01,34.32,-6.51%
2025-11-28,34.45,-5.33%
2025-11-26,34.18,-6.87%
2025-11-25,33.89,-7.13%
2025-11-24,33.69,-7.55%
2025-11-21,32.83,-9.76%
2025-11-20,32.58,-10.12%
2025-11-19,33.37,-8.02%
2025-11-18,33.19,-7.88%
2025-11-17,33.59,-6.09%
2025-11-14,33.87,-7.61%
2025-11-13,33.85,-8.27%
2025-11-12,34.56,-6.49%
2025-11-11,34.58,-6.59%
2025-11-10,34.69,-6.34%
2025-11-07,33.94,-8.32%
2025-11-06,34.04,-6.61%
2025-11-05,34.70,-2.20%
2025-11-04,34.45,-1.63%
2025-11-03,35.18,+0.11%
2025-10-31,35.02,+0.37%
2025-10-30,34.86,-2.52%
2025-10-29,35.38,-1.86%
2025-10-28,35.23,-1.32%
2025-10-27,34.97,-2.04%
2025-10-24,34.35,-3.21%
2025-10-23,33.99,-3.44%
2025-10-22,33.70,-5.79%
2025-10-21,34.03,-4.73%
2025-10-20,34.05,-4.49%
2025-10-17,33.61,-5.11%
2025-10-16,33.40,-5.62%
2025-10-15,33.52,-5.20%
2025-10-14,33.29,-7.14%
2025-10-13,33.52,-5.74%
2025-10-10,32.81,-7.60%
2025-10-09,33.99,-4.39%
2025-10-08,34.05,-3.46%
2025-10-07,33.64,-3.14%
2025-10-06,33.83,-3.73%
2025-10-03,33.57,-3.31%
2025-10-02,33.72,-2.94%
2025-10-01,33.59,-3.17%
2025-09-30,33.43,-5.00%
2025-09-29,33.13,-2.50%
2025-09-26,32.99,-3.43%
2025-09-25,32.84,-3.18%
2025-09-24,32.99,-2.60%
2025-09-23,33.09,-1.87%
2025-09-22,33.33,-0.83%
2025-09-19,33.15,-1.63%
2025-09-18,32.92,+0.21%
2025-09-17,32.61,-1.18%
2025-09-16,32.68,-0.94%
2025-09-15,32.70,-1.33%
2025-09-12,32.43,-1.70%
2025-09-11,32.30,-1.13%
2025-09-10,32.11,+0.41%
2025-09-09,32.09,+1.26%
2025-09-08,31.99,+2.24%
2025-09-05,31.84,-0.96%
2025-09-04,31.81,-1.03%
2025-09-03,31.52,-2.11%
2025-09-02,31.27,-5.93%
2025-08-29,31.52,-3.96%
2025-08-28,31.91,-2.89%
2025-08-27,31.72,-4.63%
2025-08-26,31.67,-4.46%
2025-08-25,31.54,-5.82%
2025-08-22,31.63,-4.44%
2025-08-21,31.15,-7.48%
2025-08-20,31.30,-6.54%
2025-08-19,31.48,-6.23%
2025-08-18,31.92,-3.65%
2025-08-15,31.92,-3.56%
2025-08-14,32.08,-0.71%
2025-08-13,32.11,-0.53%
2025-08-12,32.09,+1.91%
2025-08-11,31.67,+0.73%
2025-08-08,31.79,+1.66%
2025-08-07,31.49,+3.76%
2025-08-06,31.39,+2.25%
2025-08-05,30.99,+1.97%
2025-08-04,31.22,-0.32%
2025-08-01,30.64,-4.49%
2025-07-31,31.26,-4.93%
2025-07-30,31.43,-1.54%
2025-07-29,31.38,-3.06%
2025-07-28,31.44,-2.69%
2025-07-25,31.33,-2.03%
2025-07-24,31.26,-3.28%
2025-07-23,31.18,-7.06%
2025-07-22,31.05,-7.78%
2025-07-21,31.20,-5.91%
2025-07-18,31.05,-7.23%
2025-07-17,31.07,-7.61%
2025-07-16,30.84,-10.97%
2025-07-15,30.81,-11.01%
2025-07-14,30.77,-10.89%
2025-07-11,30.67,-10.66%
2025-07-10,30.73,-12.48%
2025-07-09,30.78,-11.40%
2025-07-08,30.56,-11.96%
2025-07-07,30.54,-11.81%
2025-07-03,30.78,-10.21%
2025-07-02,30.48,-10.33%
2025-07-01,30.26,-10.07%
2025-06-30,30.53,-9.38%
2025-06-27,35.61,+5.14%
2025-06-26,35.48,+4.97%
2025-06-25,35.15,+4.24%
2025-06-24,35.07,+5.22%
2025-06-23,34.54,+2.43%
2025-06-20,34.18,+1.09%
2025-06-18,34.33,+0.76%
2025-06-17,34.33,+0.79%
2025-06-16,34.67,+3.03%
2025-06-13,34.19,+2.03%
2025-06-12,34.63,+3.93%
2025-06-11,34.55,+5.08%
2025-06-10,34.68,+6.22%
2025-06-09,34.45,+5.93%
2025-06-06,34.39,+5.62%
2025-06-05,34.05,+4.51%
2025-06-04,34.33,+7.52%
2025-06-03,34.24,+7.54%
2025-06-02,33.97,+7.06%
2025-05-30,33.73,+6.30%
2025-05-29,33.76,+5.27%
2025-05-28,33.69,+4.30%
2025-05-27,33.85,+5.16%
2025-05-23,33.06,+3.73%
2025-05-22,33.37,+4.25%
2025-05-21,33.32,+4.03%
2025-05-20,33.77,+5.66%
2025-05-19,33.90,+6.81%
2025-05-16,33.87,+6.64%
2025-05-15,33.72,+5.94%
2025-05-14,33.69,+7.43%
2025-05-13,33.50,+7.54%
2025-05-12,32.98,+6.11%
2025-05-09,31.71,+2.29%
2025-05-08,31.71,+2.46%
2025-05-07,31.40,+1.42%
2025-05-06,31.28,+1.00%
2025-05-05,31.56,+3.07%
2025-05-02,31.77,+5.83%
2025-05-01,31.27,+5.50%
2025-04-30,30.93,+3.62%
2025-04-29,30.89,+1.48%
2025-04-28,30.70,+1.22%
2025-04-25,30.71,+2.95%
2025-04-24,30.37,+1.23%
2025-04-23,29.54,-1.20%
2025-04-22,28.88,-1.97%
2025-04-21,28.14,-3.50%
2025-04-17,28.86,-3.61%
2025-04-16,28.86,-4.82%
2025-04-15,29.76,-1.81%
2025-04-14,29.71,-3.57%
2025-04-11,29.54,-5.71%
2025-04-10,28.99,-5.97%
2025-04-09,30.26,-2.70%
2025-04-08,27.01,-12.81%
2025-04-07,27.55,-11.10%
2025-04-04,27.50,-10.13%
2025-04-03,29.27,-5.82%
2025-04-02,30.95,-0.23%
2025-04-01,30.72,-1.88%
2025-03-31,30.47,-6.04%
2025-03-28,32.63,+0.62%
2025-03-27,33.51,+3.17%
2025-03-26,33.71,+4.17%
2025-03-25,34.34,+5.76%
2025-03-24,34.15,+4.82%
2025-03-21,33.43,+2.70%
2025-03-20,33.30,+2.75%
2025-03-19,33.40,+4.24%
2025-03-18,32.97,+3.19%
2025-03-17,33.53,+5.97%
2025-03-14,33.35,+4.19%
2025-03-13,32.54,+1.37%
2025-03-12,33.17,+2.47%
2025-03-11,32.79,+2.79%
2025-03-10,32.89,+2.75%
2025-03-07,34.19,+5.17%
2025-03-06,33.94,+6.03%
2025-03-05,34.91,+9.78%
2025-03-04,34.45,+6.39%
2025-03-03,34.57,+6.30%
2025-02-28,35.35,+11.30%
2025-02-27,34.78,+8.93%
2025-02-26,35.77,+12.27%
2025-02-25,35.69,+11.99%
2025-02-24,36.14,+13.40%
2025-02-21,36.58,+17.77%
2025-02-20,37.35,+19.83%
2025-02-19,37.53,+19.45%
2025-02-18,37.51,+19.38%
2025-02-14,37.43,+18.30%
2025-02-13,37.29,+19.25%
2025-02-12,36.76,+15.71%
2025-02-11,36.72,+15.07%
2025-02-10,36.82,+15.39%
2025-02-07,36.37,+15.28%
2025-02-06,36.85,+18.03%
2025-02-05,36.66,+17.16%
2025-02-04,36.50,+16.43%
2025-02-03,36.05,+14.99%
2025-01-31,36.35,+19.38%
2025-01-30,36.40,+17.23%
2025-01-29,36.24,+15.93%
2025-01-28,36.33,+17.38%
2025-01-27,35.76,+15.54%
2025-01-24,36.85,+18.53%
2025-01-23,37.07,+19.89%
2025-01-22,36.99,+20.14%
2025-01-21,36.50,+18.66%
2025-01-17,36.29,+22.02%
2025-01-16,35.70,+19.40%
2025-01-15,35.94,+20.16%
2025-01-14,35.13,+17.45%
2025-01-13,35.18,+17.62%
2025-01-10,35.28,+18.23%
2025-01-08,35.85,+21.20%
2025-01-07,35.83,+23.68%
2025-01-06,36.49,+25.96%
2025-01-03,36.09,+24.11%
2025-01-02,35.50,+20.79%
2024-12-31,35.56,+2.98%
2024-12-30,37.18,+7.67%
2024-12-27,37.67,+8.56%
2024-12-26,38.18,+10.22%
2024-12-24,38.24,+11.07%
2024-12-23,37.72,+9.56%
2024-12-20,37.34,+9.92%
2024-12-19,37.03,+7.33%
2024-12-18,37.20,+8.36%
2024-12-17,38.59,+13.13%
2024-12-16,38.76,+13.63%
2024-12-13,38.21,+12.42%
2024-12-12,37.92,+12.99%
2024-12-11,38.18,+14.69%
2024-12-10,37.48,+13.54%
2024-12-09,37.61,+13.94%
2024-12-06,37.93,+17.07%
2024-12-05,37.58,+15.35%
2024-12-04,37.70,+15.96%
2024-12-03,37.24,+13.43%
2024-12-02,37.13,+13.10%
2024-11-29,36.71,+11.89%
2024-11-27,36.39,+11.08%
2024-11-26,36.70,+11.89%
2024-11-25,36.49,+11.25%
2024-11-22,36.44,+10.96%
2024-11-21,36.38,+11.25%
2024-11-20,36.25,+10.22%
2024-11-19,36.28,+11.63%
2024-11-18,36.03,+10.86%
2024-11-15,35.77,+10.20%
2024-11-14,36.66,+12.97%
2024-11-13,36.90,+16.15%
2024-11-12,36.96,+15.97%
2024-11-11,37.02,+16.16%
2024-11-08,37.04,+17.85%
2024-11-07,37.02,+17.94%
2024-11-06,36.45,+17.20%
2024-11-05,35.48,+14.49%
2024-11-04,35.02,+13.00%
2024-11-01,35.14,+16.74%
2024-10-31,34.89,+17.99%
2024-10-30,35.76,+21.55%
2024-10-29,36.05,+23.88%
2024-10-28,35.70,+22.68%
2024-10-25,35.70,+20.98%
2024-10-24,35.49,+17.28%
2024-10-23,35.20,+17.45%
2024-10-22,35.77,+19.71%
2024-10-21,35.72,+19.54%
2024-10-18,35.65,+16.50%
2024-10-17,35.42,+14.15%
2024-10-16,35.39,+13.65%
2024-10-15,35.36,+14.92%
2024-10-14,35.85,+16.51%
2024-10-11,35.56,+13.68%
2024-10-10,35.51,+14.36%
2024-10-09,35.55,+15.12%
2024-10-08,35.27,+14.77%
2024-10-07,34.73,+13.02%
2024-10-04,35.14,+15.90%
2024-10-03,34.72,+16.16%
2024-10-02,34.74,+14.09%
2024-10-01,34.69,+9.71%
2024-09-30,35.19,+11.29%
2024-09-27,33.98,+8.46%
2024-09-26,34.16,+9.31%
2024-09-25,33.92,+6.90%
2024-09-24,33.87,+7.22%
2024-09-23,33.72,+6.74%
2024-09-20,33.61,+4.51%
2024-09-19,33.70,+3.25%
2024-09-18,32.85,+0.43%
2024-09-17,33.00,+1.04%
2024-09-16,32.99,+1.01%
2024-09-13,33.14,+0.49%
2024-09-12,32.99,+0.43%
2024-09-11,32.67,-1.66%
2024-09-10,31.98,-2.59%
2024-09-09,31.69,-3.47%
2024-09-06,31.29,-5.27%
2024-09-05,32.15,-3.51%
2024-09-04,32.14,-3.43%
2024-09-03,32.20,-3.25%
2024-08-30,33.24,+0.06%
2024-08-29,32.82,-0.67%
2024-08-28,32.86,+1.61%
2024-08-27,33.26,+3.61%
2024-08-26,33.15,+3.27%
2024-08-23,33.49,+2.89%
2024-08-22,33.10,+3.34%
2024-08-21,33.67,+4.92%
2024-08-20,33.49,+6.08%
2024-08-19,33.57,+6.34%
2024-08-16,33.13,+3.66%
2024-08-15,33.10,+2.45%
2024-08-14,32.31,-1.10%
2024-08-13,32.28,-0.03%
2024-08-12,31.49,-2.48%
2024-08-09,31.44,-3.11%
2024-08-08,31.27,-4.69%
2024-08-07,30.35,-8.31%
2024-08-06,30.70,-6.46%
2024-08-05,30.39,-7.40%
2024-08-02,31.32,-5.15%
2024-08-01,32.08,-5.00%
2024-07-31,32.88,-2.87%
2024-07-30,31.92,-5.67%
2024-07-29,32.37,-4.34%
2024-07-26,32.31,-2.97%
2024-07-25,31.98,-4.34%
2024-07-24,32.32,-2.62%
2024-07-23,33.55,+1.24%
2024-07-22,33.67,+1.60%
2024-07-19,33.16,-2.47%
2024-07-18,33.47,-1.67%
2024-07-17,33.63,-0.39%
2024-07-16,34.64,+3.59%
2024-07-15,34.62,+3.53%
2024-07-12,34.53,+4.99%
2024-07-11,34.33,+5.70%
2024-07-10,35.11,+8.60%
2024-07-09,34.74,+7.52%
2024-07-08,34.71,+7.43%
2024-07-05,34.63,+6.00%
2024-07-03,34.28,+4.90%
2024-07-02,33.99,+4.23%
2024-07-01,33.65,+3.19%
2024-06-28,33.69,-3.55%
2024-06-27,33.87,-2.92%
2024-06-26,33.80,-1.43%
2024-06-25,33.72,-2.99%
2024-06-24,33.33,-4.11%
2024-06-21,33.72,-2.85%
2024-06-20,33.81,-3.89%
2024-06-18,34.07,-3.24%
2024-06-17,34.06,-3.27%
2024-06-14,33.65,-3.94%
2024-06-13,33.51,-3.68%
2024-06-12,33.32,-3.45%
2024-06-11,32.88,-3.07%
2024-06-10,32.65,-3.74%
2024-06-07,32.52,-2.61%
2024-06-06,32.56,-4.21%
2024-06-05,32.58,-4.12%
2024-06-04,31.93,-5.98%
2024-06-03,31.84,-6.24%
2024-05-31,31.73,-4.66%
2024-05-30,31.73,-5.31%
2024-05-29,32.07,-3.92%
2024-05-28,32.30,-3.24%
2024-05-24,32.19,+1.35%
2024-05-23,31.87,-0.16%
2024-05-22,32.01,-0.99%
2024-05-21,32.03,-0.59%
2024-05-20,31.96,-0.81%
2024-05-17,31.74,+0.06%
2024-05-16,31.76,+1.34%
2024-05-15,31.83,+1.66%
2024-05-14,31.36,+0.71%
2024-05-13,31.15,+0.03%
2024-05-10,31.08,-0.26%
2024-05-09,31.00,+0.58%
2024-05-08,30.95,-0.26%
2024-05-07,30.96,+0.03%
2024-05-06,30.97,+0.06%
2024-05-03,30.62,+0.66%
2024-05-02,30.02,-1.93%
2024-05-01,29.64,-4.05%
2024-04-30,29.85,-3.46%
2024-04-29,30.44,-1.55%
2024-04-26,30.33,+1.44%
2024-04-25,29.83,+0.40%
2024-04-24,30.00,-0.92%
2024-04-23,29.90,-1.48%
2024-04-22,29.46,-2.93%
2024-04-19,29.16,-4.58%
2024-04-18,29.77,-2.59%
2024-04-17,29.94,-2.00%
2024-04-16,30.32,-0.69%
2024-04-15,30.31,-0.72%
2024-04-12,30.81,+2.73%
2024-04-11,31.33,+3.54%
2024-04-10,30.83,+1.18%
2024-04-09,31.10,+2.00%
2024-04-08,30.98,+1.61%
2024-04-05,30.99,+2.38%
2024-04-04,30.60,+0.07%
2024-04-03,31.08,+1.27%
2024-04-02,31.02,+0.81%
2024-04-01,31.31,+1.75%
2024-03-28,32.43,+9.75%
2024-03-27,32.48,+9.40%
2024-03-26,32.36,+8.19%
2024-03-25,32.47,+8.56%
2024-03-22,32.58,+10.63%
2024-03-21,32.55,+9.05%
2024-03-20,32.41,+10.13%
2024-03-19,32.04,+9.24%
2024-03-18,31.95,+8.93%
2024-03-15,31.64,+10.21%
2024-03-14,32.01,+12.00%
2024-03-13,32.10,+14.89%
2024-03-12,32.37,+16.77%
2024-03-11,31.90,+15.08%
2024-03-08,32.01,+11.84%
2024-03-07,32.51,+14.19%
2024-03-06,32.01,+11.03%
2024-03-05,31.80,+10.42%
2024-03-04,32.38,+12.43%
2024-03-01,32.52,+16.27%
2024-02-29,32.06,+14.62%
2024-02-28,31.76,+12.54%
2024-02-27,31.93,+13.03%
2024-02-26,31.86,+13.58%
2024-02-23,31.87,+11.67%
2024-02-22,31.99,+13.16%
2024-02-21,31.06,+9.91%
2024-02-20,31.17,+7.63%
2024-02-16,31.42,+7.79%
2024-02-15,31.71,+6.66%
2024-02-14,31.64,+7.25%
2024-02-13,31.27,+6.76%
2024-02-12,31.77,+10.20%
2024-02-09,31.91,+10.00%
2024-02-08,31.60,+7.92%
2024-02-07,31.55,+5.80%
2024-02-06,31.22,+6.92%
2024-02-05,31.29,+6.21%
2024-02-02,31.35,+4.50%
2024-02-01,30.82,+6.39%
2024-01-31,30.45,+7.37%
2024-01-30,31.05,+11.25%
2024-01-29,31.26,+9.65%
2024-01-26,30.95,+9.60%
2024-01-25,31.12,+12.43%
2024-01-24,31.09,+12.00%
2024-01-23,30.92,+11.14%
2024-01-22,30.79,+13.12%
2024-01-19,30.76,+16.21%
2024-01-18,30.17,+12.87%
2024-01-17,29.74,+9.82%
2024-01-16,29.90,+10.58%
2024-01-12,29.91,+11.40%
2024-01-11,29.89,+11.86%
2024-01-10,29.84,+13.63%
2024-01-09,29.63,+13.83%
2024-01-08,29.58,+14.34%
2024-01-05,28.97,+15.10%
2024-01-04,28.93,+13.14%
2024-01-03,29.08,+14.26%
2024-01-02,29.39,+22.87%
2023-12-29,34.53,+44.24%
2023-12-28,34.68,+48.52%
2023-12-27,34.70,+46.66%
2023-12-26,34.64,+44.21%
2023-12-22,34.43,+43.76%
2023-12-21,34.39,+40.02%
2023-12-20,33.97,+40.31%
2023-12-19,34.50,+42.39%
2023-12-18,34.33,+39.67%
2023-12-15,34.11,+37.54%
2023-12-14,33.94,+32.22%
2023-12-13,33.99,+31.39%
2023-12-12,33.56,+31.14%
2023-12-11,33.29,+31.69%
2023-12-08,33.01,+29.76%
2023-12-07,32.88,+30.79%
2023-12-06,32.40,+28.32%
2023-12-05,32.58,+26.43%
2023-12-04,32.51,+23.99%
2023-12-01,32.83,+24.69%
2023-11-30,32.73,+24.45%
2023-11-29,32.81,+30.46%
2023-11-28,32.86,+29.73%
2023-11-27,32.76,+27.47%
2023-11-24,32.80,+26.74%
2023-11-22,32.84,+28.13%
2023-11-21,32.70,+29.45%
2023-11-20,32.89,+28.83%
2023-11-17,32.50,+27.30%
2023-11-16,32.49,+27.01%
2023-11-15,32.46,+25.09%
2023-11-14,32.45,+26.86%
2023-11-13,31.77,+22.95%
2023-11-10,31.87,+25.62%
2023-11-09,31.17,+32.02%
2023-11-08,31.43,+29.98%
2023-11-07,31.39,+30.79%
2023-11-06,31.10,+31.00%
2023-11-03,30.99,+32.61%
2023-11-02,30.62,+28.44%
2023-11-01,30.10,+21.96%
2023-10-31,29.57,+18.56%
2023-10-30,29.42,+16.56%
2023-10-27,29.10,+18.92%
2023-10-26,28.96,+16.12%
2023-10-25,29.51,+15.68%
2023-10-24,30.26,+21.09%
2023-10-23,29.97,+21.19%
2023-10-20,29.88,+23.73%
2023-10-19,30.34,+25.01%
2023-10-18,30.60,+25.56%
2023-10-17,31.03,+28.28%
2023-10-16,31.14,+33.19%
2023-10-13,30.77,+27.57%
2023-10-12,31.16,+32.15%
2023-10-11,31.28,+32.60%
2023-10-10,31.05,+29.97%
2023-10-09,30.88,+27.92%
2023-10-06,30.73,+22.38%
2023-10-05,30.22,+19.45%
2023-10-04,30.32,+19.75%
2023-10-03,29.89,+21.75%
2023-10-02,30.45,+26.93%
2023-09-29,31.62,+36.88%
2023-09-28,31.59,+32.84%
2023-09-27,31.33,+34.35%
2023-09-26,31.25,+34.18%
2023-09-25,31.73,+35.60%
2023-09-22,31.59,+32.73%
2023-09-21,31.57,+31.10%
2023-09-20,32.16,+31.16%
2023-09-19,32.64,+31.99%
2023-09-18,32.71,+33.29%
2023-09-15,32.66,+32.33%
2023-09-14,33.25,+32.42%
2023-09-13,32.98,+32.45%
2023-09-12,32.85,+24.62%
2023-09-11,33.22,+27.52%
2023-09-08,32.83,+28.80%
2023-09-07,32.78,+29.21%
2023-09-06,33.03,+32.92%
2023-09-05,33.32,+33.12%
2023-09-01,33.28,+31.02%
2023-08-31,33.30,+31.15%
2023-08-30,33.22,+30.07%
2023-08-29,33.04,+27.91%
2023-08-28,32.34,+24.00%
2023-08-25,32.10,+18.06%
2023-08-24,31.83,+19.08%
2023-08-23,32.55,+22.14%
2023-08-22,32.03,+20.10%
2023-08-21,32.09,+17.12%
2023-08-18,31.57,+12.99%
2023-08-17,31.62,+13.46%
2023-08-16,31.96,+13.29%
2023-08-15,32.31,+14.25%
2023-08-14,32.67,+16.39%
2023-08-11,32.29,+17.42%
2023-08-10,32.50,+17.41%
2023-08-09,32.45,+20.59%
2023-08-08,32.81,+20.49%
2023-08-07,33.10,+21.11%
2023-08-04,32.82,+19.17%
2023-08-03,32.99,+20.31%
2023-08-02,33.02,+23.72%
2023-08-01,33.77,+26.15%
2023-07-31,33.85,+26.35%
2023-07-28,33.84,+28.62%
2023-07-27,33.23,+27.46%
2023-07-26,33.30,+33.15%
2023-07-25,33.43,+31.05%
2023-07-24,33.19,+29.40%
2023-07-21,33.14,+26.92%
2023-07-20,33.23,+29.10%
2023-07-19,34.00,+34.18%
2023-07-18,34.04,+38.54%
2023-07-17,33.76,+36.18%
2023-07-14,33.44,+37.33%
2023-07-13,33.46,+37.87%
2023-07-12,32.89,+35.35%
2023-07-11,32.48,+32.36%
2023-07-10,32.33,+28.86%
2023-07-07,32.31,+28.98%
2023-07-06,32.42,+32.22%
2023-07-05,32.67,+34.06%
2023-07-03,32.68,+36.34%
2023-06-30,32.61,+37.02%
2023-06-29,34.88,+55.30%
2023-06-28,34.93,+55.80%
2023-06-27,34.89,+50.78%
2023-06-26,34.29,+47.04%
2023-06-23,34.76,+54.21%
2023-06-22,35.12,+58.13%
2023-06-21,34.71,+56.00%
2023-06-20,35.18,+62.05%
2023-06-19,35.21,+62.18%
2023-06-18,35.21,+62.18%
2023-06-16,35.21,+64.23%
2023-06-15,35.45,+58.68%
2023-06-14,35.03,+60.76%
2023-06-13,34.79,+59.95%
2023-06-12,34.51,+51.36%
2023-06-11,33.92,+48.77%
2023-06-09,33.92,+43.49%
2023-06-08,33.81,+39.14%
2023-06-07,33.39,+36.34%
2023-06-06,33.99,+40.05%
2023-06-05,33.98,+40.53%
2023-06-04,33.96,+40.45%
2023-06-02,33.96,+36.71%
2023-06-01,33.71,+39.41%
2023-05-31,33.28,+36.62%
2023-05-30,33.51,+37.17%
2023-05-29,33.38,+36.64%
2023-05-28,33.38,+36.64%
2023-05-26,33.38,+41.14%
2023-05-25,32.54,+41.42%
2023-05-24,31.76,+40.04%
2023-05-23,31.92,+37.65%
2023-05-22,32.33,+41.80%
2023-05-21,32.22,+41.32%
2023-05-19,32.22,+40.82%
2023-05-18,32.30,+40.56%
2023-05-17,31.72,+31.02%
2023-05-16,31.34,+32.85%
2023-05-15,31.31,+31.17%
2023-05-14,31.14,+30.46%
2023-05-12,31.14,+35.33%
2023-05-11,31.26,+35.56%
2023-05-10,31.16,+30.98%
2023-05-09,30.82,+31.26%
2023-05-08,31.03,+26.86%
2023-05-05,30.95,+25.00%
2023-05-04,30.31,+16.22%
2023-05-03,30.42,+20.62%
2023-05-02,30.61,+21.52%
2023-05-01,30.89,+24.71%
2023-04-28,30.92,+19.29%
2023-04-27,30.72,+22.63%
2023-04-26,29.90,+19.31%
2023-04-25,29.71,+13.96%
2023-04-24,30.28,+17.68%
2023-04-21,30.35,+14.83%
2023-04-20,30.32,+12.42%
2023-04-19,30.56,+11.61%
2023-04-18,30.56,+14.03%
2023-04-17,30.55,+14.12%
2023-04-14,30.53,+14.05%
2023-04-13,30.60,+11.72%
2023-04-12,29.99,+11.65%
2023-04-11,30.26,+12.28%
2023-04-10,30.47,+10.40%
2023-04-06,30.49,+9.17%
2023-04-05,30.27,+6.02%
2023-04-04,30.58,+4.69%
2023-04-03,30.69,+7.20%
2023-03-31,30.77,+7.63%
2023-03-30,30.37,+6.08%
2023-03-29,30.10,+3.97%
2023-03-28,29.55,+3.79%
2023-03-27,29.69,+5.92%
2023-03-24,29.91,+6.63%
2023-03-23,29.83,+8.71%
2023-03-22,29.45,+5.78%
2023-03-21,29.85,+9.30%
2023-03-20,29.43,+7.45%
2023-03-17,29.33,+9.36%
2023-03-16,29.48,+11.20%
2023-03-15,28.71,+12.28%
2023-03-14,28.58,+15.33%
2023-03-13,27.94,+10.57%
2023-03-10,27.72,+7.36%
2023-03-09,28.11,+7.70%
2023-03-08,28.62,+13.57%
2023-03-07,28.47,+12.53%
2023-03-06,28.83,+9.66%
2023-03-03,28.80,+8.03%
2023-03-02,28.22,+4.29%
2023-03-01,27.97,+5.11%
2023-02-28,28.22,+4.33%
2023-02-27,28.25,+4.82%
2023-02-24,28.05,+5.65%
2023-02-23,28.54,+11.22%
2023-02-22,28.27,+7.29%
2023-02-21,28.26,+6.20%
2023-02-17,28.96,+7.58%
2023-02-16,29.15,+5.08%
2023-02-15,29.73,+7.06%
2023-02-14,29.50,+8.86%
2023-02-13,29.29,+8.16%
2023-02-10,28.83,+3.22%
2023-02-09,29.01,+1.43%
2023-02-08,29.28,+4.53%
2023-02-07,29.82,+7.73%
2023-02-06,29.20,+4.62%
2023-02-03,29.46,+6.93%
2023-02-02,30.00,+4.31%
2023-02-01,28.97,+1.54%
2023-01-31,28.36,0%
2023-01-30,27.91,+1.64%
2023-01-27,28.51,+7.18%
2023-01-26,28.24,+4.90%
2023-01-25,27.68,+2.98%
2023-01-24,27.76,+0.73%
2023-01-23,27.82,+1.42%
2023-01-20,27.22,-3.48%
2023-01-19,26.47,-7.38%
2023-01-18,26.73,-7.48%
2023-01-17,27.08,-8.70%
2023-01-13,27.04,-8.15%
2023-01-12,26.85,-11.12%
2023-01-11,26.72,-11.23%
2023-01-10,26.26,-11.46%
2023-01-09,26.03,-12.12%
2023-01-06,25.87,-13.62%
2023-01-05,25.17,-15.99%
2023-01-04,25.57,-17.30%
2023-01-03,25.45,-18.82%
2022-12-30,23.92,-26.56%
2022-12-29,23.94,-26.77%
2022-12-28,23.35,-28.57%
2022-12-27,23.66,-27.98%
2022-12-23,24.02,-25.70%
2022-12-22,23.95,-25.34%
2022-12-21,24.56,-22.50%
2022-12-20,24.21,-21.85%
2022-12-19,24.23,-22.66%
2022-12-16,24.58,-21.84%
2022-12-15,24.80,-23.20%
2022-12-14,25.67,-18.64%
2022-12-13,25.87,-18.85%
2022-12-12,25.59,-20.97%
2022-12-09,25.28,-21.05%
2022-12-08,25.44,-21.72%
2022-12-07,25.14,-22.34%
2022-12-06,25.25,-19.64%
2022-12-05,25.77,-17.27%
2022-12-02,26.22,-17.29%
2022-12-01,26.33,-16.36%
2022-11-30,26.30,-17.79%
2022-11-29,25.15,-22.64%
2022-11-28,25.33,-20.27%
2022-11-25,25.70,-20.80%
2022-11-23,25.88,-19.95%
2022-11-22,25.63,-21.09%
2022-11-21,25.26,-23.13%
2022-11-18,25.53,-21.88%
2022-11-17,25.53,-21.03%
2022-11-16,25.58,-20.88%
2022-11-15,25.95,-19.16%
2022-11-14,25.58,-20.36%
2022-11-11,25.84,-18.69%
2022-11-10,25.37,-19.94%
2022-11-09,23.61,-26.59%
2022-11-08,24.18,-25.35%
2022-11-07,24.00,-25.99%
2022-11-04,23.74,-26.75%
2022-11-03,23.37,-26.99%
2022-11-02,23.84,-24.72%
2022-11-01,24.68,-21.73%
2022-10-31,24.94,-20.62%
2022-10-28,25.24,-19.31%
2022-10-27,24.47,-20.86%
2022-10-26,24.94,-19.16%
2022-10-25,25.51,-17.07%
2022-10-24,24.99,-17.90%
2022-10-21,24.73,-19.47%
2022-10-20,24.15,-20.85%
2022-10-19,24.27,-20.56%
2022-10-18,24.37,-19.65%
2022-10-17,24.19,-19.45%
2022-10-14,23.38,-21.65%
2022-10-13,24.12,-17.65%
2022-10-12,23.58,-18.89%
2022-10-11,23.59,-19.13%
2022-10-10,23.89,-18.69%
2022-10-07,24.14,-18.25%
2022-10-06,25.11,-14.24%
2022-10-05,25.30,-13.03%
2022-10-04,25.32,-11.75%
2022-10-03,24.55,-16.30%
2022-09-30,23.99,-17.62%
2022-09-29,23.10,-24.76%
2022-09-28,23.78,-22.64%
2022-09-27,23.32,-26.30%
2022-09-26,23.29,-26.99%
2022-09-23,23.40,-26.60%
2022-09-22,23.80,-24.66%
2022-09-21,24.08,-23.02%
2022-09-20,24.52,-21.51%
2022-09-19,24.73,-22.50%
2022-09-16,24.54,-24.00%
2022-09-15,24.68,-23.52%
2022-09-14,25.11,-21.56%
2022-09-13,24.90,-22.48%
2022-09-12,26.36,-17.98%
2022-09-09,26.05,-19.57%
2022-09-08,25.49,-21.59%
2022-09-07,25.37,-22.23%
2022-09-06,24.85,-23.73%
2022-09-02,25.03,-22.94%
2022-09-01,25.40,-21.82%
2022-08-31,25.39,-21.71%
2022-08-30,25.54,-21.37%
2022-08-29,25.83,-19.58%
2022-08-26,26.08,-17.99%
2022-08-25,27.19,-15.00%
2022-08-24,26.73,-16.36%
2022-08-23,26.65,-16.38%
2022-08-22,26.67,-15.09%
2022-08-19,27.40,-11.84%
2022-08-18,27.94,-9.64%
2022-08-17,27.87,-10.73%
2022-08-16,28.21,-10.47%
2022-08-15,28.28,-10.22%
2022-08-12,28.07,-10.61%
2022-08-11,27.50,-12.08%
2022-08-10,27.68,-11.65%
2022-08-09,26.91,-14.57%
2022-08-08,27.23,-13.42%
2022-08-05,27.33,-13.51%
2022-08-04,27.54,-12.27%
2022-08-03,27.42,-12.54%
2022-08-02,26.69,-14.29%
2022-08-01,26.77,-14.01%
2022-07-29,26.79,-14.46%
2022-07-28,26.31,-15.83%
2022-07-27,26.07,-16.25%
2022-07-26,25.01,-20.55%
2022-07-25,25.51,-18.89%
2022-07-22,25.65,-17.50%
2022-07-21,26.11,-15.47%
2022-07-20,25.74,-16.02%
2022-07-19,25.34,-16.31%
2022-07-18,24.57,-19.57%
2022-07-15,24.79,-19.49%
2022-07-14,24.35,-21.48%
2022-07-13,24.27,-21.61%
2022-07-12,24.30,-21.51%
2022-07-11,24.54,-20.48%
2022-07-08,25.09,-18.11%
2022-07-07,25.05,-18.72%
2022-07-06,24.52,-20.31%
2022-07-05,24.37,-20.49%
2022-07-01,23.97,-20.89%
2022-06-30,23.80,-21.43%
2022-06-29,22.46,-36.93%
2022-06-28,22.42,-36.85%
2022-06-27,23.14,-34.00%
2022-06-24,23.32,-33.58%
2022-06-23,22.54,-35.38%
2022-06-22,22.21,-36.31%
2022-06-21,22.25,-35.60%
2022-06-17,21.71,-37.27%
2022-06-16,21.44,-37.25%
2022-06-15,22.34,-34.85%
2022-06-14,21.79,-36.90%
2022-06-13,21.75,-36.42%
2022-06-10,22.80,-33.18%
2022-06-09,23.64,-29.98%
2022-06-08,24.30,-28.00%
2022-06-07,24.49,-27.39%
2022-06-06,24.27,-27.88%
2022-06-03,24.18,-26.86%
2022-06-02,24.84,-25.67%
2022-06-01,24.18,-27.54%
2022-05-31,24.36,-27.17%
2022-05-27,24.43,-26.81%
2022-05-26,23.65,-29.38%
2022-05-25,23.01,-31.07%
2022-05-24,22.68,-31.97%
2022-05-23,23.19,-29.26%
2022-05-20,22.80,-30.87%
2022-05-19,22.88,-29.27%
2022-05-18,22.98,-28.85%
2022-05-17,24.21,-25.58%
2022-05-16,23.59,-27.93%
2022-05-13,23.87,-25.50%
2022-05-12,23.01,-27.57%
2022-05-11,23.06,-29.33%
2022-05-10,23.79,-27.14%
2022-05-09,23.48,-29.97%
2022-05-06,24.46,-26.48%
2022-05-05,24.76,-24.97%
2022-05-04,26.08,-21.21%
2022-05-03,25.22,-25.21%
2022-05-02,25.19,-25.63%
2022-04-29,24.77,-27.45%
2022-04-28,25.92,-23.70%
2022-04-27,25.05,-26.58%
2022-04-26,25.06,-26.90%
2022-04-25,26.07,-23.48%
2022-04-22,25.73,-23.49%
2022-04-21,26.43,-22.38%
2022-04-20,26.97,-20.09%
2022-04-19,27.38,-19.45%
2022-04-18,26.80,-21.91%
2022-04-14,26.77,-20.63%
2022-04-13,27.39,-19.87%
2022-04-12,26.86,-20.46%
2022-04-11,26.95,-20.34%
2022-04-08,27.60,-17.91%
2022-04-07,28.00,-15.87%
2022-04-06,27.93,-15.82%
2022-04-05,28.55,-14.08%
2022-04-04,29.21,-10.32%
2022-04-01,28.63,-12.10%
2022-03-31,28.59,-10.63%
2022-03-30,28.63,-19.33%
2022-03-29,28.95,-18.86%
2022-03-28,28.47,-20.30%
2022-03-25,28.03,-20.30%
2022-03-24,28.05,-20.36%
2022-03-23,27.44,-23.39%
2022-03-22,27.84,-22.69%
2022-03-21,27.31,-22.87%
2022-03-18,27.39,-22.17%
2022-03-17,26.82,-26.18%
2022-03-16,26.51,-26.75%
2022-03-15,25.57,-28.97%
2022-03-14,24.78,-30.39%
2022-03-11,25.27,-29.65%
2022-03-10,25.82,-26.42%
2022-03-09,26.10,-25.87%
2022-03-08,25.20,-25.55%
2022-03-07,25.30,-27.42%
2022-03-04,26.29,-23.35%
2022-03-03,26.66,-23.61%
2022-03-02,27.06,-24.71%
2022-03-01,26.61,-27.20%
2022-02-28,27.05,-23.87%
2022-02-25,26.95,-23.65%
2022-02-24,26.55,-27.48%
2022-02-23,25.66,-29.33%
2022-02-22,26.35,-27.59%
2022-02-18,26.61,-29.10%
2022-02-17,26.92,-28.59%
2022-02-16,27.74,-26.81%
2022-02-15,27.77,-26.92%
2022-02-14,27.10,-28.68%
2022-02-11,27.08,-28.36%
2022-02-10,27.93,-25.68%
2022-02-09,28.60,-24.08%
2022-02-08,28.01,-25.68%
2022-02-07,27.68,-26.07%
2022-02-04,27.91,-25.21%
2022-02-03,27.55,-25.30%
2022-02-02,28.76,-22.33%
2022-02-01,28.53,-21.75%
2022-01-31,28.36,-20.27%
2022-01-28,27.46,-24.42%
2022-01-27,26.60,-26.27%
2022-01-26,26.92,-27.48%
2022-01-25,26.88,-27.55%
2022-01-24,27.56,-25.07%
2022-01-21,27.43,-25.64%
2022-01-20,28.20,-22.93%
2022-01-19,28.58,-20.10%
2022-01-18,28.89,-18.02%
2022-01-14,29.66,-16.45%
2022-01-13,29.44,-17.54%
2022-01-12,30.21,-14.85%
2022-01-11,30.10,-15.24%
2022-01-10,29.66,-17.75%
2022-01-07,29.62,-16.82%
2022-01-06,29.95,-13.79%
2022-01-05,29.96,-14.96%
2022-01-04,30.92,-11.48%
2022-01-03,31.35,-11.62%
2021-12-31,31.00,-12.60%
2021-12-30,32.57,-14.87%
2021-12-29,32.69,-14.54%
2021-12-28,32.69,-14.51%
2021-12-27,32.85,-13.23%
2021-12-23,32.33,-14.22%
2021-12-22,32.08,-15.31%
2021-12-21,31.69,-16.16%
2021-12-20,30.98,-18.34%
2021-12-17,31.33,-17.51%
2021-12-16,31.45,-16.64%
2021-12-15,32.29,-13.94%
2021-12-14,31.55,-15.01%
2021-12-13,31.88,-13.51%
2021-12-10,32.38,-12.34%
2021-12-09,32.02,-13.06%
2021-12-08,32.50,-13.66%
2021-12-07,32.37,-13.73%
2021-12-06,31.42,-15.81%
2021-12-03,31.15,-16.11%
2021-12-02,31.70,-14.56%
2021-12-01,31.48,-15.15%
2021-11-30,31.99,-12.45%
2021-11-29,32.51,-10.96%
2021-11-26,31.77,-12.24%
2021-11-24,32.45,-9.81%
2021-11-23,32.33,-8.83%
2021-11-22,32.48,-8.40%
2021-11-19,32.86,-7.96%
2021-11-18,32.68,-7.76%
2021-11-17,32.33,-9.39%
2021-11-16,32.33,-9.64%
2021-11-15,32.10,-9.73%
2021-11-12,32.12,-8.83%
2021-11-11,31.78,-10.28%
2021-11-10,31.69,-8.46%
2021-11-09,32.16,-8.74%
2021-11-08,32.39,-10.05%
2021-11-05,32.43,-9.84%
2021-11-04,32.41,-7.61%
2021-11-03,32.01,-4.73%
2021-11-02,31.67,-4.09%
2021-11-01,31.53,-4.22%
2021-10-29,31.42,-7.07%
2021-10-28,31.28,-5.75%
2021-10-27,30.92,-10.51%
2021-10-26,30.85,-9.98%
2021-10-25,30.76,-11.69%
2021-10-22,30.44,-12.38%
2021-10-21,30.71,-11.63%
2021-10-20,30.51,-12.28%
2021-10-19,30.55,-11.83%
2021-10-18,30.33,-14.08%
2021-10-15,30.03,-15.27%
2021-10-14,29.84,-16.41%
2021-10-13,29.29,-18.62%
2021-10-12,29.07,-19.25%
2021-10-11,29.17,-16.49%
2021-10-08,29.38,-14.59%
2021-10-07,29.53,-13.81%
2021-10-06,29.28,-12.93%
2021-10-05,29.09,-15.14%
2021-10-04,28.69,-14.43%
2021-10-01,29.33,-14.99%
2021-09-30,29.12,-14.38%
2021-09-29,30.70,-8.22%
2021-09-28,30.74,-8.43%
2021-09-27,31.64,-3.95%
2021-09-24,31.90,-0.90%
2021-09-23,31.88,-0.38%
2021-09-22,31.59,-4.42%
2021-09-21,31.28,-3.58%
2021-09-20,31.24,-3.31%
2021-09-17,31.91,-2.54%
2021-09-16,32.29,-2.83%
2021-09-15,32.27,-4.50%
2021-09-14,32.01,-3.93%
2021-09-13,32.12,-1.95%
2021-09-10,32.14,-2.46%
2021-09-09,32.39,-3.80%
2021-09-08,32.51,-0.58%
2021-09-07,32.62,-5.01%
2021-09-03,32.58,-6.33%
2021-09-02,32.48,-11.47%
2021-09-01,32.49,-10.55%
2021-08-31,32.43,-9.36%
2021-08-30,32.48,-8.35%
2021-08-27,32.12,-8.83%
2021-08-26,31.80,-10.09%
2021-08-25,31.99,-7.62%
2021-08-24,31.96,-6.96%
2021-08-23,31.87,-6.65%
2021-08-20,31.41,-7.37%
2021-08-19,31.08,-7.06%
2021-08-18,30.92,-8.19%
2021-08-17,31.22,-6.39%
2021-08-16,31.51,-4.46%
2021-08-13,31.50,-4.60%
2021-08-12,31.40,-4.73%
2021-08-11,31.28,-2.65%
2021-08-10,31.33,-4.34%
2021-08-09,31.50,-4.28%
2021-08-06,31.45,-5.53%
2021-08-05,31.60,-3.86%
2021-08-04,31.39,-4.24%
2021-08-03,31.35,-4.01%
2021-08-02,31.14,-3.35%
2021-07-30,31.13,-1.67%
2021-07-29,31.32,-0.57%
2021-07-28,31.26,+0.45%
2021-07-27,31.13,-1.30%
2021-07-26,31.48,+1.65%
2021-07-23,31.45,+0.61%
2021-07-22,31.09,-3.21%
2021-07-21,30.89,-3.47%
2021-07-20,30.65,-5.28%
2021-07-19,30.28,-3.72%
2021-07-16,30.55,-2.68%
2021-07-15,30.79,-2.62%
2021-07-14,31.01,-1.80%
2021-07-13,30.96,-1.15%
2021-07-12,30.96,-3.28%
2021-07-09,30.86,-2.86%
2021-07-08,30.64,-2.76%
2021-07-07,30.82,-0.87%
2021-07-06,30.77,-1.79%
2021-07-02,30.65,+0.33%
2021-07-01,30.30,-0.23%
2021-06-30,30.29,+0.93%
2021-06-29,35.61,+23.30%
2021-06-28,35.50,+24.30%
2021-06-25,35.06,+19.70%
2021-06-24,35.11,+21.07%
2021-06-23,34.88,+17.84%
2021-06-22,34.87,+18.73%
2021-06-21,34.55,+19.06%
2021-06-18,34.33,+18.26%
2021-06-17,34.61,+19.59%
2021-06-16,34.17,+18.44%
2021-06-15,34.29,+20.95%
2021-06-14,34.53,+23.23%
2021-06-11,34.21,+23.06%
2021-06-10,34.12,+16.57%
2021-06-09,33.76,+16.82%
2021-06-08,33.75,+17.55%
2021-06-07,33.73,+18.43%
2021-06-04,33.65,+20.52%
2021-06-03,33.06,+17.48%
2021-06-02,33.42,+19.36%
2021-06-01,33.37,+19.91%
2021-05-28,33.45,+22.53%
2021-05-27,33.38,+21.91%
2021-05-26,33.49,+23.03%
2021-05-25,33.38,+22.32%
2021-05-24,33.34,+22.17%
2021-05-21,32.78,+20.56%
2021-05-20,32.98,+19.93%
2021-05-19,32.35,+19.99%
2021-05-18,32.30,+19.36%
2021-05-17,32.53,+22.57%
2021-05-14,32.73,+24.12%
2021-05-13,32.04,+22.81%
2021-05-12,31.77,+20.25%
2021-05-11,32.63,+21.03%
2021-05-10,32.65,+22.15%
2021-05-07,33.53,+27.06%
2021-05-06,33.27,+27.72%
2021-05-05,33.00,+27.46%
2021-05-04,33.10,+29.25%
2021-05-03,33.72,+33.39%
2021-04-30,33.87,+29.77%
2021-04-29,34.14,+31.11%
2021-04-28,33.97,+35.02%
2021-04-27,34.12,+33.18%
2021-04-26,34.28,+34.54%
2021-04-23,34.07,+36.01%
2021-04-22,33.63,+33.88%
2021-04-21,34.05,+39.78%
2021-04-20,33.75,+33.40%
2021-04-19,33.99,+32.72%
2021-04-16,34.32,+35.17%
2021-04-15,34.28,+37.62%
2021-04-14,33.73,+33.85%
2021-04-13,34.18,+41.47%
2021-04-12,33.77,+41.36%
2021-04-09,33.83,+41.61%
2021-04-08,33.62,+40.91%
2021-04-07,33.28,+42.59%
2021-04-06,33.18,+41.61%
2021-04-05,33.23,+52.22%
2021-04-01,32.57,+50.02%
2021-03-31,31.99,+41.24%
2021-03-30,35.49,+59.29%
2021-03-29,35.68,+66.50%
2021-03-26,35.72,+60.18%
2021-03-25,35.17,+66.76%
2021-03-24,35.22,+65.12%
2021-03-23,35.82,+81.09%
2021-03-22,36.01,+82.33%
2021-03-19,35.41,+72.06%
2021-03-18,35.19,+73.69%
2021-03-17,36.33,+72.18%
2021-03-16,36.19,+82.59%
2021-03-15,36.00,+59.43%
2021-03-12,35.60,+73.57%
2021-03-11,35.92,+58.87%
2021-03-10,35.09,+48.43%
2021-03-09,35.21,+56.91%
2021-03-08,33.85,+40.51%
2021-03-05,34.86,+42.40%
2021-03-04,34.30,+35.73%
2021-03-03,34.90,+43.80%
2021-03-02,35.94,+43.36%
2021-03-01,36.55,+52.99%
2021-02-26,35.53,+41.78%
2021-02-25,35.30,+41.48%
2021-02-24,36.61,+42.78%
2021-02-23,36.31,+36.15%
2021-02-22,36.39,+36.45%
2021-02-19,37.37,+36.19%
2021-02-18,37.53,+38.03%
2021-02-17,37.70,+38.76%
2021-02-16,37.90,+39.49%
2021-02-12,38.00,+40.01%
2021-02-11,37.80,+40.68%
2021-02-10,37.58,+39.86%
2021-02-09,37.67,+41.94%
2021-02-08,37.69,+42.01%
2021-02-05,37.44,+41.55%
2021-02-04,37.32,+41.58%
2021-02-03,36.88,+43.11%
2021-02-02,37.03,+45.84%
2021-02-01,36.46,+43.60%
2021-01-29,35.57,+38.40%
2021-01-28,36.33,+41.53%
2021-01-27,36.08,+42.72%
2021-01-26,37.12,+43.82%
2021-01-25,37.10,+43.74%
2021-01-22,36.78,+41.79%
2021-01-21,36.89,+42.54%
2021-01-20,36.59,+41.27%
2021-01-19,35.77,+38.11%
2021-01-15,35.24,+38.14%
2021-01-14,35.50,+39.16%
2021-01-13,35.70,+39.40%
2021-01-12,35.48,+40.13%
2021-01-11,35.51,+40.24%
2021-01-08,36.06,+43.32%
2021-01-07,35.61,+42.55%
2021-01-06,34.74,+39.07%
2021-01-05,35.23,+41.88%
2021-01-04,34.93,+40.68%
2020-12-31,35.47,+43.84%
2020-12-30,38.26,+46.70%
2020-12-29,38.25,+45.60%
2020-12-28,38.24,+45.57%
2020-12-24,37.86,+45.34%
2020-12-23,37.69,+44.74%
2020-12-22,37.88,+45.75%
2020-12-21,37.80,+45.44%
2020-12-18,37.94,+47.63%
2020-12-17,37.98,+47.90%
2020-12-16,37.73,+46.98%
2020-12-15,37.52,+47.60%
2020-12-14,37.12,+46.03%
2020-12-11,36.86,+46.50%
2020-12-10,36.94,+47.64%
2020-12-09,36.83,+47.08%
2020-12-08,37.64,+49.66%
2020-12-07,37.52,+49.18%
2020-12-04,37.32,+50.18%
2020-12-03,37.13,+50.20%
2020-12-02,37.10,+49.12%
2020-12-01,37.10,+47.40%
2020-11-30,36.54,+45.17%
2020-11-27,36.51,+44.37%
2020-11-25,36.20,+44.40%
2020-11-24,35.98,+45.26%
2020-11-23,35.46,+43.16%
2020-11-20,35.46,+42.93%
2020-11-19,35.70,+42.97%
2020-11-18,35.43,+42.06%
2020-11-17,35.68,+43.29%
2020-11-16,35.78,+43.69%
2020-11-13,35.56,+43.73%
2020-11-12,35.23,+42.34%
2020-11-11,35.42,+43.52%
2020-11-10,34.62,+40.05%
2020-11-09,35.24,+42.56%
2020-11-06,36.01,+46.74%
2020-11-05,35.97,+46.28%
2020-11-04,35.08,+42.66%
2020-11-03,33.60,+37.48%
2020-11-02,33.02,+35.11%
2020-10-30,32.92,+35.98%
2020-10-29,33.81,+40.29%
2020-10-28,33.19,+36.64%
2020-10-27,34.55,+43.66%
2020-10-26,34.27,+42.49%
2020-10-23,34.83,+47.40%
2020-10-22,34.74,+47.33%
2020-10-21,34.75,+46.13%
2020-10-20,34.78,+47.62%
2020-10-19,34.65,+47.07%
2020-10-16,35.30,+48.82%
2020-10-15,35.44,+48.97%
2020-10-14,35.70,+51.98%
2020-10-13,35.99,+53.21%
2020-10-12,36.00,+53.26%
2020-10-09,34.93,+51.67%
2020-10-08,34.40,+51.08%
2020-10-07,34.26,+48.12%
2020-10-06,33.63,+44.83%
2020-10-05,34.28,+47.63%
2020-10-02,33.53,+48.30%
2020-10-01,34.50,+49.93%
2020-09-30,34.01,+46.53%
2020-09-29,33.45,+46.33%
2020-09-28,33.57,+46.85%
2020-09-25,32.94,+41.80%
2020-09-24,32.19,+40.26%
2020-09-23,32.00,+37.52%
2020-09-22,33.05,+41.91%
2020-09-21,32.44,+39.29%
2020-09-18,32.31,+37.61%
2020-09-17,32.74,+39.44%
2020-09-16,33.23,+42.19%
2020-09-15,33.79,+43.85%
2020-09-14,33.32,+41.85%
2020-09-11,32.76,+39.52%
2020-09-10,32.95,+41.66%
2020-09-09,33.67,+44.44%
2020-09-08,32.70,+39.92%
2020-09-04,34.34,+49.43%
2020-09-03,34.78,+53.55%
2020-09-02,36.69,+60.29%
2020-09-01,36.32,+58.67%
2020-08-31,35.78,+56.31%
2020-08-28,35.44,+56.95%
2020-08-27,35.23,+56.44%
2020-08-26,35.37,+56.85%
2020-08-25,34.63,+55.85%
2020-08-24,34.35,+54.59%
2020-08-21,34.14,+48.31%
2020-08-20,33.91,+48.66%
2020-08-19,33.44,+45.52%
2020-08-18,33.68,+48.83%
2020-08-17,33.35,+47.37%
2020-08-14,32.98,+47.96%
2020-08-13,33.02,+43.57%
2020-08-12,32.96,+46.42%
2020-08-11,32.13,+41.17%
2020-08-10,32.75,+43.89%
2020-08-07,32.91,+46.40%
2020-08-06,33.29,+48.68%
2020-08-05,32.87,+48.94%
2020-08-04,32.78,+43.14%
2020-08-03,32.66,+42.62%
2020-07-31,32.22,+37.93%
2020-07-30,31.66,+33.76%
2020-07-29,31.50,+32.46%
2020-07-28,31.12,+30.43%
2020-07-27,31.54,+32.19%
2020-07-24,30.97,+29.91%
2020-07-23,31.26,+32.01%
2020-07-22,32.12,+36.51%
2020-07-21,32.00,+37.22%
2020-07-20,32.36,+38.77%
2020-07-17,31.45,+33.94%
2020-07-16,31.39,+33.06%
2020-07-15,31.62,+33.36%
2020-07-14,31.58,+33.59%
2020-07-13,31.32,+32.49%
2020-07-10,32.01,+36.10%
2020-07-09,31.77,+36.35%
2020-07-08,31.51,+35.99%
2020-07-07,31.09,+33.20%
2020-07-06,31.33,+34.23%
2020-07-02,30.55,+31.57%
2020-07-01,30.37,+31.36%
2020-06-30,30.01,+31.68%
2020-06-29,28.88,+26.72%
2020-06-26,28.56,+26.04%
2020-06-25,29.29,+29.89%
2020-06-24,29.00,+26.42%
2020-06-23,29.60,+28.92%
2020-06-22,29.37,+27.92%
2020-06-19,29.02,+27.39%
2020-06-18,29.03,+28.00%
2020-06-17,28.94,+29.43%
2020-06-16,28.85,+29.84%
2020-06-15,28.35,+27.59%
2020-06-12,28.02,+26.22%
2020-06-11,27.80,+24.55%
2020-06-10,29.27,+31.31%
2020-06-09,28.90,+31.18%
2020-06-08,28.71,+30.32%
2020-06-05,28.48,+32.77%
2020-06-04,27.92,+31.14%
2020-06-03,28.14,+35.75%
2020-06-02,28.00,+32.20%
2020-06-01,27.83,+31.40%
2020-05-29,27.70,+29.20%
2020-05-28,27.30,+26.27%
2020-05-27,27.38,+26.23%
2020-05-26,27.22,+25.50%
2020-05-22,27.29,+23.82%
2020-05-21,27.19,+22.86%
2020-05-20,27.50,+25.51%
2020-05-19,26.96,+20.95%
2020-05-18,27.06,+21.40%
2020-05-15,26.54,+19.07%
2020-05-14,26.37,+19.92%
2020-05-13,26.09,+19.90%
2020-05-12,26.42,+17.21%
2020-05-11,26.96,+19.61%
2020-05-08,26.73,+18.12%
2020-05-07,26.39,+16.26%
2020-05-06,26.05,+12.53%
2020-05-05,25.89,+11.07%
2020-05-04,25.61,+9.87%
2020-05-01,25.28,+9.77%
2020-04-30,26.10,+12.89%
2020-04-29,26.04,+11.81%
2020-04-28,25.16,+8.22%
2020-04-27,25.62,+10.19%
2020-04-24,25.48,+10.16%
2020-04-23,25.05,+7.97%
2020-04-22,25.12,+9.65%
2020-04-21,24.36,+6.65%
2020-04-20,25.30,+10.77%
2020-04-17,25.61,+12.23%
2020-04-16,25.39,+11.65%
2020-04-15,24.91,+9.93%
2020-04-14,25.20,+11.21%
2020-04-13,24.16,+6.62%
2020-04-09,23.89,+6.27%
2020-04-08,23.86,+5.67%
2020-04-07,23.34,+3.69%
2020-04-06,23.43,+4.09%
2020-04-03,21.83,-2.59%
2020-04-02,22.14,-0.63%
2020-04-01,21.71,-2.30%
2020-03-31,22.65,+3.10%
2020-03-30,22.28,+1.41%
2020-03-27,21.43,-1.52%
2020-03-26,22.30,+1.87%
2020-03-25,21.09,-3.21%
2020-03-24,21.33,-2.25%
2020-03-23,19.78,-9.35%
2020-03-20,19.75,-10.15%
2020-03-19,20.58,-5.98%
2020-03-18,20.26,-7.15%
2020-03-17,21.10,-3.03%
2020-03-16,19.82,-8.92%
2020-03-13,22.58,+4.49%
2020-03-12,20.51,-4.38%
2020-03-11,22.61,+6.00%
2020-03-10,23.64,+13.16%
2020-03-09,22.44,+7.42%
2020-03-06,24.09,+13.74%
2020-03-05,24.48,+14.88%
2020-03-04,25.27,+18.64%
2020-03-03,24.27,+13.94%
2020-03-02,25.07,+17.70%
2020-02-28,23.89,+13.01%
2020-02-27,23.82,+12.41%
2020-02-26,25.06,+18.15%
2020-02-25,24.95,+17.74%
2020-02-24,25.64,+21.40%
2020-02-21,26.67,+27.30%
2020-02-20,27.18,+29.24%
2020-02-19,27.44,+30.42%
2020-02-18,27.19,+29.41%
2020-02-14,27.17,+29.94%
2020-02-13,27.09,+29.68%
2020-02-12,27.14,+29.92%
2020-02-11,26.87,+30.56%
2020-02-10,26.87,+30.50%
2020-02-07,26.54,+29.09%
2020-02-06,26.67,+27.98%
2020-02-05,26.45,+26.43%
2020-02-04,26.36,+27.16%
2020-02-03,25.77,+25.83%
2020-01-31,25.39,+23.43%
2020-01-30,25.80,+27.28%
2020-01-29,25.70,+30.13%
2020-01-28,25.67,+28.74%
2020-01-27,25.28,+25.09%
2020-01-24,25.81,+29.31%
2020-01-23,26.02,+31.22%
2020-01-22,25.94,+31.08%
2020-01-21,25.88,+28.12%
2020-01-17,25.90,+29.44%
2020-01-16,25.76,+29.71%
2020-01-15,25.51,+28.45%
2020-01-14,25.51,+30.95%
2020-01-13,25.61,+30.26%
2020-01-10,25.32,+28.40%
2020-01-09,25.38,+29.09%
2020-01-08,25.16,+28.96%
2020-01-07,24.98,+29.30%
2020-01-06,24.98,+30.58%
2020-01-03,24.83,+35.61%
2020-01-02,25.05,+32.26%
2019-12-31,24.66,+30.82%
2019-12-30,26.08,+23.84%
2019-12-27,26.27,+24.68%
2019-12-26,26.29,+25.31%
2019-12-24,26.05,+31.77%
2019-12-23,26.04,+28.53%
2019-12-20,25.99,+24.24%
2019-12-19,25.88,+21.79%
2019-12-18,25.70,+18.16%
2019-12-17,25.68,+18.83%
2019-12-16,25.67,+16.15%
2019-12-13,25.42,+12.08%
2019-12-12,25.36,+11.92%
2019-12-11,25.16,+12.02%
2019-12-10,25.02,+11.75%
2019-12-09,25.04,+13.00%
2019-12-06,25.15,+9.78%
2019-12-05,24.88,+9.27%
2019-12-04,24.85,+9.13%
2019-12-03,24.72,+4.48%
2019-12-02,24.88,+6.87%
2019-11-29,25.17,+9.01%
2019-11-27,25.29,+12.65%
2019-11-26,25.11,+12.20%
2019-11-25,25.07,+14.63%
2019-11-22,24.77,+12.44%
2019-11-21,24.75,+12.35%
2019-11-20,24.81,+13.44%
2019-11-19,24.97,+12.17%
2019-11-18,24.94,+8.39%
2019-11-15,24.90,+7.84%
2019-11-14,24.73,+9.04%
2019-11-13,24.74,+8.08%
2019-11-12,24.75,+8.17%
2019-11-11,24.68,+4.62%
2019-11-08,24.72,+3.04%
2019-11-07,24.62,+2.03%
2019-11-06,24.54,+4.78%
2019-11-05,24.59,+5.81%
2019-11-04,24.59,+5.36%
2019-11-01,24.44,+3.17%
2019-10-31,24.21,+3.73%
2019-10-30,24.21,+6.09%
2019-10-29,24.10,+7.11%
2019-10-28,24.29,+5.79%
2019-10-25,24.05,+2.30%
2019-10-24,23.86,+4.88%
2019-10-23,23.63,-0.92%
2019-10-22,23.58,-1.46%
2019-10-21,23.78,-0.13%
2019-10-18,23.56,-1.17%
2019-10-17,23.78,-2.50%
2019-10-16,23.72,-2.71%
2019-10-15,23.79,+0.46%
2019-10-14,23.49,-2.04%
2019-10-11,23.49,+0.69%
2019-10-10,23.18,-1.78%
2019-10-09,23.03,-6.76%
2019-10-08,22.77,-7.59%
2019-10-07,23.13,-6.70%
2019-10-04,23.22,-7.49%
2019-10-03,22.87,-10.63%
2019-10-02,22.61,-11.54%
2019-10-01,23.01,-10.19%
2019-09-30,23.21,-14.39%
2019-09-27,22.86,-15.71%
2019-09-26,23.13,-13.95%
2019-09-25,23.23,-13.58%
2019-09-24,22.95,-14.46%
2019-09-23,23.27,-13.07%
2019-09-20,23.29,-13.42%
2019-09-19,23.52,-11.65%
2019-09-18,23.48,-11.86%
2019-09-17,23.48,-11.13%
2019-09-16,23.37,-12.86%
2019-09-13,23.49,-12.61%
2019-09-12,23.57,-11.42%
2019-09-11,23.48,-11.99%
2019-09-10,23.26,-12.13%
2019-09-09,23.31,-11.74%
2019-09-06,23.37,-11.78%
2019-09-05,23.40,-12.49%
2019-09-04,22.98,-15.17%
2019-09-03,22.65,-16.76%
2019-08-30,22.89,-15.72%
2019-08-29,22.93,-15.79%
2019-08-28,22.58,-16.09%
2019-08-27,22.52,-16.19%
2019-08-26,22.55,-15.23%
2019-08-23,22.22,-15.67%
2019-08-22,22.94,-13.07%
2019-08-21,23.02,-12.44%
2019-08-20,22.81,-12.94%
2019-08-19,22.98,-12.36%
2019-08-16,22.63,-13.66%
2019-08-15,22.28,-14.77%
2019-08-14,22.29,-15.79%
2019-08-13,23.00,-12.55%
2019-08-12,22.51,-14.51%
2019-08-09,22.76,-14.24%
2019-08-08,22.99,-13.41%
2019-08-07,22.48,-15.23%
2019-08-06,22.39,-15.32%
2019-08-05,22.07,-16.02%
2019-08-02,22.90,-12.60%
2019-08-01,23.22,-10.17%
2019-07-31,23.36,-9.11%
2019-07-30,23.67,-7.43%
2019-07-29,23.78,-8.29%
2019-07-26,23.86,-9.28%
2019-07-25,23.60,-11.58%
2019-07-24,23.84,-9.42%
2019-07-23,23.68,-9.62%
2019-07-22,23.53,-9.92%
2019-07-19,23.32,-10.75%
2019-07-18,23.53,-10.43%
2019-07-17,23.48,-10.76%
2019-07-16,23.59,-9.79%
2019-07-15,23.71,-9.54%
2019-07-12,23.64,-9.70%
2019-07-11,23.50,-8.74%
2019-07-10,23.52,-9.12%
2019-07-09,23.30,-9.90%
2019-07-08,23.17,-9.56%
2019-07-05,23.34,-7.53%
2019-07-03,23.39,-6.18%
2019-07-02,23.22,-7.97%
2019-07-01,23.12,-15.22%
2019-06-28,22.79,-16.31%
2019-06-27,22.75,-15.71%
2019-06-26,22.66,-17.21%
2019-06-25,22.55,-17.28%
2019-06-24,22.94,-17.69%
2019-06-21,22.96,-17.85%
2019-06-20,22.99,-18.48%
2019-06-19,22.78,-18.61%
2019-06-18,22.68,-19.23%
2019-06-17,22.36,-20.43%
2019-06-14,22.22,-21.18%
2019-06-13,22.31,-20.04%
2019-06-12,22.20,-20.49%
2019-06-11,22.32,-19.60%
2019-06-10,22.29,-19.53%
2019-06-07,22.03,-20.47%
2019-06-06,21.61,-22.60%
2019-06-05,21.45,-22.73%
2019-06-04,21.29,-23.06%
2019-06-03,20.73,-24.43%
2019-05-31,21.18,-21.50%
2019-05-30,21.52,-20.36%
2019-05-29,21.44,-20.09%
2019-05-28,21.62,-19.81%
2019-05-24,21.69,-19.43%
2019-05-23,21.71,-19.38%
2019-05-22,22.04,-17.45%
2019-05-21,22.13,-17.24%
2019-05-20,21.91,-17.60%
2019-05-17,22.29,-16.61%
2019-05-16,22.52,-16.10%
2019-05-15,22.29,-16.45%
2019-05-14,21.99,-18.46%
2019-05-13,21.76,-19.20%
2019-05-10,22.54,-16.43%
2019-05-09,22.53,-15.62%
2019-05-08,22.63,-14.28%
2019-05-07,22.70,-14.08%
2019-05-06,23.15,-11.71%
2019-05-03,23.31,-9.41%
2019-05-02,22.95,-10.80%
2019-05-01,23.03,-11.01%
2019-04-30,23.12,-9.62%
2019-04-29,23.29,-9.66%
2019-04-26,23.25,-9.71%
2019-04-25,23.22,-7.97%
2019-04-24,23.13,-8.25%
2019-04-23,23.20,-9.90%
2019-04-22,22.91,-11.27%
2019-04-19,22.84,-12.96%
2019-04-18,22.84,-13.68%
2019-04-17,22.82,-13.56%
2019-04-16,22.74,-12.03%
2019-04-15,22.66,-11.73%
2019-04-12,22.66,-12.10%
2019-04-11,22.56,-11.53%
2019-04-10,22.61,-11.75%
2019-04-09,22.48,-10.33%
2019-04-08,22.58,-9.35%
2019-04-05,22.51,-11.86%
2019-04-04,22.40,-11.85%
2019-04-03,22.41,-10.40%
2019-04-02,22.28,-9.98%
2019-04-01,22.22,-17.95%
2019-03-29,21.97,-18.87%
2019-03-28,21.80,-17.98%
2019-03-27,21.76,-19.02%
2019-03-26,21.89,-21.23%
2019-03-25,21.79,-18.63%
2019-03-22,21.82,-20.63%
2019-03-21,22.32,-20.85%
2019-03-20,21.98,-22.41%
2019-03-19,21.89,-22.49%
2019-03-18,21.82,-24.45%
2019-03-15,21.76,-24.78%
2019-03-14,21.57,-25.54%
2019-03-13,21.61,-25.46%
2019-03-12,21.45,-26.89%
2019-03-11,21.33,-27.00%
2019-03-08,20.89,-27.11%
2019-03-07,20.93,-26.59%
2019-03-06,21.18,-25.53%
2019-03-05,21.31,-24.73%
2019-03-04,21.30,-23.98%
2019-03-01,21.30,-23.30%
2019-02-28,21.14,-25.04%
2019-02-27,21.19,-25.36%
2019-02-26,21.21,-26.25%
2019-02-25,21.19,-25.33%
2019-02-22,21.12,-24.08%
2019-02-21,20.95,-24.67%
2019-02-20,21.03,-24.60%
2019-02-19,21.04,-24.48%
2019-02-15,21.01,-24.86%
2019-02-14,20.91,-23.85%
2019-02-13,20.89,-22.54%
2019-02-12,20.89,-22.17%
2019-02-11,20.58,-21.99%
2019-02-08,20.59,-20.66%
2019-02-07,20.56,-24.08%
2019-02-06,20.84,-24.02%
2019-02-05,20.92,-21.74%
2019-02-04,20.73,-25.46%
2019-02-01,20.48,-27.89%
2019-01-31,20.57,-28.08%
2019-01-30,20.27,-28.93%
2019-01-29,19.75,-31.30%
2019-01-28,19.94,-31.00%
2019-01-25,20.21,-28.99%
2019-01-24,19.96,-29.89%
2019-01-23,19.83,-30.79%
2019-01-22,19.79,-30.37%
2019-01-18,20.20,-27.91%
2019-01-17,20.01,-28.59%
2019-01-16,19.86,-28.35%
2019-01-15,19.86,-28.59%
2019-01-14,19.48,-29.95%
2019-01-11,19.66,-28.77%
2019-01-10,19.72,-28.06%
2019-01-09,19.66,-28.46%
2019-01-08,19.51,-28.98%
2019-01-07,19.32,-29.41%
2019-01-04,19.13,-29.38%
2019-01-03,18.31,-32.34%
2019-01-02,18.94,-29.30%
2018-12-31,18.85,-23.37%
2018-12-28,21.06,-15.01%
2018-12-27,21.07,-14.87%
2018-12-26,20.98,-15.20%
2018-12-24,19.77,-20.51%
2018-12-21,20.26,-18.63%
2018-12-20,20.92,-15.95%
2018-12-19,21.25,-14.76%
2018-12-18,21.75,-13.17%
2018-12-17,21.61,-13.11%
2018-12-14,22.10,-10.09%
2018-12-13,22.68,-7.80%
2018-12-12,22.66,-7.70%
2018-12-11,22.46,-8.66%
2018-12-10,22.39,-8.24%
2018-12-07,22.16,-8.77%
2018-12-06,22.91,-5.33%
2018-12-04,22.77,-5.48%
2018-12-03,23.66,-2.95%
2018-11-30,23.28,-4.90%
2018-11-29,23.09,-4.90%
2018-11-28,23.16,-6.23%
2018-11-27,22.45,-8.89%
2018-11-26,22.38,-9.21%
2018-11-23,21.87,-10.95%
2018-11-21,22.03,-10.19%
2018-11-20,21.87,-9.85%
2018-11-19,22.26,-8.36%
2018-11-16,23.01,-5.62%
2018-11-15,23.09,-4.07%
2018-11-14,22.68,-6.32%
2018-11-13,22.89,-5.76%
2018-11-12,22.88,-5.73%
2018-11-09,23.59,-2.84%
2018-11-08,23.99,-1.72%
2018-11-07,24.13,-0.74%
2018-11-06,23.42,-3.54%
2018-11-05,23.24,-4.01%
2018-11-02,23.34,-2.71%
2018-11-01,23.69,-1.41%
2018-10-31,23.34,-2.87%
2018-10-30,22.82,-4.72%
2018-10-29,22.50,-5.86%
2018-10-26,22.96,-1.12%
2018-10-25,23.51,+0.94%
2018-10-24,22.75,-2.74%
2018-10-23,23.85,+2.19%
2018-10-22,23.93,+1.83%
2018-10-19,23.81,+1.62%
2018-10-18,23.84,+1.36%
2018-10-17,24.39,+3.57%
2018-10-16,24.38,+3.66%
2018-10-15,23.68,+1.07%
2018-10-12,23.98,+2.70%
2018-10-11,23.33,-0.26%
2018-10-10,23.60,+1.20%
2018-10-09,24.70,+6.01%
2018-10-08,24.64,+5.62%
2018-10-05,24.79,+6.39%
2018-10-04,25.10,+8.80%
2018-10-03,25.59,+10.97%
2018-10-02,25.56,+11.08%
2018-10-01,25.62,+1.10%
2018-09-28,27.11,+7.84%
2018-09-27,27.12,+7.79%
2018-09-26,26.88,+7.87%
2018-09-25,26.88,+8.13%
2018-09-24,26.83,+6.72%
2018-09-21,26.77,+6.44%
2018-09-20,26.90,+6.28%
2018-09-19,26.62,+4.84%
2018-09-18,26.64,+5.13%
2018-09-17,26.42,+4.14%
2018-09-14,26.82,+6.05%
2018-09-13,26.88,+5.66%
2018-09-12,26.61,+4.72%
2018-09-11,26.68,+5.29%
2018-09-10,26.47,+5.63%
2018-09-07,26.41,+4.51%
2018-09-06,26.49,+5.04%
2018-09-05,26.74,+6.36%
2018-09-04,27.09,+6.78%
2018-08-31,27.21,+7.21%
2018-08-30,27.16,+8.04%
2018-08-29,27.23,+9.62%
2018-08-28,26.91,+8.77%
2018-08-27,26.87,+8.92%
2018-08-24,26.60,+7.61%
2018-08-23,26.35,+6.25%
2018-08-22,26.39,+6.03%
2018-08-21,26.29,+7.22%
2018-08-20,26.20,+6.76%
2018-08-17,26.22,+6.76%
2018-08-16,26.21,+4.55%
2018-08-15,26.14,+4.43%
2018-08-14,26.47,+5.71%
2018-08-13,26.30,+6.43%
2018-08-10,26.33,+7.34%
2018-08-09,26.54,+5.82%
2018-08-08,26.55,+5.73%
2018-08-07,26.52,+5.45%
2018-08-06,26.44,+5.76%
2018-08-03,26.28,+5.29%
2018-08-02,26.20,+4.55%
2018-08-01,25.85,+3.48%
2018-07-31,25.70,+3.13%
2018-07-30,25.57,+2.12%
2018-07-27,25.93,+3.43%
2018-07-26,26.30,+4.28%
2018-07-25,26.69,+6.21%
2018-07-24,26.32,+4.53%
2018-07-23,26.20,+4.42%
2018-07-20,26.12,+4.11%
2018-07-19,26.13,+4.23%
2018-07-18,26.27,+5.42%
2018-07-17,26.31,+6.30%
2018-07-16,26.15,+5.70%
2018-07-13,26.21,+6.76%
2018-07-12,26.18,+6.90%
2018-07-11,25.75,+6.45%
2018-07-10,25.88,+7.25%
2018-07-09,25.86,+7.88%
2018-07-06,25.62,+8.01%
2018-07-05,25.24,+5.43%
2018-07-03,24.93,+5.10%
2018-07-02,25.23,+5.43%
2018-06-29,27.27,+10.81%
2018-06-28,27.23,+8.75%
2018-06-27,26.99,+9.32%
2018-06-26,27.37,+8.83%
2018-06-25,27.26,+7.92%
2018-06-22,27.87,+10.77%
2018-06-21,27.95,+11.04%
2018-06-20,28.20,+13.12%
2018-06-19,27.99,+11.38%
2018-06-18,28.08,+13.55%
2018-06-15,28.10,+13.22%
2018-06-14,28.19,+13.08%
2018-06-13,27.90,+11.42%
2018-06-12,27.92,+12.35%
2018-06-11,27.76,+11.08%
2018-06-08,27.70,+8.12%
2018-06-07,27.70,+8.29%
2018-06-06,27.92,+9.53%
2018-06-05,27.76,+8.48%
2018-06-04,27.67,+8.09%
2018-06-01,27.43,+8.33%
2018-05-31,26.98,+7.06%
2018-05-30,27.02,+7.14%
2018-05-29,26.83,+6.47%
2018-05-25,26.96,+7.20%
2018-05-24,26.92,+7.94%
2018-05-23,26.93,+8.46%
2018-05-22,26.70,+7.62%
2018-05-21,26.74,+8.70%
2018-05-18,26.59,+8.57%
2018-05-17,26.73,+10.05%
2018-05-16,26.84,+7.70%
2018-05-15,26.68,+7.45%
2018-05-14,26.97,+8.97%
2018-05-11,26.93,+9.03%
2018-05-10,26.97,+9.06%
2018-05-09,26.70,+8.01%
2018-05-08,26.40,+7.19%
2018-05-07,26.42,+7.49%
2018-05-04,26.22,+7.06%
2018-05-03,25.73,+5.06%
2018-05-02,25.73,+4.72%
2018-05-01,25.88,+5.59%
2018-04-30,25.58,+5.27%
2018-04-27,25.78,+6.31%
2018-04-26,25.75,+6.76%
2018-04-25,25.23,+4.47%
2018-04-24,25.21,+5.13%
2018-04-23,25.75,+8.70%
2018-04-20,25.82,+8.95%
2018-04-19,26.24,+11.66%
2018-04-18,26.46,+12.74%
2018-04-17,26.40,+12.34%
2018-04-16,25.85,+10.94%
2018-04-13,25.67,+10.17%
2018-04-12,25.78,+10.12%
2018-04-11,25.50,+8.51%
2018-04-10,25.62,+8.56%
2018-04-09,25.07,+6.27%
2018-04-06,24.91,+5.55%
2018-04-05,25.54,+8.27%
2018-04-04,25.41,+7.31%
2018-04-03,25.01,+5.75%
2018-04-02,24.75,+4.61%
2018-03-29,27.08,+8.41%
2018-03-28,26.58,+6.88%
2018-03-27,26.87,+8.70%
2018-03-26,27.79,+12.65%
2018-03-23,26.78,+8.73%
2018-03-22,27.49,+11.34%
2018-03-21,28.20,+14.96%
2018-03-20,28.33,+13.78%
2018-03-19,28.24,+13.50%
2018-03-16,28.88,+16.03%
2018-03-15,28.93,+16.14%
2018-03-14,28.97,+17.05%
2018-03-13,28.99,+16.85%
2018-03-12,29.34,+18.45%
2018-03-09,29.22,+18.44%
2018-03-08,28.66,+16.27%
2018-03-07,28.51,+15.85%
2018-03-06,28.44,+15.38%
2018-03-05,28.31,+14.57%
2018-03-02,28.02,+13.58%
2018-03-01,27.77,+12.02%
2018-02-28,28.20,+15.01%
2018-02-27,28.39,+15.45%
2018-02-26,28.76,+17.01%
2018-02-23,28.38,+15.74%
2018-02-22,27.82,+13.00%
2018-02-21,27.81,+13.00%
2018-02-20,27.89,+13.88%
2018-02-16,27.86,+14.27%
2018-02-15,27.96,+14.64%
2018-02-14,27.46,+13.28%
2018-02-13,26.97,+11.54%
2018-02-12,26.84,+11.65%
2018-02-09,26.38,+10.05%
2018-02-08,25.95,+8.58%
2018-02-07,27.08,+13.54%
2018-02-06,27.43,+15.40%
2018-02-05,26.73,+12.59%
2018-02-02,27.81,+17.44%
2018-02-01,28.40,+19.83%
2018-01-31,28.60,+21.55%
2018-01-30,28.52,+20.90%
2018-01-29,28.75,+20.95%
2018-01-26,28.90,+21.84%
2018-01-25,28.46,+20.14%
2018-01-24,28.47,+21.36%
2018-01-23,28.65,+22.96%
2018-01-22,28.42,+22.03%
2018-01-19,28.12,+21.05%
2018-01-18,28.02,+20.52%
2018-01-17,28.02,+20.78%
2018-01-16,27.72,+19.12%
2018-01-12,27.81,+19.92%
2018-01-11,27.60,+18.81%
2018-01-10,27.41,+18.35%
2018-01-09,27.48,+18.91%
2018-01-08,27.47,+19.28%
2018-01-05,27.37,+19.83%
2018-01-04,27.09,+19.29%
2018-01-03,27.06,+19.79%
2018-01-02,26.79,+11.12%
2017-12-29,24.60,+0.90%
2017-12-28,24.78,+1.47%
2017-12-27,24.75,+0.57%
2017-12-26,24.74,+1.02%
2017-12-22,24.87,+1.68%
2017-12-21,24.90,+1.51%
2017-12-20,24.89,+1.38%
2017-12-19,24.93,+1.92%
2017-12-18,25.05,+2.83%
2017-12-15,24.87,+1.72%
2017-12-14,24.58,+0.78%
2017-12-13,24.60,+0.57%
2017-12-12,24.55,+1.61%
2017-12-11,24.59,+1.32%
2017-12-08,24.40,+1.33%
2017-12-07,24.29,+1.00%
2017-12-06,24.20,+1.94%
2017-12-05,24.10,+1.77%
2017-12-04,24.09,+2.55%
2017-12-01,24.38,+3.92%
2017-11-30,24.48,+2.68%
2017-11-29,24.28,+0.54%
2017-11-28,24.70,+2.62%
2017-11-27,24.64,+2.07%
2017-11-24,24.65,+2.45%
2017-11-22,24.56,+1.66%
2017-11-21,24.53,+1.87%
2017-11-20,24.26,+1.80%
2017-11-17,24.29,+1.55%
2017-11-16,24.38,+2.65%
2017-11-15,24.07,+1.91%
2017-11-14,24.21,+3.86%
2017-11-13,24.29,+3.14%
2017-11-10,24.27,+3.14%
2017-11-09,24.28,+1.51%
2017-11-08,24.41,+2.48%
2017-11-07,24.31,+2.75%
2017-11-06,24.28,+5.11%
2017-11-03,24.21,+4.40%
2017-11-02,23.99,+2.39%
2017-11-01,24.03,+1.69%
2017-10-31,24.03,+0.97%
2017-10-30,23.95,+0.55%
2017-10-27,23.90,-0.29%
2017-10-26,23.22,-3.61%
2017-10-25,23.29,-3.92%
2017-10-24,23.39,-3.90%
2017-10-23,23.34,-2.95%
2017-10-20,23.50,-1.88%
2017-10-19,23.43,-2.25%
2017-10-18,23.52,-1.96%
2017-10-17,23.55,-0.93%
2017-10-16,23.52,-1.30%
2017-10-13,23.43,-1.60%
2017-10-12,23.35,-2.26%
2017-10-11,23.39,-2.13%
2017-10-10,23.32,-3.87%
2017-10-09,23.30,-3.36%
2017-10-06,23.33,-3.44%
2017-10-05,23.30,-3.64%
2017-10-04,23.07,-4.23%
2017-10-03,23.06,-4.39%
2017-10-02,23.01,-4.80%
2017-09-29,25.34,+10.17%
2017-09-28,25.14,+8.46%
2017-09-27,25.16,+8.78%
2017-09-26,24.92,+8.82%
2017-09-25,24.86,+7.62%
2017-09-22,25.14,+8.13%
2017-09-21,25.15,+9.02%
2017-09-20,25.31,+10.81%
2017-09-19,25.39,+11.36%
2017-09-18,25.34,+10.66%
2017-09-15,25.37,+10.74%
2017-09-14,25.29,+12.10%
2017-09-13,25.44,+13.32%
2017-09-12,25.41,+12.19%
2017-09-11,25.34,+13.89%
2017-09-08,25.06,+9.72%
2017-09-07,25.27,+10.01%
2017-09-06,25.22,+9.84%
2017-09-05,25.14,+10.21%
2017-09-01,25.37,+11.57%
2017-08-31,25.38,+11.90%
2017-08-30,25.14,+10.75%
2017-08-29,24.84,+9.04%
2017-08-28,24.74,+8.80%
2017-08-25,24.67,+8.68%
2017-08-24,24.72,+8.71%
2017-08-23,24.80,+8.25%
2017-08-22,24.89,+8.88%
2017-08-21,24.52,+7.31%
2017-08-18,24.54,+7.35%
2017-08-17,24.56,+7.53%
2017-08-16,25.07,+9.96%
2017-08-15,25.03,+9.06%
2017-08-14,25.04,+9.58%
2017-08-11,24.71,+8.23%
2017-08-10,24.53,+7.87%
2017-08-09,25.08,+10.00%
2017-08-08,25.11,+10.37%
2017-08-07,25.15,+10.40%
2017-08-04,25.00,+10.86%
2017-08-03,24.96,+10.88%
2017-08-02,25.06,+11.73%
2017-08-01,24.98,+10.48%
2017-07-31,24.92,+10.80%
2017-07-28,25.04,+11.59%
2017-07-27,25.07,+12.12%
2017-07-26,25.22,+13.55%
2017-07-25,25.13,+13.30%
2017-07-24,25.18,+13.53%
2017-07-21,25.09,+13.58%
2017-07-20,25.09,+13.32%
2017-07-19,25.07,+14.58%
2017-07-18,24.92,+13.48%
2017-07-17,24.75,+13.43%
2017-07-14,24.74,+13.23%
2017-07-13,24.55,+13.13%
2017-07-12,24.49,+12.55%
2017-07-11,24.19,+11.73%
2017-07-10,24.13,+12.08%
2017-07-07,23.97,+13.07%
2017-07-06,23.72,+12.26%
2017-07-05,23.94,+14.16%
2017-07-03,23.72,+12.47%
2017-06-30,23.93,+13.95%
2017-06-29,24.61,+15.05%
2017-06-28,25.04,+19.12%
2017-06-27,24.69,+19.91%
2017-06-26,25.15,+19.76%
2017-06-23,25.26,+15.40%
2017-06-22,25.16,+16.59%
2017-06-21,25.17,+16.37%
2017-06-20,24.93,+15.63%
2017-06-19,25.13,+17.21%
2017-06-16,24.73,+14.07%
2017-06-15,24.82,+14.85%
2017-06-14,24.93,+14.99%
2017-06-13,25.04,+15.55%
2017-06-12,24.85,+13.68%
2017-06-09,24.99,+13.03%
2017-06-08,25.62,+15.67%
2017-06-07,25.58,+15.64%
2017-06-06,25.49,+14.98%
2017-06-05,25.59,+15.79%
2017-06-02,25.60,+15.32%
2017-06-01,25.32,+14.31%
2017-05-31,25.20,+13.67%
2017-05-30,25.22,+14.07%
2017-05-26,25.20,+14.60%
2017-05-25,25.15,+14.63%
2017-05-24,24.94,+14.51%
2017-05-23,24.83,+16.35%
2017-05-22,24.81,+16.04%
2017-05-19,24.60,+16.31%
2017-05-18,24.49,+15.19%
2017-05-17,24.29,+14.68%
2017-05-16,24.92,+16.07%
2017-05-15,24.83,+17.12%
2017-05-12,24.75,+16.31%
2017-05-11,24.70,+15.58%
2017-05-10,24.73,+14.65%
2017-05-09,24.72,+16.22%
2017-05-08,24.63,+16.07%
2017-05-05,24.58,+16.38%
2017-05-04,24.49,+15.90%
2017-05-03,24.49,+15.14%
2017-05-02,24.57,+14.44%
2017-05-01,24.51,+15.23%
2017-04-28,24.30,+13.66%
2017-04-27,24.25,+12.06%
2017-04-26,24.12,+10.54%
2017-04-25,24.15,+10.17%
2017-04-24,23.98,+9.40%
2017-04-21,23.69,+6.47%
2017-04-20,23.70,+6.52%
2017-04-19,23.50,+5.71%
2017-04-18,23.47,+4.82%
2017-04-17,23.50,+5.57%
2017-04-13,23.30,+4.39%
2017-04-12,23.41,+6.26%
2017-04-11,23.50,+7.55%
2017-04-10,23.60,+7.62%
2017-04-07,23.59,+7.57%
2017-04-06,23.60,+5.97%
2017-04-05,23.59,+7.67%
2017-04-04,23.68,+7.10%
2017-04-03,23.65,+6.48%
2017-03-31,23.66,+7.69%
2017-03-30,25.02,+13.52%
2017-03-29,24.98,+13.91%
2017-03-28,24.87,+15.25%
2017-03-27,24.72,+14.34%
2017-03-24,24.67,+14.11%
2017-03-23,24.63,+13.98%
2017-03-22,24.69,+13.36%
2017-03-21,24.53,+12.89%
2017-03-20,24.90,+15.01%
2017-03-17,24.88,+15.19%
2017-03-16,24.89,+15.12%
2017-03-15,24.91,+16.24%
2017-03-14,24.75,+15.49%
2017-03-13,24.81,+15.88%
2017-03-10,24.77,+17.73%
2017-03-09,24.67,+17.09%
2017-03-08,24.65,+17.77%
2017-03-07,24.61,+16.52%
2017-03-06,24.65,+16.00%
2017-03-03,24.71,+16.39%
2017-03-02,24.67,+15.98%
2017-03-01,24.79,+16.55%
2017-02-28,24.52,+17.94%
2017-02-27,24.59,+18.28%
2017-02-24,24.58,+19.20%
2017-02-23,24.52,+20.02%
2017-02-22,24.62,+18.54%
2017-02-21,24.61,+20.40%
2017-02-17,24.49,+18.83%
2017-02-16,24.38,+21.05%
2017-02-15,24.39,+23.62%
2017-02-14,24.24,+22.86%
2017-02-13,24.18,+22.55%
2017-02-10,24.04,+23.47%
2017-02-09,23.97,+23.68%
2017-02-08,23.90,+22.94%
2017-02-07,23.85,+20.76%
2017-02-06,23.77,+20.35%
2017-02-03,23.74,+15.92%
2017-02-02,23.68,+15.06%
2017-02-01,23.70,+12.64%
2017-01-31,23.53,+12.05%
2017-01-30,23.59,+12.33%
2017-01-27,23.77,+17.32%
2017-01-26,23.72,+14.15%
2017-01-25,23.69,+15.00%
2017-01-24,23.46,+12.20%
2017-01-23,23.30,+11.43%
2017-01-20,23.29,+14.73%
2017-01-19,23.23,+14.15%
2017-01-18,23.25,+14.42%
2017-01-17,23.20,+14.17%
2017-01-13,23.27,+13.35%
2017-01-12,23.19,+9.03%
2017-01-11,23.23,+10.51%
2017-01-10,23.16,+10.50%
2017-01-09,23.11,+10.26%
2017-01-06,23.03,+5.59%
2017-01-05,22.84,+3.77%
2017-01-04,22.71,+2.90%
2017-01-03,22.59,+0.22%
2016-12-30,24.11,+11.98%
2016-12-29,24.38,+12.30%
2016-12-28,24.42,+14.17%
2016-12-27,24.61,+15.00%
2016-12-23,24.49,+14.44%
2016-12-22,24.46,+15.16%
2016-12-21,24.53,+16.20%
2016-12-20,24.55,+17.46%
2016-12-19,24.46,+17.03%
2016-12-16,24.36,+12.83%
2016-12-15,24.45,+14.90%
2016-12-14,24.39,+15.32%
2016-12-13,24.46,+16.48%
2016-12-12,24.16,+15.05%
2016-12-09,24.27,+13.46%
2016-12-08,24.08,+10.81%
2016-12-07,24.05,+10.73%
2016-12-06,23.74,+8.75%
2016-12-05,23.68,+8.47%
2016-12-02,23.49,+8.30%
2016-12-01,23.46,+7.47%
2016-11-30,23.84,+10.42%
2016-11-29,24.15,+11.50%
2016-11-28,24.07,+11.13%
2016-11-25,24.14,+11.60%
2016-11-23,24.06,+11.18%
2016-11-22,24.16,+11.39%
2016-11-21,24.08,+11.02%
2016-11-18,23.83,+10.63%
2016-11-17,23.92,+13.20%
2016-11-16,23.75,+12.40%
2016-11-15,23.62,+13.34%
2016-11-14,23.31,+11.85%
2016-11-11,23.55,+9.74%
2016-11-10,23.53,+9.54%
2016-11-09,23.92,+11.00%
2016-11-08,23.82,+9.32%
2016-11-07,23.66,+8.58%
2016-11-04,23.10,+5.77%
2016-11-03,23.19,+6.18%
2016-11-02,23.43,+7.63%
2016-11-01,23.63,+9.80%
2016-10-31,23.80,+10.59%
2016-10-28,23.82,+10.02%
2016-10-27,23.97,+11.64%
2016-10-26,24.09,+12.41%
2016-10-25,24.24,+13.27%
2016-10-24,24.34,+13.74%
2016-10-21,24.05,+17.72%
2016-10-20,23.95,+16.60%
2016-10-19,23.97,+16.08%
2016-10-18,23.99,+16.80%
2016-10-17,23.77,+15.73%
2016-10-14,23.83,+18.44%
2016-10-13,23.81,+18.16%
2016-10-12,23.89,+17.80%
2016-10-11,23.90,+18.14%
2016-10-10,24.26,+19.92%
2016-10-07,24.11,+20.19%
2016-10-06,24.16,+21.22%
2016-10-05,24.18,+20.60%
2016-10-04,24.09,+21.97%
2016-10-03,24.12,+22.13%
2016-09-30,24.17,+24.91%
2016-09-29,23.00,+26.86%
2016-09-28,23.18,+27.22%
2016-09-27,23.13,+23.36%
2016-09-26,22.90,+22.13%
2016-09-23,23.10,+21.77%
2016-09-22,23.25,+22.56%
2016-09-21,23.07,+19.84%
2016-09-20,22.84,+19.02%
2016-09-19,22.80,+18.81%
2016-09-16,22.90,+17.68%
2016-09-15,22.91,+18.34%
2016-09-14,22.56,+17.93%
2016-09-13,22.45,+16.99%
2016-09-12,22.65,+18.03%
2016-09-09,22.25,+17.85%
2016-09-08,22.84,+19.58%
2016-09-07,22.97,+23.63%
2016-09-06,22.96,+23.57%
2016-09-02,22.81,+20.75%
2016-09-01,22.74,+23.65%
2016-08-31,22.68,+19.49%
2016-08-30,22.70,+18.11%
2016-08-29,22.78,+18.52%
2016-08-26,22.74,+21.41%
2016-08-25,22.70,+27.31%
2016-08-24,22.74,+26.83%
2016-08-23,22.91,+22.97%
2016-08-22,22.86,+22.71%
2016-08-19,22.85,+14.14%
2016-08-18,22.86,+13.39%
2016-08-17,22.84,+12.68%
2016-08-16,22.80,+13.38%
2016-08-15,22.95,+14.12%
2016-08-12,22.85,+13.68%
2016-08-11,22.83,+13.92%
2016-08-10,22.74,+12.02%
2016-08-09,22.80,+13.60%
2016-08-08,22.75,+13.35%
2016-08-05,22.78,+11.50%
2016-08-04,22.55,+11.19%
2016-08-03,22.51,+10.72%
2016-08-02,22.43,+10.11%
2016-08-01,22.61,+11.00%
2016-07-29,22.49,+10.57%
2016-07-28,22.44,+10.87%
2016-07-27,22.36,+11.47%
2016-07-26,22.21,+9.79%
2016-07-25,22.18,+9.64%
2016-07-22,22.18,+8.09%
2016-07-21,22.09,+6.46%
2016-07-20,22.14,+6.60%
2016-07-19,21.88,+5.75%
2016-07-18,21.96,+6.14%
2016-07-15,21.82,+8.56%
2016-07-14,21.85,+8.81%
2016-07-13,21.70,+8.77%
2016-07-12,21.76,+10.91%
2016-07-11,21.65,+10.35%
2016-07-08,21.53,+11.44%
2016-07-07,21.20,+7.83%
2016-07-06,21.13,+7.70%
2016-07-05,20.97,+6.55%
2016-07-01,21.09,+7.27%
2016-06-30,21.00,+7.58%
2016-06-29,21.39,+13.29%
2016-06-28,21.02,+8.74%
2016-06-27,20.59,+6.52%
2016-06-24,21.00,+7.69%
2016-06-23,21.89,+11.63%
2016-06-22,21.58,+10.16%
2016-06-21,21.63,+11.15%
2016-06-20,21.56,+10.79%
2016-06-17,21.44,+11.26%
2016-06-16,21.68,+12.86%
2016-06-15,21.61,+13.08%
2016-06-14,21.68,+12.92%
2016-06-13,21.67,+12.86%
2016-06-10,21.86,+13.03%
2016-06-09,22.11,+15.82%
2016-06-08,22.15,+15.97%
2016-06-07,22.12,+14.61%
2016-06-06,22.17,+14.87%
2016-06-03,22.10,+13.45%
2016-06-02,22.20,+14.20%
2016-06-01,22.15,+13.65%
2016-05-31,22.17,+14.10%
2016-05-27,22.11,+12.81%
2016-05-26,21.99,+14.06%
2016-05-25,21.94,+12.40%
2016-05-24,21.78,+11.58%
2016-05-23,21.34,+9.32%
2016-05-20,21.38,+10.09%
2016-05-19,21.15,+8.96%
2016-05-18,21.26,+9.31%
2016-05-17,21.18,+9.34%
2016-05-16,21.47,+10.84%
2016-05-13,21.20,+11.11%
2016-05-12,21.28,+11.65%
2016-05-11,21.37,+11.71%
2016-05-10,21.57,+12.23%
2016-05-09,21.27,+10.67%
2016-05-06,21.22,+12.39%
2016-05-05,21.12,+11.10%
2016-05-04,21.13,+9.37%
2016-05-03,21.27,+10.15%
2016-05-02,21.47,+11.19%
2016-04-29,21.27,+9.92%
2016-04-28,21.38,+9.87%
2016-04-27,21.64,+10.92%
2016-04-26,21.82,+11.55%
2016-04-25,21.92,+12.07%
2016-04-22,21.92,+13.99%
2016-04-21,22.25,+16.37%
2016-04-20,22.25,+16.86%
2016-04-19,22.23,+18.50%
2016-04-18,22.39,+19.35%
2016-04-15,22.26,+16.73%
2016-04-14,22.32,+17.72%
2016-04-13,22.32,+17.41%
2016-04-12,22.03,+15.58%
2016-04-11,21.85,+14.64%
2016-04-08,21.93,+16.28%
2016-04-07,21.93,+17.08%
2016-04-06,22.27,+18.71%
2016-04-05,21.91,+17.73%
2016-04-04,22.11,+18.81%
2016-04-01,22.21,+19.47%
2016-03-31,21.97,+17.61%
2016-03-30,22.04,+52.00%
2016-03-29,21.93,+52.93%
2016-03-28,21.58,+50.49%
2016-03-24,21.62,+47.48%
2016-03-23,21.61,+46.91%
2016-03-22,21.78,+47.66%
2016-03-21,21.73,+47.32%
2016-03-18,21.65,+47.98%
2016-03-17,21.60,+49.17%
2016-03-16,21.62,+49.52%
2016-03-15,21.43,+50.07%
2016-03-14,21.43,+50.07%
2016-03-11,21.41,+50.35%
2016-03-10,21.04,+46.93%
2016-03-09,21.07,+44.32%
2016-03-08,20.93,+43.85%
2016-03-07,21.12,+45.15%
2016-03-04,21.25,+44.46%
2016-03-03,21.23,+43.93%
2016-03-02,21.27,+43.43%
2016-03-01,21.27,+44.79%
2016-02-29,20.62,+40.37%
2016-02-26,20.79,+40.85%
2016-02-25,20.81,+41.66%
2016-02-24,20.62,+39.99%
2016-02-23,20.43,+38.79%
2016-02-22,20.77,+41.29%
2016-02-19,20.44,+40.00%
2016-02-18,20.37,+40.19%
2016-02-17,20.61,+42.04%
2016-02-16,20.14,+38.90%
2016-02-12,19.73,+37.11%
2016-02-11,19.45,+36.78%
2016-02-10,19.47,+37.50%
2016-02-09,19.38,+38.92%
2016-02-08,19.44,+38.96%
2016-02-05,19.75,+40.27%
2016-02-04,20.45,+46.39%
2016-02-03,20.48,+46.39%
2016-02-02,20.58,+48.48%
2016-02-01,21.04,+53.24%
2016-01-29,21.00,+51.84%
2016-01-28,20.54,+49.93%
2016-01-27,20.26,+47.02%
2016-01-26,20.78,+46.86%
2016-01-25,20.60,+45.58%
2016-01-22,20.91,+47.98%
2016-01-21,20.33,+46.58%
2016-01-20,20.30,+47.10%
2016-01-19,20.35,+48.54%
2016-01-15,20.32,+50.18%
2016-01-14,20.97,+52.84%
2016-01-13,20.53,+48.98%
2016-01-12,21.27,+54.13%
2016-01-11,21.02,+50.79%
2016-01-08,20.96,+49.39%
2016-01-07,21.13,+53.56%
2016-01-06,21.81,+60.37%
2016-01-05,22.01,+59.84%
2016-01-04,22.07,+57.64%
2015-12-31,22.54,+60.77%
2015-12-30,21.53,+38.99%
2015-12-29,21.71,+39.17%
2015-12-28,21.39,+37.03%
2015-12-24,21.40,+38.06%
2015-12-23,21.40,+38.24%
2015-12-22,21.24,+36.77%
2015-12-21,21.11,+36.28%
2015-12-18,20.90,+35.36%
2015-12-17,21.28,+41.21%
2015-12-16,21.59,+45.88%
2015-12-15,21.28,+41.49%
2015-12-14,21.15,+39.24%
2015-12-11,21.00,+36.72%
2015-12-10,21.49,+40.55%
2015-12-09,21.39,+37.64%
2015-12-08,21.73,+40.37%
2015-12-07,21.72,+39.23%
2015-12-04,21.83,+39.94%
2015-12-03,21.32,+36.67%
2015-12-02,21.69,+39.22%
2015-12-01,21.83,+40.75%
2015-11-30,21.59,+37.60%
2015-11-27,21.66,+38.67%
2015-11-25,21.63,+39.46%
2015-11-24,21.61,+39.42%
2015-11-23,21.64,+40.70%
2015-11-20,21.69,+41.30%
2015-11-19,21.55,+41.03%
2015-11-18,21.54,+40.33%
2015-11-17,21.13,+38.56%
2015-11-16,21.13,+38.19%
2015-11-13,20.84,+36.75%
2015-11-12,21.24,+39.92%
2015-11-11,21.46,+41.65%
2015-11-10,21.48,+42.16%
2015-11-09,21.55,+43.19%
2015-11-06,21.79,+44.59%
2015-11-05,21.77,+44.84%
2015-11-04,21.84,+45.21%
2015-11-03,21.84,+44.83%
2015-11-02,21.77,+44.75%
2015-10-30,21.52,+45.01%
2015-10-29,21.62,+46.08%
2015-10-28,21.65,+45.69%
2015-10-27,21.47,+46.65%
2015-10-26,21.43,+46.58%
2015-10-23,21.40,+47.38%
2015-10-22,20.84,+45.84%
2015-10-21,20.43,+42.17%
2015-10-20,20.54,+46.71%
2015-10-19,20.65,+49.64%
2015-10-16,20.54,+50.81%
2015-10-15,20.45,+49.27%
2015-10-14,20.12,+45.90%
2015-10-13,20.15,+46.23%
2015-10-12,20.28,+44.86%
2015-10-09,20.23,+40.88%
2015-10-08,20.13,+37.69%
2015-10-07,20.06,+40.08%
2015-10-06,19.93,+37.16%
2015-10-05,20.05,+37.61%
2015-10-02,19.75,+36.96%
2015-10-01,19.41,+34.60%
2015-09-30,19.35,+32.08%
2015-09-29,18.13,+30.62%
2015-09-28,18.22,+31.08%
2015-09-25,18.75,+36.46%
2015-09-24,18.92,+34.76%
2015-09-23,18.97,+36.57%
2015-09-22,18.97,+36.18%
2015-09-21,19.25,+36.91%
2015-09-18,19.19,+36.39%
2015-09-17,19.47,+39.37%
2015-09-16,19.46,+39.50%
2015-09-15,19.36,+40.09%
2015-09-14,19.13,+37.13%
2015-09-11,19.19,+36.78%
2015-09-10,19.07,+35.83%
2015-09-09,18.88,+35.53%
2015-09-08,19.10,+36.04%
2015-09-04,18.58,+33.29%
2015-09-03,18.80,+34.67%
2015-09-02,18.89,+34.54%
2015-09-01,18.39,+31.36%
2015-08-31,18.98,+35.57%
2015-08-28,19.22,+37.88%
2015-08-27,19.20,+37.44%
2015-08-26,18.73,+34.17%
2015-08-25,17.83,+27.81%
2015-08-24,17.93,+28.99%
2015-08-21,18.63,+34.22%
2015-08-20,19.47,+40.48%
2015-08-19,20.02,+44.55%
2015-08-18,20.16,+46.19%
2015-08-17,20.27,+48.28%
2015-08-14,20.11,+47.76%
2015-08-13,20.06,+48.15%
2015-08-12,20.10,+50.11%
2015-08-11,20.04,+49.44%
2015-08-10,20.30,+52.29%
2015-08-07,20.07,+51.70%
2015-08-06,20.10,+51.36%
2015-08-05,20.43,+53.72%
2015-08-04,20.28,+51.34%
2015-08-03,20.33,+52.86%
2015-07-31,20.37,+52.58%
2015-07-30,20.41,+49.74%
2015-07-29,20.34,+49.78%
2015-07-28,20.24,+48.82%
2015-07-27,20.06,+47.50%
2015-07-24,20.23,+48.10%
2015-07-23,20.43,+49.45%
2015-07-22,20.52,+51.10%
2015-07-21,20.75,+53.82%
2015-07-20,20.77,+53.74%
2015-07-17,20.69,+55.56%
2015-07-16,20.40,+51.34%
2015-07-15,20.10,+49.78%
2015-07-14,20.08,+49.07%
2015-07-13,19.95,+48.99%
2015-07-10,19.62,+47.52%
2015-07-09,19.32,+44.72%
2015-07-08,19.32,+45.81%
2015-07-07,19.66,+46.61%
2015-07-06,19.62,+45.87%
2015-07-02,19.68,+47.20%
2015-07-01,19.66,+47.27%
2015-06-30,19.52,+47.88%
2015-06-29,18.88,+32.77%
2015-06-26,19.33,+36.61%
2015-06-25,19.46,+37.53%
2015-06-24,19.50,+38.79%
2015-06-23,19.61,+39.37%
2015-06-22,19.59,+39.33%
2015-06-19,19.46,+38.41%
2015-06-18,19.54,+38.88%
2015-06-17,19.27,+37.84%
2015-06-16,19.21,+37.41%
2015-06-15,19.11,+36.89%
2015-06-12,19.20,+37.93%
2015-06-11,19.35,+37.72%
2015-06-10,19.34,+37.55%
2015-06-09,19.09,+35.97%
2015-06-08,19.10,+36.14%
2015-06-05,19.30,+38.15%
2015-06-04,19.34,+39.74%
2015-06-03,19.48,+41.26%
2015-06-02,19.44,+40.77%
2015-06-01,19.49,+41.03%
2015-05-29,19.43,+40.59%
2015-05-28,19.55,+42.39%
2015-05-27,19.60,+42.34%
2015-05-26,19.28,+41.76%
2015-05-22,19.52,+44.59%
2015-05-21,19.53,+45.20%
2015-05-20,19.42,+45.91%
2015-05-19,19.41,+45.18%
2015-05-18,19.45,+46.57%
2015-05-15,19.37,+46.97%
2015-05-14,19.38,+45.82%
2015-05-13,19.08,+42.92%
2015-05-12,19.06,+42.66%
2015-05-11,19.13,+45.48%
2015-05-08,19.22,+46.83%
2015-05-07,18.97,+44.59%
2015-05-06,18.88,+43.57%
2015-05-05,19.01,+42.61%
2015-05-04,19.32,+45.59%
2015-05-01,19.31,+45.30%
2015-04-30,19.03,+43.62%
2015-04-29,19.35,+46.37%
2015-04-28,19.46,+48.44%
2015-04-27,19.51,+49.27%
2015-04-24,19.56,+47.29%
2015-04-23,19.30,+46.77%
2015-04-22,19.23,+44.91%
2015-04-21,19.12,+45.18%
2015-04-20,19.04,+45.68%
2015-04-17,18.76,+43.53%
2015-04-16,19.05,+45.75%
2015-04-15,19.07,+47.83%
2015-04-14,18.96,+47.55%
2015-04-13,19.01,+49.10%
2015-04-10,19.06,+47.75%
2015-04-09,18.98,+42.60%
2015-04-08,18.86,+44.19%
2015-04-07,18.73,+44.41%
2015-04-06,18.76,+43.32%
2015-04-02,18.61,+37.24%
2015-04-01,18.59,+37.40%
2015-03-31,18.68,+40.45%
2015-03-30,14.50,-12.76%
2015-03-27,14.34,-13.51%
2015-03-26,14.28,-14.39%
2015-03-25,14.32,-15.22%
2015-03-24,14.66,-12.95%
2015-03-23,14.71,-13.47%
2015-03-20,14.75,-14.19%
2015-03-19,14.65,-14.53%
2015-03-18,14.63,-15.19%
2015-03-17,14.48,-15.07%
2015-03-16,14.46,-14.34%
2015-03-13,14.28,-15.95%
2015-03-12,14.35,-16.81%
2015-03-11,14.24,-17.11%
2015-03-10,14.32,-16.99%
2015-03-09,14.60,-15.31%
2015-03-06,14.55,-15.99%
2015-03-05,14.73,-15.10%
2015-03-04,14.71,-15.02%
2015-03-03,14.75,-13.59%
2015-03-02,14.83,-13.78%
2015-02-27,14.69,-14.69%
2015-02-26,14.76,-13.73%
2015-02-25,14.69,-14.19%
2015-02-24,14.73,-14.11%
2015-02-23,14.72,-13.67%
2015-02-20,14.70,-13.98%
2015-02-19,14.60,-14.12%
2015-02-18,14.53,-15.13%
2015-02-17,14.51,-14.90%
2015-02-13,14.50,-14.86%
2015-02-12,14.39,-14.75%
2015-02-11,14.22,-15.66%
2015-02-10,14.16,-15.06%
2015-02-09,13.95,-15.86%
2015-02-06,13.99,-14.07%
2015-02-05,14.08,-12.44%
2015-02-04,13.97,-13.50%
2015-02-03,13.99,-12.62%
2015-02-02,13.86,-15.44%
2015-01-30,13.73,-16.48%
2015-01-29,13.83,-14.31%
2015-01-28,13.70,-16.05%
2015-01-27,13.78,-15.62%
2015-01-26,14.15,-14.14%
2015-01-23,14.15,-15.87%
2015-01-22,14.13,-16.29%
2015-01-21,13.87,-17.64%
2015-01-20,13.80,-17.41%
2015-01-16,13.70,-18.50%
2015-01-15,13.53,-19.46%
2015-01-14,13.72,-17.65%
2015-01-13,13.78,-15.72%
2015-01-12,13.80,-16.82%
2015-01-09,13.94,-15.67%
2015-01-08,14.03,-15.48%
2015-01-07,13.76,-16.91%
2015-01-06,13.60,-17.12%
2015-01-05,13.77,-16.39%
2015-01-02,14.00,-15.61%
2014-12-31,14.02,-16.15%
2014-12-30,15.49,-6.63%
2014-12-29,15.60,-6.02%
2014-12-26,15.61,-6.25%
2014-12-24,15.50,-6.63%
2014-12-23,15.48,-6.63%
2014-12-22,15.53,-5.30%
2014-12-19,15.49,-4.68%
2014-12-18,15.44,-5.28%
2014-12-17,15.07,-6.51%
2014-12-16,14.80,-8.36%
2014-12-15,15.04,-6.35%
2014-12-12,15.19,-5.53%
2014-12-11,15.36,-4.71%
2014-12-10,15.29,-6.37%
2014-12-09,15.54,-4.84%
2014-12-08,15.48,-4.91%
2014-12-05,15.60,-3.47%
2014-12-04,15.60,-3.58%
2014-12-03,15.60,-3.47%
2014-12-02,15.58,-3.65%
2014-12-01,15.51,-4.26%
2014-11-28,15.69,-2.67%
2014-11-26,15.62,-2.44%
2014-11-25,15.51,-2.58%
2014-11-24,15.50,-2.52%
2014-11-21,15.38,-2.72%
2014-11-20,15.35,-1.85%
2014-11-19,15.28,-2.61%
2014-11-18,15.35,-2.48%
2014-11-17,15.25,-4.09%
2014-11-14,15.29,-3.65%
2014-11-13,15.24,-3.67%
2014-11-12,15.18,-2.88%
2014-11-11,15.15,-3.01%
2014-11-10,15.11,-3.39%
2014-11-07,15.05,-2.46%
2014-11-06,15.07,-4.20%
2014-11-05,15.03,-4.51%
2014-11-04,15.04,-4.33%
2014-11-03,15.08,-3.95%
2014-10-31,15.04,-4.14%
2014-10-30,14.84,-5.66%
2014-10-29,14.80,-6.09%
2014-10-28,14.86,-5.41%
2014-10-27,14.64,-6.87%
2014-10-24,14.62,-6.40%
2014-10-23,14.52,-6.56%
2014-10-22,14.29,-8.63%
2014-10-21,14.37,-7.94%
2014-10-20,14.00,-10.14%
2014-10-17,13.80,-10.04%
2014-10-16,13.62,-10.69%
2014-10-15,13.70,-9.09%
2014-10-14,13.79,-8.86%
2014-10-13,13.78,-8.26%
2014-10-10,14.00,-6.17%
2014-10-09,14.36,-1.64%
2014-10-08,14.62,-0.20%
2014-10-07,14.32,-4.15%
2014-10-06,14.53,-3.52%
2014-10-03,14.57,-2.41%
2014-10-02,14.42,-4.57%
2014-10-01,14.42,-4.57%
2014-09-30,14.65,-2.01%
2014-09-29,13.88,-21.14%
2014-09-26,13.90,-21.11%
2014-09-25,13.74,-21.40%
2014-09-24,14.04,-19.95%
2014-09-23,13.89,-20.81%
2014-09-22,13.93,-20.72%
2014-09-19,14.06,-20.29%
2014-09-18,14.07,-20.06%
2014-09-17,13.97,-19.62%
2014-09-16,13.95,-19.18%
2014-09-15,13.82,-20.21%
2014-09-12,13.95,-19.36%
2014-09-11,14.03,-19.00%
2014-09-10,14.04,-19.08%
2014-09-09,13.93,-19.34%
2014-09-08,14.04,-17.75%
2014-09-05,14.02,-17.77%
2014-09-04,13.94,-18.10%
2014-09-03,13.96,-17.10%
2014-09-02,14.04,-16.18%
2014-08-29,14.00,-16.91%
2014-08-28,13.94,-16.73%
2014-08-27,13.97,-16.20%
2014-08-26,13.96,-17.93%
2014-08-25,13.95,-18.04%
2014-08-22,13.90,-17.75%
2014-08-21,13.88,-17.04%
2014-08-20,13.86,-17.45%
2014-08-19,13.85,-17.17%
2014-08-18,13.79,-17.67%
2014-08-15,13.67,-18.44%
2014-08-14,13.61,-20.18%
2014-08-13,13.54,-20.86%
2014-08-12,13.39,-21.37%
2014-08-11,13.41,-21.07%
2014-08-08,13.33,-21.82%
2014-08-07,13.23,-22.13%
2014-08-06,13.28,-21.93%
2014-08-05,13.29,-22.37%
2014-08-04,13.40,-21.77%
2014-08-01,13.30,-21.90%
2014-07-31,13.35,-20.72%
2014-07-30,13.63,-18.92%
2014-07-29,13.58,-18.78%
2014-07-28,13.60,-18.85%
2014-07-25,13.60,-18.47%
2014-07-24,13.66,-17.56%
2014-07-23,13.67,-17.25%
2014-07-22,13.58,-18.44%
2014-07-21,13.49,-18.69%
2014-07-18,13.51,-19.44%
2014-07-17,13.30,-20.88%
2014-07-16,13.48,-19.62%
2014-07-15,13.42,-20.02%
2014-07-14,13.47,-19.73%
2014-07-11,13.39,-19.68%
2014-07-10,13.30,-18.65%
2014-07-09,13.35,-17.90%
2014-07-08,13.25,-18.01%
2014-07-07,13.41,-16.91%
2014-07-03,13.45,-16.09%
2014-07-02,13.37,-16.23%
2014-07-01,13.35,-16.30%
2014-06-30,13.20,-18.82%
2014-06-27,14.22,-12.44%
2014-06-26,14.15,-12.49%
2014-06-25,14.15,-11.62%
2014-06-24,14.05,-11.69%
2014-06-23,14.07,-12.50%
2014-06-20,14.06,-12.94%
2014-06-19,14.06,-14.94%
2014-06-18,14.07,-15.95%
2014-06-17,13.98,-15.78%
2014-06-16,13.98,-15.02%
2014-06-13,13.96,-15.65%
2014-06-12,13.92,-14.86%
2014-06-11,14.05,-15.05%
2014-06-10,14.06,-15.86%
2014-06-09,14.04,-15.98%
2014-06-06,14.03,-14.87%
2014-06-05,13.97,-14.87%
2014-06-04,13.84,-16.68%
2014-06-03,13.79,-17.47%
2014-06-02,13.81,-17.11%
2014-05-30,13.82,-17.88%
2014-05-29,13.82,-17.39%
2014-05-28,13.73,-18.42%
2014-05-27,13.77,-17.59%
2014-05-23,13.60,-18.61%
2014-05-22,13.50,-19.45%
2014-05-21,13.45,-20.46%
2014-05-20,13.31,-21.15%
2014-05-19,13.37,-20.98%
2014-05-16,13.27,-20.82%
2014-05-15,13.18,-21.45%
2014-05-14,13.29,-20.61%
2014-05-13,13.35,-19.87%
2014-05-12,13.36,-19.76%
2014-05-09,13.15,-20.50%
2014-05-08,13.09,-21.05%
2014-05-07,13.12,-20.48%
2014-05-06,13.15,-20.35%
2014-05-05,13.33,-18.97%
2014-05-02,13.27,-18.39%
2014-05-01,13.29,-17.20%
2014-04-30,13.25,-17.85%
2014-04-29,13.22,-17.48%
2014-04-28,13.11,-17.39%
2014-04-25,13.07,-17.90%
2014-04-24,13.28,-16.11%
2014-04-23,13.15,-16.98%
2014-04-22,13.27,-15.48%
2014-04-21,13.17,-15.20%
2014-04-17,13.07,-15.89%
2014-04-16,13.07,-17.59%
2014-04-15,12.90,-17.47%
2014-04-14,12.85,-19.49%
2014-04-11,12.75,-20.16%
2014-04-10,12.90,-19.22%
2014-04-09,13.31,-15.06%
2014-04-08,13.08,-15.99%
2014-04-07,12.97,-16.27%
2014-04-04,13.09,-16.14%
2014-04-03,13.45,-13.89%
2014-04-02,13.56,-13.96%
2014-04-01,13.53,-13.44%
2014-03-31,13.30,-17.75%
2014-03-28,16.62,+2.78%
2014-03-27,16.58,+2.85%
2014-03-26,16.68,+3.60%
2014-03-25,16.89,+5.56%
2014-03-24,16.84,+4.79%
2014-03-21,17.00,+6.78%
2014-03-20,17.19,+6.77%
2014-03-19,17.14,+7.19%
2014-03-18,17.25,+7.68%
2014-03-17,17.05,+6.16%
2014-03-14,16.88,+4.78%
2014-03-13,16.99,+5.79%
2014-03-12,17.25,+7.34%
2014-03-11,17.18,+6.51%
2014-03-10,17.25,+7.21%
2014-03-07,17.24,+7.35%
2014-03-06,17.32,+8.11%
2014-03-05,17.35,+8.03%
2014-03-04,17.31,+9.35%
2014-03-03,17.07,+8.31%
2014-02-28,17.20,+9.48%
2014-02-27,17.22,+9.47%
2014-02-26,17.11,+9.96%
2014-02-25,17.12,+10.45%
2014-02-24,17.15,+9.24%
2014-02-21,17.05,+9.58%
2014-02-20,17.09,+8.72%
2014-02-19,17.00,+6.45%
2014-02-18,17.12,+7.94%
2014-02-14,17.05,+7.23%
2014-02-13,17.03,+7.04%
2014-02-12,16.88,+6.50%
2014-02-11,16.86,+5.90%
2014-02-10,16.67,+4.71%
2014-02-07,16.58,+5.20%
2014-02-06,16.28,+3.30%
2014-02-05,16.08,+1.71%
2014-02-04,16.15,+3.66%
2014-02-03,16.01,+0.95%
2014-01-31,16.39,+4.59%
2014-01-30,16.44,+4.65%
2014-01-29,16.14,+2.54%
2014-01-28,16.32,+3.75%
2014-01-27,16.33,+4.01%
2014-01-24,16.48,+5.44%
2014-01-23,16.82,+6.12%
2014-01-22,16.88,+7.11%
2014-01-21,16.84,+6.99%
2014-01-17,16.71,+6.03%
2014-01-16,16.81,+7.14%
2014-01-15,16.80,+7.55%
2014-01-14,16.66,+6.18%
2014-01-13,16.35,+3.68%
2014-01-10,16.59,+5.40%
2014-01-09,16.53,+5.62%
2014-01-08,16.60,+6.41%
2014-01-07,16.56,+5.95%
2014-01-06,16.41,+4.99%
2014-01-03,16.47,+5.04%
2014-01-02,16.59,+5.27%
2013-12-31,16.72,+9.50%
2013-12-30,16.59,+7.94%
2013-12-27,16.60,+6.89%
2013-12-26,16.65,+7.07%
2013-12-24,16.60,+5.87%
2013-12-23,16.58,+5.47%
2013-12-20,16.40,+3.21%
2013-12-19,16.25,+2.39%
2013-12-18,16.30,+2.13%
2013-12-17,16.12,+2.61%
2013-12-16,16.15,+4.19%
2013-12-13,16.06,+2.62%
2013-12-12,16.08,+1.97%
2013-12-11,16.12,+1.90%
2013-12-10,16.33,+4.61%
2013-12-09,16.33,+4.88%
2013-12-06,16.28,+3.89%
2013-12-05,16.16,+3.86%
2013-12-04,16.18,+2.86%
2013-12-03,16.16,+2.54%
2013-12-02,16.17,+2.41%
2013-11-29,16.20,+2.47%
2013-11-27,16.12,+3.47%
2013-11-26,16.01,+2.37%
2013-11-25,15.92,+2.25%
2013-11-22,15.90,+3.65%
2013-11-21,15.81,+3.06%
2013-11-20,15.64,+2.22%
2013-11-19,15.69,+2.48%
2013-11-18,15.74,+5.28%
2013-11-15,15.90,+6.78%
2013-11-14,15.87,+6.30%
2013-11-13,15.82,+4.70%
2013-11-12,15.63,+2.63%
2013-11-11,15.62,+2.49%
2013-11-08,15.64,+3.10%
2013-11-07,15.43,+0.13%
2013-11-06,15.73,-0.51%
2013-11-05,15.74,-0.13%
2013-11-04,15.72,+0.32%
2013-11-01,15.70,-0.95%
2013-10-31,15.69,+0.45%
2013-10-30,15.73,+0.06%
2013-10-29,15.76,+0.25%
2013-10-28,15.71,-0.06%
2013-10-25,15.72,+0.32%
2013-10-24,15.62,-0.26%
2013-10-23,15.54,-1.15%
2013-10-22,15.64,-1.57%
2013-10-21,15.61,-1.20%
2013-10-18,15.58,-3.71%
2013-10-17,15.34,-6.29%
2013-10-16,15.25,-6.96%
2013-10-15,15.07,-6.75%
2013-10-14,15.13,-5.67%
2013-10-11,15.02,-6.36%
2013-10-10,14.92,-7.27%
2013-10-09,14.60,-9.71%
2013-10-08,14.65,-10.89%
2013-10-07,14.94,-9.89%
2013-10-04,15.06,-9.71%
2013-10-03,14.93,-10.17%
2013-10-02,15.11,-8.48%
2013-10-01,15.11,-8.31%
2013-09-30,14.95,-3.17%
2013-09-27,17.60,+13.11%
2013-09-26,17.62,+14.86%
2013-09-25,17.48,+12.99%
2013-09-24,17.54,+11.79%
2013-09-23,17.54,+11.15%
2013-09-20,17.57,+11.34%
2013-09-19,17.64,+11.65%
2013-09-18,17.60,+11.68%
2013-09-17,17.38,+10.35%
2013-09-16,17.26,+9.59%
2013-09-13,17.32,+10.88%
2013-09-12,17.30,+12.34%
2013-09-11,17.32,+12.76%
2013-09-10,17.35,+12.81%
2013-09-09,17.27,+10.85%
2013-09-06,17.07,+9.35%
2013-09-05,17.05,+11.73%
2013-09-04,17.02,+11.31%
2013-09-03,16.84,+10.14%
2013-08-30,16.75,+10.27%
2013-08-29,16.85,+9.70%
2013-08-28,16.74,+9.06%
2013-08-27,16.67,+8.60%
2013-08-26,17.01,+11.03%
2013-08-23,17.02,+11.75%
2013-08-22,16.90,+10.10%
2013-08-21,16.73,+9.42%
2013-08-20,16.79,+9.31%
2013-08-19,16.72,+9.07%
2013-08-16,16.75,+9.69%
2013-08-15,16.76,+11.07%
2013-08-14,17.05,+13.29%
2013-08-13,17.11,+13.69%
2013-08-12,17.03,+13.38%
2013-08-09,16.99,+13.27%
2013-08-08,17.05,+13.89%
2013-08-07,16.99,+13.34%
2013-08-06,17.01,+14.47%
2013-08-05,17.12,+15.99%
2013-08-02,17.13,+18.30%
2013-08-01,17.03,+17.21%
2013-07-31,16.84,+15.58%
2013-07-30,16.81,+15.37%
2013-07-29,16.72,+14.52%
2013-07-26,16.76,+17.53%
2013-07-25,16.68,+18.63%
2013-07-24,16.57,+17.02%
2013-07-23,16.52,+15.69%
2013-07-22,16.65,+15.30%
2013-07-19,16.59,+13.24%
2013-07-18,16.77,+15.81%
2013-07-17,16.81,+17.63%
2013-07-16,16.77,+18.02%
2013-07-15,16.78,+17.67%
2013-07-12,16.78,+19.52%
2013-07-11,16.67,+17.56%
2013-07-10,16.35,+14.66%
2013-07-09,16.26,+12.92%
2013-07-08,16.16,+12.14%
2013-07-05,16.14,+10.55%
2013-07-03,16.03,+9.87%
2013-07-02,15.96,+10.22%
2013-07-01,15.95,+14.34%
2013-06-28,16.26,+20.18%
2013-06-27,16.24,+18.71%
2013-06-26,16.17,+18.90%
2013-06-25,16.01,+18.50%
2013-06-24,15.91,+15.37%
2013-06-21,16.08,+17.89%
2013-06-20,16.15,+15.44%
2013-06-19,16.53,+18.24%
2013-06-18,16.74,+21.04%
2013-06-17,16.60,+21.08%
2013-06-14,16.45,+21.40%
2013-06-13,16.55,+22.77%
2013-06-12,16.35,+20.40%
2013-06-11,16.54,+23.16%
2013-06-10,16.71,+22.42%
2013-06-07,16.71,+23.59%
2013-06-06,16.48,+21.35%
2013-06-05,16.41,+23.66%
2013-06-04,16.61,+25.64%
2013-06-03,16.71,+27.46%
2013-05-31,16.66,+23.68%
2013-05-30,16.83,+24.39%
2013-05-29,16.73,+22.56%
2013-05-28,16.83,+24.85%
2013-05-24,16.71,+23.78%
2013-05-23,16.71,+22.96%
2013-05-22,16.76,+23.78%
2013-05-21,16.91,+24.52%
2013-05-20,16.88,+27.69%
2013-05-17,16.92,+26.46%
2013-05-16,16.76,+22.69%
2013-05-15,16.78,+21.86%
2013-05-14,16.74,+21.13%
2013-05-13,16.66,+19.43%
2013-05-10,16.65,+19.35%
2013-05-09,16.54,+18.31%
2013-05-08,16.58,+18.18%
2013-05-07,16.50,+17.19%
2013-05-06,16.51,+17.34%
2013-05-03,16.45,+14.00%
2013-05-02,16.26,+11.45%
2013-05-01,16.05,+10.39%
2013-04-30,16.13,+11.01%
2013-04-29,16.02,+9.58%
2013-04-26,15.87,+9.15%
2013-04-25,15.92,+10.17%
2013-04-24,15.83,+12.51%
2013-04-23,15.84,+11.94%
2013-04-22,15.70,+10.02%
2013-04-19,15.53,+8.37%
2013-04-18,15.32,+5.73%
2013-04-17,15.54,+6.95%
2013-04-16,15.86,+11.38%
2013-04-15,15.63,+8.54%
2013-04-12,15.96,+9.17%
2013-04-11,15.97,+10.60%
2013-04-10,15.97,+11.06%
2013-04-09,15.67,+7.26%
2013-04-08,15.57,+5.70%
2013-04-05,15.49,+5.16%
2013-04-04,15.61,+6.63%
2013-04-03,15.62,+5.26%
2013-04-02,15.76,+6.13%
2013-04-01,15.63,-0.57%
2013-03-28,16.17,+2.28%
2013-03-27,16.12,+1.51%
2013-03-26,16.10,+1.58%
2013-03-25,16.00,+2.76%
2013-03-22,16.07,+3.08%
2013-03-21,15.92,+1.92%
2013-03-20,16.10,+3.07%
2013-03-19,15.99,+2.50%
2013-03-18,16.02,+3.49%
2013-03-15,16.06,+3.68%
2013-03-14,16.11,+4.20%
2013-03-13,16.06,+4.35%
2013-03-12,16.07,+6.35%
2013-03-11,16.13,+6.75%
2013-03-08,16.09,+6.91%
2013-03-07,16.06,+7.93%
2013-03-06,16.02,+8.46%
2013-03-05,16.06,+7.64%
2013-03-04,15.83,+4.97%
2013-03-01,15.76,+4.44%
2013-02-28,15.71,+4.52%
2013-02-27,15.73,+5.71%
2013-02-26,15.56,+4.71%
2013-02-25,15.50,+4.31%
2013-02-22,15.70,+6.66%
2013-02-21,15.56,+5.28%
2013-02-20,15.72,+6.58%
2013-02-19,15.97,+8.27%
2013-02-15,15.86,+8.70%
2013-02-14,15.90,+8.16%
2013-02-13,15.91,+8.53%
2013-02-12,15.85,+9.01%
2013-02-11,15.92,+9.49%
2013-02-08,15.92,+9.57%
2013-02-07,15.76,+9.07%
2013-02-06,15.76,+9.22%
2013-02-05,15.81,+9.56%
2013-02-04,15.58,+7.97%
2013-02-01,15.86,+11.69%
2013-01-31,15.67,+11.29%
2013-01-30,15.71,+11.66%
2013-01-29,15.74,+12.03%
2013-01-28,15.73,+11.96%
2013-01-25,15.70,+11.58%
2013-01-24,15.63,+12.53%
2013-01-23,15.85,+13.95%
2013-01-22,15.76,+13.30%
2013-01-18,15.74,+13.73%
2013-01-17,15.76,+15.37%
2013-01-16,15.69,+15.88%
2013-01-15,15.62,+15.36%
2013-01-14,15.69,+15.88%
2013-01-11,15.77,+16.47%
2013-01-10,15.74,+16.51%
2013-01-09,15.65,+16.62%
2013-01-08,15.60,+15.99%
2013-01-07,15.63,+16.21%
2013-01-04,15.63,+17.52%
2013-01-03,15.68,+18.34%
2013-01-02,15.76,+15.71%
2012-12-31,15.27,+12.11%
2012-12-28,15.37,+13.43%
2012-12-27,15.53,+13.27%
2012-12-26,15.55,+13.67%
2012-12-24,15.68,+14.62%
2012-12-21,15.72,+16.88%
2012-12-20,15.89,+16.50%
2012-12-19,15.87,+19.86%
2012-12-18,15.96,+19.28%
2012-12-17,15.71,+17.41%
2012-12-14,15.50,+16.10%
2012-12-13,15.65,+15.41%
2012-12-12,15.77,+15.11%
2012-12-11,15.82,+14.14%
2012-12-10,15.61,+12.63%
2012-12-07,15.57,+12.26%
2012-12-06,15.67,+12.90%
2012-12-05,15.56,+11.86%
2012-12-04,15.73,+14.32%
2012-12-03,15.76,+14.53%
2012-11-30,15.79,+15.09%
2012-11-29,15.81,+19.59%
2012-11-28,15.72,+18.20%
2012-11-27,15.58,+21.15%
2012-11-26,15.64,+21.62%
2012-11-23,15.57,+20.23%
2012-11-21,15.34,+16.04%
2012-11-20,15.30,+13.59%
2012-11-19,15.31,+13.66%
2012-11-16,14.95,+7.55%
2012-11-15,14.89,+5.23%
2012-11-14,14.93,+6.64%
2012-11-13,15.11,+7.32%
2012-11-12,15.23,+8.17%
2012-11-09,15.24,+10.20%
2012-11-08,15.17,+5.71%
2012-11-07,15.41,+8.75%
2012-11-06,15.81,+12.21%
2012-11-05,15.76,+11.85%
2012-11-02,15.67,+13.06%
2012-11-01,15.85,+15.36%
2012-10-31,15.62,+10.70%
2012-10-26,15.72,+12.61%
2012-10-25,15.67,+12.25%
2012-10-24,15.66,+9.89%
2012-10-23,15.72,+12.61%
2012-10-22,15.89,+13.83%
2012-10-19,15.80,+14.08%
2012-10-18,16.18,+14.43%
2012-10-17,16.37,+17.26%
2012-10-16,16.39,+15.59%
2012-10-15,16.16,+13.96%
2012-10-12,16.04,+16.32%
2012-10-11,16.04,+16.91%
2012-10-10,16.09,+18.14%
2012-10-09,16.17,+22.78%
2012-10-08,16.44,+24.83%
2012-10-05,16.58,+27.05%
2012-10-04,16.68,+31.03%
2012-10-03,16.62,+33.28%
2012-10-02,16.51,+29.09%
2012-10-01,16.48,+28.85%
2012-09-28,15.44,+14.46%
2012-09-27,15.56,+13.66%
2012-09-26,15.34,+12.96%
2012-09-25,15.47,+15.36%
2012-09-24,15.69,+17.00%
2012-09-21,15.78,+15.01%
2012-09-20,15.78,+13.12%
2012-09-19,15.80,+12.62%
2012-09-18,15.76,+12.49%
2012-09-17,15.75,+12.42%
2012-09-14,15.75,+15.05%
2012-09-13,15.62,+15.79%
2012-09-12,15.40,+15.62%
2012-09-11,15.36,+16.81%
2012-09-10,15.38,+16.96%
2012-09-07,15.58,+15.32%
2012-09-06,15.61,+18.53%
2012-09-05,15.26,+15.87%
2012-09-04,15.29,+16.10%
2012-08-31,15.29,+12.26%
2012-08-30,15.19,+11.69%
2012-08-29,15.36,+13.69%
2012-08-28,15.35,+16.82%
2012-08-27,15.35,+16.82%
2012-08-24,15.32,+17.57%
2012-08-23,15.23,+17.70%
2012-08-22,15.35,+23.59%
2012-08-21,15.29,+23.51%
2012-08-20,15.36,+24.07%
2012-08-17,15.33,+15.61%
2012-08-16,15.27,+14.55%
2012-08-15,15.09,+12.19%
2012-08-14,15.05,+13.50%
2012-08-13,15.05,+13.50%
2012-08-10,15.02,+19.21%
2012-08-09,15.00,+14.24%
2012-08-08,14.97,+19.57%
2012-08-07,14.99,+12.45%
2012-08-06,14.86,+11.48%
2012-08-03,14.76,+5.05%
2012-08-02,14.48,+3.95%
2012-08-01,14.53,+1.61%
2012-07-31,14.57,+1.46%
2012-07-30,14.57,+1.46%
2012-07-27,14.60,+1.53%
2012-07-26,14.26,-3.39%
2012-07-25,14.06,-4.55%
2012-07-24,14.16,-4.07%
2012-07-23,14.28,-3.25%
2012-07-20,14.44,-0.48%
2012-07-19,14.65,+0.55%
2012-07-18,14.48,+1.69%
2012-07-17,14.29,-0.21%
2012-07-16,14.21,-0.77%
2012-07-13,14.26,-0.21%
2012-07-12,14.04,-1.40%
2012-07-11,14.18,-1.18%
2012-07-10,14.26,-2.46%
2012-07-09,14.40,-1.50%
2012-07-06,14.41,-0.28%
2012-07-05,14.60,+1.32%
2012-07-03,14.59,+1.67%
2012-07-02,14.48,+0.91%
2012-06-29,13.95,-3.99%
2012-06-28,13.53,-6.56%
2012-06-27,13.68,-4.07%
2012-06-26,13.60,-3.13%
2012-06-25,13.51,-3.77%
2012-06-22,13.79,-2.61%
2012-06-21,13.64,-4.35%
2012-06-20,13.99,+0.21%
2012-06-19,13.98,+0.65%
2012-06-18,13.83,-0.43%
2012-06-15,13.71,-2.00%
2012-06-14,13.55,-4.91%
2012-06-13,13.48,-4.19%
2012-06-12,13.58,-3.48%
2012-06-11,13.43,-4.55%
2012-06-08,13.65,-4.34%
2012-06-07,13.52,-5.92%
2012-06-06,13.58,-5.76%
2012-06-05,13.27,-8.61%
2012-06-04,13.22,-8.95%
2012-06-01,13.11,-10.88%
2012-05-31,13.47,-10.38%
2012-05-30,13.53,-8.58%
2012-05-29,13.65,-7.77%
2012-05-25,13.48,-7.92%
2012-05-24,13.50,-7.47%
2012-05-23,13.59,-7.36%
2012-05-22,13.54,-9.07%
2012-05-21,13.58,-8.80%
2012-05-18,13.22,-11.69%
2012-05-17,13.38,-9.84%
2012-05-16,13.66,-7.77%
2012-05-15,13.77,-8.63%
2012-05-14,13.82,-8.29%
2012-05-11,13.95,-7.98%
2012-05-10,13.95,-8.64%
2012-05-09,13.98,-7.66%
2012-05-08,14.03,-7.02%
2012-05-07,14.08,-6.69%
2012-05-04,14.07,-6.94%
2012-05-03,14.43,-4.75%
2012-05-02,14.59,-4.20%
2012-05-01,14.54,-4.53%
2012-04-30,14.53,-4.60%
2012-04-27,14.62,-4.38%
2012-04-26,14.54,-4.22%
2012-04-25,14.45,-4.30%
2012-04-24,14.07,-6.57%
2012-04-23,14.15,-6.04%
2012-04-20,14.27,-4.42%
2012-04-19,14.33,-1.92%
2012-04-18,14.49,-0.21%
2012-04-17,14.53,-0.62%
2012-04-16,14.24,-2.60%
2012-04-13,14.40,-1.84%
2012-04-12,14.62,+0.41%
2012-04-11,14.44,-1.50%
2012-04-10,14.38,-2.18%
2012-04-09,14.61,-0.61%
2012-04-05,14.73,-0.07%
2012-04-04,14.64,-1.01%
2012-04-03,14.84,0%
2012-04-02,14.85,+0.07%
2012-03-30,15.72,+4.31%
2012-03-29,15.76,+5.07%
2012-03-28,15.81,+6.46%
2012-03-27,15.88,+6.29%
2012-03-26,15.85,+6.09%
2012-03-23,15.57,+6.35%
2012-03-22,15.59,+7.07%
2012-03-21,15.62,+7.06%
2012-03-20,15.62,+9.08%
2012-03-19,15.60,+8.94%
2012-03-16,15.48,+9.01%
2012-03-15,15.49,+6.31%
2012-03-14,15.46,+4.67%
2012-03-13,15.39,+3.78%
2012-03-12,15.11,+1.89%
2012-03-09,15.11,+0.87%
2012-03-08,15.05,-0.13%
2012-03-07,14.88,-0.87%
2012-03-06,14.77,-2.96%
2012-03-05,14.92,-1.97%
2012-03-02,15.08,+0.53%
2012-03-01,15.09,+1.07%
2012-02-29,14.97,+0.27%
2012-02-28,15.03,-0.86%
2012-02-27,14.88,-1.65%
2012-02-24,14.86,-0.40%
2012-02-23,14.81,-0.20%
2012-02-22,14.72,-1.74%
2012-02-21,14.78,-4.21%
2012-02-17,14.75,-4.59%
2012-02-16,14.79,-4.33%
2012-02-15,14.59,-5.01%
2012-02-14,14.70,-4.42%
2012-02-13,14.66,-4.43%
2012-02-10,14.54,-4.66%
2012-02-09,14.63,-3.88%
2012-02-08,14.53,-4.66%
2012-02-07,14.45,-4.62%
2012-02-06,14.43,-4.31%
2012-02-03,14.43,-3.67%
2012-02-02,14.24,-4.88%
2012-02-01,14.20,-5.27%
2012-01-31,14.08,-4.28%
2012-01-30,14.07,-3.89%
2012-01-27,14.05,-6.46%
2012-01-26,14.01,-6.10%
2012-01-25,14.07,-5.32%
2012-01-24,13.89,-6.34%
2012-01-23,13.91,-4.92%
2012-01-20,13.91,-5.63%
2012-01-19,13.93,-6.20%
2012-01-18,13.84,-7.86%
2012-01-17,13.66,-8.81%
2012-01-13,13.54,-8.94%
2012-01-12,13.59,-8.55%
2012-01-11,13.54,-8.27%
2012-01-10,13.51,-8.28%
2012-01-09,13.42,-8.58%
2012-01-06,13.45,-8.44%
2012-01-05,13.41,-8.40%
2012-01-04,13.30,-8.40%
2012-01-03,13.25,-8.87%
2011-12-30,13.62,-11.10%
2011-12-29,13.66,-11.07%
2011-12-28,13.55,-11.61%
2011-12-27,13.71,-10.63%
2011-12-23,13.68,-10.88%
2011-12-22,13.55,-11.96%
2011-12-21,13.45,-12.55%
2011-12-20,13.64,-10.85%
2011-12-19,13.24,-13.24%
2011-12-16,13.38,-12.32%
2011-12-15,13.31,-12.15%
2011-12-14,13.35,-12.29%
2011-12-13,13.56,-10.73%
2011-12-12,13.70,-10.10%
2011-12-09,13.86,-8.51%
2011-12-08,13.65,-9.84%
2011-12-07,13.87,-7.90%
2011-12-06,13.88,-7.90%
2011-12-05,13.91,-7.76%
2011-12-02,13.76,-8.51%
2011-12-01,13.81,-7.19%
2011-11-30,13.72,-5.83%
2011-11-29,13.22,-10.43%
2011-11-28,13.30,-10.26%
2011-11-25,12.86,-13.52%
2011-11-23,12.95,-11.06%
2011-11-22,13.25,-10.47%
2011-11-21,13.22,-10.01%
2011-11-18,13.47,-8.30%
2011-11-17,13.58,-6.02%
2011-11-16,13.90,-3.54%
2011-11-15,14.15,-3.54%
2011-11-14,14.00,-4.83%
2011-11-11,14.08,-5.82%
2011-11-10,13.82,-8.17%
2011-11-09,13.83,-7.68%
2011-11-08,14.35,-4.71%
2011-11-07,14.17,-5.85%
2011-11-04,14.09,-6.38%
2011-11-03,14.15,-4.71%
2011-11-02,13.86,-6.41%
2011-11-01,13.74,-6.21%
2011-10-31,14.11,-3.49%
2011-10-28,14.36,-1.98%
2011-10-27,14.35,-1.91%
2011-10-26,13.96,-4.25%
2011-10-25,13.96,-3.99%
2011-10-24,14.25,-1.59%
2011-10-21,13.96,-2.92%
2011-10-20,13.79,-3.90%
2011-10-19,13.85,-2.74%
2011-10-18,14.14,-2.35%
2011-10-17,13.96,-3.26%
2011-10-14,14.18,+0.28%
2011-10-13,13.91,-1.77%
2011-10-12,13.79,-1.85%
2011-10-11,13.72,-1.65%
2011-10-10,13.62,-2.37%
2011-10-07,13.17,-4.84%
2011-10-06,13.26,-3.98%
2011-10-05,13.05,-6.32%
2011-10-04,12.73,-6.33%
2011-10-03,12.47,-9.24%
2011-09-30,12.79,-6.98%
2011-09-29,13.35,-19.48%
2011-09-28,13.49,-18.78%
2011-09-27,13.69,-17.53%
2011-09-26,13.58,-18.73%
2011-09-23,13.41,-18.03%
2011-09-22,13.27,-18.94%
2011-09-21,13.72,-16.44%
2011-09-20,13.95,-15.04%
2011-09-19,14.03,-13.07%
2011-09-16,14.01,-12.87%
2011-09-15,13.89,-13.24%
2011-09-14,13.69,-14.01%
2011-09-13,13.49,-14.94%
2011-09-12,13.32,-14.72%
2011-09-09,13.15,-15.54%
2011-09-08,13.45,-13.34%
2011-09-07,13.51,-11.81%
2011-09-06,13.17,-14.70%
2011-09-02,13.17,-13.30%
2011-09-01,13.48,-10.25%
2011-08-31,13.62,-6.65%
2011-08-30,13.60,-7.04%
2011-08-29,13.51,-8.65%
2011-08-26,13.14,-10.00%
2011-08-25,12.81,-13.33%
2011-08-24,13.03,-11.06%
2011-08-23,12.94,-13.33%
2011-08-22,12.42,-17.58%
2011-08-19,12.38,-17.74%
2011-08-18,12.60,-17.54%
2011-08-17,13.26,-12.93%
2011-08-16,13.33,-11.37%
2011-08-15,13.45,-10.39%
2011-08-12,13.26,-12.30%
2011-08-11,13.17,-13.53%
2011-08-10,12.60,-19.64%
2011-08-09,13.13,-16.95%
2011-08-08,12.52,-20.31%
2011-08-05,13.33,-15.20%
2011-08-04,13.41,-14.91%
2011-08-03,14.05,-10.05%
2011-08-02,13.93,-11.16%
2011-08-01,14.30,-7.08%
2011-07-29,14.36,-6.51%
2011-07-28,14.41,-6.79%
2011-07-27,14.38,-7.76%
2011-07-26,14.76,-5.38%
2011-07-25,14.73,-4.84%
2011-07-22,14.76,-4.03%
2011-07-21,14.61,-2.60%
2011-07-20,14.51,-4.48%
2011-07-19,14.57,-3.00%
2011-07-18,14.24,-4.37%
2011-07-15,14.32,-6.53%
2011-07-14,14.13,-7.65%
2011-07-13,14.29,-6.17%
2011-07-12,14.24,-5.26%
2011-07-11,14.35,-4.21%
2011-07-08,14.62,-1.48%
2011-07-07,14.66,-0.74%
2011-07-06,14.45,+0.91%
2011-07-05,14.41,+0.98%
2011-07-01,14.35,+0.21%
2011-06-30,14.13,-1.60%
2011-06-29,14.53,-7.98%
2011-06-28,14.48,-11.87%
2011-06-27,14.26,-13.37%
2011-06-24,14.04,-14.96%
2011-06-23,14.28,-14.90%
2011-06-22,14.16,-15.86%
2011-06-21,14.26,-15.97%
2011-06-20,13.96,-18.51%
2011-06-17,13.89,-18.77%
2011-06-16,13.93,-18.30%
2011-06-15,13.99,-17.61%
2011-06-14,14.25,-13.74%
2011-06-13,14.07,-14.88%
2011-06-10,14.07,-14.10%
2011-06-09,14.29,-10.24%
2011-06-08,14.27,-11.20%
2011-06-07,14.37,-10.69%
2011-06-06,14.41,-12.13%
2011-06-03,14.52,-14.44%
2011-06-02,14.74,-12.37%
2011-06-01,14.71,-10.41%
2011-05-31,15.03,-9.35%
2011-05-27,14.80,-11.22%
2011-05-26,14.73,-8.40%
2011-05-25,14.64,-9.91%
2011-05-24,14.59,-10.22%
2011-05-23,14.67,-10.06%
2011-05-20,14.89,-7.57%
2011-05-19,15.01,-10.49%
2011-05-18,14.97,-11.37%
2011-05-17,14.84,-13.42%
2011-05-16,14.81,-13.24%
2011-05-13,15.07,-13.44%
2011-05-12,15.25,-13.74%
2011-05-11,15.16,-12.72%
2011-05-10,15.27,-12.19%
2011-05-09,15.14,-8.52%
2011-05-06,15.09,-10.97%
2011-05-05,15.04,-14.20%
2011-05-04,15.12,-14.19%
2011-05-03,15.15,-16.67%
2011-05-02,15.23,-14.96%
2011-04-29,15.23,-16.68%
2011-04-28,15.26,-15.08%
2011-04-27,15.29,-14.87%
2011-04-26,15.18,-17.23%
2011-04-25,15.10,-17.93%
2011-04-21,15.06,-17.30%
2011-04-20,14.93,-17.56%
2011-04-19,14.61,-18.92%
2011-04-18,14.52,-19.42%
2011-04-15,14.62,-19.89%
2011-04-14,14.64,-19.38%
2011-04-13,14.67,-18.18%
2011-04-12,14.56,-18.48%
2011-04-11,14.66,-17.87%
2011-04-08,14.70,-17.09%
2011-04-07,14.78,-16.50%
2011-04-06,14.77,-16.74%
2011-04-05,14.74,-16.72%
2011-04-04,14.79,-15.68%
2011-04-01,14.84,-15.39%
2011-03-31,14.81,-15.52%
2011-03-30,15.07,-28.95%
2011-03-29,15.00,-29.04%
2011-03-28,14.85,-29.42%
2011-03-25,14.94,-28.89%
2011-03-24,14.91,-29.10%
2011-03-23,14.64,-30.81%
2011-03-22,14.56,-30.70%
2011-03-21,14.59,-29.96%
2011-03-18,14.32,-31.65%
2011-03-17,14.35,-31.24%
2011-03-16,14.20,-31.80%
2011-03-15,14.57,-29.58%
2011-03-14,14.77,-28.78%
2011-03-11,14.83,-28.46%
2011-03-10,14.73,-28.70%
2011-03-09,14.98,-26.89%
2011-03-08,15.07,-26.05%
2011-03-07,15.01,-26.24%
2011-03-04,15.22,-24.05%
2011-03-03,15.29,-23.36%
2011-03-02,15.00,-24.81%
2011-03-01,14.93,-24.97%
2011-02-28,15.16,-22.65%
2011-02-25,15.13,-22.57%
2011-02-24,14.92,-23.60%
2011-02-23,14.84,-23.23%
2011-02-22,14.98,-23.53%
2011-02-18,15.43,-21.48%
2011-02-17,15.46,-20.80%
2011-02-16,15.46,-20.39%
2011-02-15,15.36,-19.87%
2011-02-14,15.38,-19.77%
2011-02-11,15.34,-19.85%
2011-02-10,15.25,-19.14%
2011-02-09,15.22,-19.47%
2011-02-08,15.24,-18.50%
2011-02-07,15.15,-19.50%
2011-02-04,15.08,-19.27%
2011-02-03,14.98,-22.10%
2011-02-02,14.97,-21.83%
2011-02-01,14.99,-21.02%
2011-01-31,14.71,-21.59%
2011-01-28,14.64,-23.31%
2011-01-27,15.02,-23.37%
2011-01-26,14.92,-23.25%
2011-01-25,14.86,-23.48%
2011-01-24,14.83,-23.32%
2011-01-21,14.63,-26.63%
2011-01-20,14.74,-26.78%
2011-01-19,14.85,-27.31%
2011-01-18,15.02,-25.24%
2011-01-14,14.98,-26.32%
2011-01-13,14.87,-26.86%
2011-01-12,14.86,-25.92%
2011-01-11,14.76,-27.40%
2011-01-10,14.73,-27.79%
2011-01-07,14.68,-27.43%
2011-01-06,14.69,-27.42%
2011-01-05,14.64,-28.06%
2011-01-04,14.52,-28.58%
2011-01-03,14.54,-27.48%
2010-12-31,14.30,-28.68%
2010-12-30,15.32,-60.14%
2010-12-29,15.36,-59.90%
2010-12-28,15.33,-60.10%
2010-12-27,15.34,-59.90%
2010-12-23,15.35,-59.49%
2010-12-22,15.39,-59.10%
2010-12-21,15.38,-58.89%
2010-12-20,15.30,-58.62%
2010-12-17,15.26,-58.05%
2010-12-16,15.26,-58.58%
2010-12-15,15.15,-58.82%
2010-12-14,15.22,-58.88%
2010-12-13,15.19,-58.57%
2010-12-10,15.24,-58.60%
2010-12-09,15.15,-58.62%
2010-12-08,15.14,-58.25%
2010-12-07,15.06,-58.73%
2010-12-06,15.07,-58.89%
2010-12-03,15.08,-58.65%
2010-12-02,15.04,-58.94%
2010-12-01,14.88,-59.31%
2010-11-30,14.57,-59.71%
2010-11-29,14.76,-59.14%
2010-11-26,14.82,-59.61%
2010-11-24,14.87,-59.30%
2010-11-23,14.56,-60.31%
2010-11-22,14.80,-58.99%
2010-11-19,14.69,-59.50%
2010-11-18,14.69,-60.15%
2010-11-17,14.45,-61.02%
2010-11-16,14.41,-61.03%
2010-11-15,14.67,-59.91%
2010-11-12,14.71,-59.44%
2010-11-11,14.95,-59.01%
2010-11-10,15.05,-58.51%
2010-11-09,14.98,-58.60%
2010-11-08,15.06,-57.47%
2010-11-05,15.05,-57.26%
2010-11-04,15.05,-56.22%
2010-11-03,14.85,-56.77%
2010-11-02,14.81,-56.72%
2010-11-01,14.65,-57.04%
2010-10-29,14.62,-58.24%
2010-10-28,14.65,-57.43%
2010-10-27,14.63,-58.48%
2010-10-26,14.58,-59.19%
2010-10-25,14.54,-59.46%
2010-10-22,14.48,-59.86%
2010-10-21,14.38,-59.91%
2010-10-20,14.35,-60.06%
2010-10-19,14.24,-60.38%
2010-10-18,14.48,-59.30%
2010-10-15,14.43,-59.77%
2010-10-14,14.14,-60.60%
2010-10-13,14.16,-60.00%
2010-10-12,14.05,-60.29%
2010-10-11,13.95,-60.53%
2010-10-08,13.95,-60.30%
2010-10-07,13.84,-60.45%
2010-10-06,13.81,-60.41%
2010-10-05,13.93,-59.36%
2010-10-04,13.59,-60.04%
2010-10-01,13.74,-59.69%
2010-09-30,13.75,-60.90%
2010-09-29,16.58,-55.23%
2010-09-28,16.61,-55.33%
2010-09-27,16.60,-54.55%
2010-09-24,16.71,-54.67%
2010-09-23,16.36,-55.99%
2010-09-22,16.37,-56.22%
2010-09-21,16.42,-56.01%
2010-09-20,16.42,-55.86%
2010-09-17,16.14,-56.51%
2010-09-16,16.08,-56.73%
2010-09-15,16.01,-56.30%
2010-09-14,15.92,-56.41%
2010-09-13,15.86,-56.36%
2010-09-10,15.62,-57.03%
2010-09-09,15.57,-56.74%
2010-09-08,15.52,-56.50%
2010-09-07,15.32,-56.63%
2010-09-03,15.44,-55.40%
2010-09-02,15.19,-55.80%
2010-09-01,15.02,-56.35%
2010-08-31,14.59,-58.36%
2010-08-30,14.63,-58.71%
2010-08-27,14.79,-58.20%
2010-08-26,14.60,-58.63%
2010-08-25,14.78,-58.20%
2010-08-24,14.65,-58.43%
2010-08-23,14.93,-57.72%
2010-08-20,15.07,-56.70%
2010-08-19,15.05,-56.28%
2010-08-18,15.28,-55.32%
2010-08-17,15.23,-54.86%
2010-08-16,15.04,-56.71%
2010-08-13,15.01,-57.25%
2010-08-12,15.12,-56.70%
2010-08-11,15.23,-55.70%
2010-08-10,15.68,-54.84%
2010-08-09,15.81,-54.73%
2010-08-06,15.71,-54.46%
2010-08-05,15.72,-54.84%
2010-08-04,15.76,-55.11%
2010-08-03,15.62,-55.50%
2010-08-02,15.68,-54.64%
2010-07-30,15.39,-55.66%
2010-07-29,15.36,-55.47%
2010-07-28,15.46,-55.33%
2010-07-27,15.59,-54.79%
2010-07-26,15.60,-54.74%
2010-07-23,15.48,-55.17%
2010-07-22,15.38,-54.42%
2010-07-21,15.00,-55.20%
2010-07-20,15.19,-54.37%
2010-07-19,15.02,-54.39%
2010-07-16,14.89,-54.53%
2010-07-15,15.32,-52.66%
2010-07-14,15.30,-51.15%
2010-07-13,15.23,-51.20%
2010-07-12,15.03,-50.90%
2010-07-09,14.98,-50.90%
2010-07-08,14.84,-51.23%
2010-07-07,14.77,-51.24%
2010-07-06,14.32,-53.91%
2010-07-02,14.27,-54.23%
2010-07-01,14.32,-55.17%
2010-06-30,14.36,-54.91%
2010-06-29,15.79,-42.01%
2010-06-28,16.43,-39.51%
2010-06-25,16.46,-39.22%
2010-06-24,16.51,-37.82%
2010-06-23,16.78,-35.81%
2010-06-22,16.83,-35.71%
2010-06-21,16.97,-37.12%
2010-06-18,17.13,-35.77%
2010-06-17,17.10,-35.98%
2010-06-16,17.05,-35.61%
2010-06-15,16.98,-36.48%
2010-06-14,16.52,-39.58%
2010-06-11,16.53,-39.83%
2010-06-10,16.38,-40.31%
2010-06-09,15.92,-42.21%
2010-06-08,16.07,-41.16%
2010-06-07,16.09,-41.28%
2010-06-04,16.40,-40.12%
2010-06-03,16.97,-37.31%
2010-06-02,16.82,-38.07%
2010-06-01,16.42,-39.41%
2010-05-28,16.58,-36.38%
2010-05-27,16.67,-35.19%
2010-05-26,16.08,-37.96%
2010-05-25,16.25,-35.03%
2010-05-24,16.25,-35.03%
2010-05-21,16.31,-34.99%
2010-05-20,16.11,-37.00%
2010-05-19,16.77,-34.62%
2010-05-18,16.89,-33.89%
2010-05-17,17.14,-31.05%
2010-05-14,17.07,-31.58%
2010-05-13,17.41,-29.17%
2010-05-12,17.68,-30.04%
2010-05-11,17.37,-32.17%
2010-05-10,17.39,-32.02%
2010-05-07,16.55,-35.10%
2010-05-06,16.95,-35.13%
2010-05-05,17.53,-32.89%
2010-05-04,17.62,-32.75%
2010-05-03,18.18,-29.07%
2010-04-30,17.91,-29.98%
2010-04-29,18.28,-27.92%
2010-04-28,17.97,-28.09%
2010-04-27,17.96,-28.56%
2010-04-26,18.34,-27.22%
2010-04-23,18.40,-25.42%
2010-04-22,18.30,-25.34%
2010-04-21,18.21,-25.34%
2010-04-20,18.11,-24.60%
2010-04-19,18.02,-27.46%
2010-04-16,18.02,-27.40%
2010-04-15,18.25,-24.46%
2010-04-14,18.16,-25.14%
2010-04-13,17.93,-26.91%
2010-04-12,17.86,-27.37%
2010-04-09,17.85,-27.41%
2010-04-08,17.73,-25.72%
2010-04-07,17.70,-24.36%
2010-04-06,17.74,-26.36%
2010-04-05,17.70,-26.71%
2010-04-01,17.54,-23.67%
2010-03-31,17.53,-22.78%
2010-03-30,21.21,+6.05%
2010-03-29,21.14,+3.12%
2010-03-26,21.04,+0.24%
2010-03-25,21.01,+3.70%
2010-03-24,21.03,+4.01%
2010-03-23,21.16,+2.52%
2010-03-22,21.01,+8.02%
2010-03-19,20.83,+5.58%
2010-03-18,20.95,+5.97%
2010-03-17,20.87,+6.86%
2010-03-16,20.82,+10.92%
2010-03-15,20.69,+8.10%
2010-03-12,20.74,+8.70%
2010-03-11,20.73,+12.36%
2010-03-10,20.66,+13.33%
2010-03-09,20.49,+19.82%
2010-03-08,20.38,+16.86%
2010-03-05,20.35,+15.63%
2010-03-04,20.04,+10.17%
2010-03-03,19.95,+12.65%
2010-03-02,19.95,+13.10%
2010-03-01,19.90,+8.74%
2010-02-26,19.60,+6.12%
2010-02-25,19.54,+2.73%
2010-02-24,19.53,+1.77%
2010-02-23,19.33,+4.49%
2010-02-22,19.59,+1.98%
2010-02-19,19.65,+2.72%
2010-02-18,19.65,+0.87%
2010-02-17,19.52,+0.36%
2010-02-16,19.42,-4.15%
2010-02-12,19.17,-5.84%
2010-02-11,19.14,-4.78%
2010-02-10,18.86,-6.36%
2010-02-09,18.90,-10.00%
2010-02-08,18.70,-10.65%
2010-02-05,18.82,-7.75%
2010-02-04,18.68,-6.18%
2010-02-03,19.23,-3.46%
2010-02-02,19.15,-2.25%
2010-02-01,18.98,-1.86%
2010-01-29,18.76,-4.87%
2010-01-28,19.09,-5.73%
2010-01-27,19.60,+0.15%
2010-01-26,19.44,+0.15%
2010-01-25,19.42,+0.78%
2010-01-22,19.34,+1.04%
2010-01-21,19.94,+2.62%
2010-01-20,20.13,+8.11%
2010-01-19,20.43,+4.08%
2010-01-15,20.09,+3.61%
2010-01-14,20.33,+6.66%
2010-01-13,20.33,+3.20%
2010-01-12,20.06,+1.93%
2010-01-11,20.33,+1.45%
2010-01-08,20.40,-0.58%
2010-01-07,20.23,-0.30%
2010-01-06,20.24,-3.07%
2010-01-05,20.35,-1.64%
2010-01-04,20.33,-1.79%
2009-12-31,20.05,+1.01%
2009-12-30,38.43,+147.94%
2009-12-29,38.30,+152.97%
2009-12-28,38.42,+151.28%
2009-12-24,38.25,+150.33%
2009-12-23,37.89,+148.13%
2009-12-22,37.63,+145.31%
2009-12-21,37.41,+138.28%
2009-12-18,36.97,+137.90%
2009-12-17,36.38,+129.96%
2009-12-16,36.84,+129.68%
2009-12-15,36.79,+141.25%
2009-12-14,37.01,+137.70%
2009-12-11,36.66,+140.71%
2009-12-10,36.81,+133.42%
2009-12-09,36.61,+134.08%
2009-12-08,36.26,+129.35%
2009-12-07,36.49,+140.07%
2009-12-04,36.66,+151.96%
2009-12-03,36.47,+142.33%
2009-12-02,36.63,+151.23%
2009-12-01,36.57,+159.73%
2009-11-30,36.16,+136.34%
2009-11-27,36.12,+134.70%
2009-11-25,36.69,+148.91%
2009-11-24,36.54,+145.40%
2009-11-23,36.68,+161.81%
2009-11-20,36.09,+169.93%
2009-11-19,36.27,+158.52%
2009-11-18,36.86,+147.22%
2009-11-17,37.07,+149.46%
2009-11-16,36.98,+142.97%
2009-11-13,36.59,+128.54%
2009-11-12,36.27,+141.16%
2009-11-11,36.47,+130.68%
2009-11-10,36.27,+124.72%
2009-11-09,36.18,+120.48%
2009-11-06,35.41,+121.04%
2009-11-05,35.21,+109.96%
2009-11-04,34.38,+93.36%
2009-11-03,34.35,+99.48%
2009-11-02,34.22,+98.72%
2009-10-30,34.10,+98.14%
2009-10-29,35.01,+108.39%
2009-10-28,34.41,+105.56%
2009-10-27,35.24,+133.53%
2009-10-26,35.73,+130.37%
2009-10-23,35.87,+124.33%
2009-10-22,36.07,+126.00%
2009-10-21,35.87,+116.61%
2009-10-20,35.93,+105.90%
2009-10-19,35.94,+112.41%
2009-10-16,35.58,+110.04%
2009-10-15,35.87,+123.49%
2009-10-14,35.89,+103.80%
2009-10-13,35.40,+91.97%
2009-10-12,35.38,+116.00%
2009-10-09,35.34,+114.83%
2009-10-08,35.14,+104.66%
2009-10-07,34.99,+103.90%
2009-10-06,34.88,+91.54%
2009-10-05,34.28,+80.61%
2009-10-02,34.01,+76.77%
2009-10-01,34.09,+68.93%
2009-09-30,35.17,+70.98%
2009-09-29,37.03,+98.23%
2009-09-28,37.18,+78.15%
2009-09-25,36.52,+73.33%
2009-09-24,36.86,+77.72%
2009-09-23,37.17,+80.61%
2009-09-22,37.39,+79.76%
2009-09-21,37.33,+71.32%
2009-09-18,37.20,+75.55%
2009-09-17,37.11,+82.09%
2009-09-16,37.16,+72.68%
2009-09-15,36.64,+72.10%
2009-09-14,36.52,+65.55%
2009-09-11,36.34,+64.14%
2009-09-10,36.35,+67.51%
2009-09-09,35.99,+67.47%
2009-09-08,35.68,+62.11%
2009-09-04,35.32,+59.39%
2009-09-03,34.62,+51.31%
2009-09-02,34.37,+48.79%
2009-09-01,34.41,+47.18%
2009-08-31,35.04,+49.87%
2009-08-28,35.43,+48.18%
2009-08-27,35.38,+49.16%
2009-08-26,35.29,+49.85%
2009-08-25,35.36,+49.89%
2009-08-24,35.24,+46.16%
2009-08-21,35.31,+48.36%
2009-08-20,34.80,+45.73%
2009-08-19,34.42,+44.44%
2009-08-18,34.20,+41.73%
2009-08-17,33.74,+38.05%
2009-08-14,34.74,+41.68%
2009-08-13,35.11,+44.84%
2009-08-12,34.92,+44.12%
2009-08-11,34.38,+41.89%
2009-08-10,34.72,+44.37%
2009-08-07,34.92,+48.79%
2009-08-06,34.50,+45.82%
2009-08-05,34.81,+49.14%
2009-08-04,35.11,+55.84%
2009-08-03,35.10,+53.95%
2009-07-31,34.57,+49.78%
2009-07-30,34.71,+50.06%
2009-07-29,34.49,+49.70%
2009-07-28,34.61,+53.75%
2009-07-27,34.48,+49.59%
2009-07-24,34.47,+51.98%
2009-07-23,34.53,+49.87%
2009-07-22,33.74,+48.37%
2009-07-21,33.48,+47.36%
2009-07-20,33.29,+46.27%
2009-07-17,32.93,+42.31%
2009-07-16,32.75,+42.27%
2009-07-15,32.36,+44.14%
2009-07-14,31.32,+39.51%
2009-07-13,31.21,+38.04%
2009-07-10,30.61,+33.32%
2009-07-09,30.51,+34.35%
2009-07-08,30.43,+30.27%
2009-07-07,30.29,+32.79%
2009-07-06,31.07,+36.99%
2009-07-02,31.18,+37.54%
2009-07-01,31.94,+37.38%
2009-06-30,31.85,+38.90%
2009-06-29,27.23,+18.08%
2009-06-26,27.16,+17.83%
2009-06-25,27.08,+12.69%
2009-06-24,26.55,+12.26%
2009-06-23,26.14,+9.97%
2009-06-22,26.18,+9.27%
2009-06-19,26.99,+9.54%
2009-06-18,26.67,+10.02%
2009-06-17,26.71,+8.98%
2009-06-16,26.48,+7.38%
2009-06-15,26.73,+9.41%
2009-06-12,27.34,+14.35%
2009-06-11,27.47,+14.89%
2009-06-10,27.44,+11.95%
2009-06-09,27.55,+11.99%
2009-06-08,27.31,+10.43%
2009-06-05,27.40,+7.32%
2009-06-04,27.39,+9.04%
2009-06-03,27.07,+9.11%
2009-06-02,27.16,+8.90%
2009-06-01,27.10,+7.33%
2009-05-29,26.34,+4.98%
2009-05-28,26.06,+4.87%
2009-05-27,25.72,+3.75%
2009-05-26,25.92,+6.49%
2009-05-22,25.01,+2.46%
2009-05-21,25.09,+3.21%
2009-05-20,25.57,+2.86%
2009-05-19,25.65,+2.35%
2009-05-18,25.55,+1.23%
2009-05-15,24.86,-1.51%
2009-05-14,24.95,+0.52%
2009-05-13,24.58,-1.13%
2009-05-12,25.27,+1.85%
2009-05-11,25.61,+5.13%
2009-05-08,25.58,+4.66%
2009-05-07,25.50,+5.15%
2009-05-06,26.13,+5.66%
2009-05-05,26.12,+6.40%
2009-05-04,26.20,+6.42%
2009-05-01,25.63,+4.14%
2009-04-30,25.58,+7.34%
2009-04-29,25.36,+5.53%
2009-04-28,24.99,+4.56%
2009-04-27,25.14,+5.45%
2009-04-24,25.20,+5.40%
2009-04-23,24.67,+4.14%
2009-04-22,24.51,+4.83%
2009-04-21,24.39,+2.61%
2009-04-20,24.02,+1.74%
2009-04-17,24.84,+8.61%
2009-04-16,24.82,+8.15%
2009-04-15,24.16,+8.34%
2009-04-14,24.26,+9.03%
2009-04-13,24.53,+9.75%
2009-04-09,24.59,+8.37%
2009-04-08,23.87,+4.05%
2009-04-07,23.40,+1.21%
2009-04-06,24.09,+3.93%
2009-04-03,24.15,+4.77%
2009-04-02,23.75,+3.40%
2009-04-01,22.98,-0.30%
2009-03-31,22.70,+2.53%
2009-03-30,20.00,-10.75%
2009-03-27,20.50,-9.09%
2009-03-26,20.99,-8.90%
2009-03-25,20.26,-12.45%
2009-03-24,20.22,-12.13%
2009-03-23,20.64,-7.11%
2009-03-20,19.45,-12.47%
2009-03-19,19.73,-9.33%
2009-03-18,19.77,-11.46%
2009-03-17,19.53,-8.70%
2009-03-16,18.77,-13.62%
2009-03-13,19.14,-13.78%
2009-03-12,19.08,-13.27%
2009-03-11,18.45,-16.44%
2009-03-10,18.23,-14.09%
2009-03-09,17.10,-21.02%
2009-03-06,17.44,-19.71%
2009-03-05,17.60,-20.86%
2009-03-04,18.19,-17.73%
2009-03-03,17.71,-19.43%
2009-03-02,17.64,-20.29%
2009-02-27,18.30,-19.81%
2009-02-26,18.47,-18.71%
2009-02-25,19.02,-15.99%
2009-02-24,19.19,-14.67%
2009-02-23,18.50,-17.74%
2009-02-20,19.21,-15.26%
2009-02-19,19.13,-14.52%
2009-02-18,19.48,-13.73%
2009-02-17,19.45,-13.86%
2009-02-13,20.26,-12.37%
2009-02-12,20.36,-9.83%
2009-02-11,20.10,-11.61%
2009-02-10,20.14,-10.45%
2009-02-09,21.00,-6.63%
2009-02-06,20.93,-5.21%
2009-02-05,20.40,-9.29%
2009-02-04,19.91,-14.14%
2009-02-03,19.92,-15.34%
2009-02-02,19.59,-16.74%
2009-01-30,19.34,-15.66%
2009-01-29,19.72,-13.96%
2009-01-28,20.25,-11.53%
2009-01-27,19.57,-13.75%
2009-01-26,19.41,-14.46%
2009-01-23,19.27,-15.07%
2009-01-22,19.14,-15.94%
2009-01-21,19.43,-16.89%
2009-01-20,18.62,-20.36%
2009-01-16,19.63,-17.31%
2009-01-15,19.39,-19.28%
2009-01-14,19.06,-22.90%
2009-01-13,19.70,-18.80%
2009-01-12,19.68,-18.88%
2009-01-09,20.04,-18.93%
2009-01-08,20.52,-15.28%
2009-01-07,20.29,-18.25%
2009-01-06,20.88,-16.14%
2009-01-05,20.69,-16.91%
2009-01-02,20.70,-20.35%
2008-12-31,19.85,-24.92%
2008-12-30,15.50,-42.78%
2008-12-29,15.14,-44.11%
2008-12-26,15.29,-44.34%
2008-12-24,15.28,-44.17%
2008-12-23,15.27,-43.76%
2008-12-22,15.34,-43.50%
2008-12-19,15.70,-39.87%
2008-12-18,15.54,-40.44%
2008-12-17,15.82,-39.11%
2008-12-16,16.04,-39.79%
2008-12-15,15.25,-42.76%
2008-12-12,15.57,-42.38%
2008-12-11,15.23,-43.15%
2008-12-10,15.77,-42.55%
2008-12-09,15.64,-42.90%
2008-12-08,15.81,-42.28%
2008-12-05,15.20,-43.68%
2008-12-04,14.55,-45.03%
2008-12-03,15.05,-43.38%
2008-12-02,14.58,-45.72%
2008-12-01,14.08,-47.58%
2008-11-28,15.30,-43.21%
2008-11-26,15.39,-39.84%
2008-11-25,14.74,-43.50%
2008-11-24,14.89,-42.93%
2008-11-21,14.01,-45.70%
2008-11-20,13.37,-48.77%
2008-11-19,14.03,-46.02%
2008-11-18,14.91,-43.39%
2008-11-17,14.86,-43.58%
2008-11-14,15.22,-41.91%
2008-11-13,16.01,-39.72%
2008-11-12,15.04,-40.97%
2008-11-11,15.81,-39.56%
2008-11-10,16.14,-38.30%
2008-11-07,16.41,-41.16%
2008-11-06,16.02,-43.97%
2008-11-05,16.77,-40.72%
2008-11-04,17.78,-37.53%
2008-11-03,17.22,-39.49%
2008-10-31,17.22,-40.19%
2008-10-30,17.21,-39.36%
2008-10-29,16.80,-40.70%
2008-10-28,16.74,-40.68%
2008-10-27,15.09,-46.53%
2008-10-24,15.51,-44.88%
2008-10-23,15.99,-43.60%
2008-10-22,15.96,-42.47%
2008-10-21,16.56,-39.56%
2008-10-20,17.45,-36.31%
2008-10-17,16.92,-39.61%
2008-10-16,16.94,-38.76%
2008-10-15,16.05,-42.18%
2008-10-14,17.61,-37.11%
2008-10-13,18.44,-34.14%
2008-10-10,16.38,-41.48%
2008-10-09,16.45,-41.08%
2008-10-08,17.17,-38.26%
2008-10-07,17.16,-37.92%
2008-10-06,18.21,-34.12%
2008-10-03,18.98,-29.81%
2008-10-02,19.24,-29.26%
2008-10-01,20.18,-25.86%
2008-09-30,20.57,-25.06%
2008-09-29,18.68,-31.95%
2008-09-26,20.87,-23.86%
2008-09-25,21.07,-22.71%
2008-09-24,20.74,-23.19%
2008-09-23,20.58,-23.49%
2008-09-22,20.80,-22.68%
2008-09-19,21.79,-18.69%
2008-09-18,21.19,-20.70%
2008-09-17,20.38,-21.71%
2008-09-16,21.52,-18.05%
2008-09-15,21.29,-18.93%
2008-09-12,22.06,-15.51%
2008-09-11,22.14,-15.20%
2008-09-10,21.70,-15.66%
2008-09-09,21.49,-16.41%
2008-09-08,22.01,-14.39%
2008-09-05,22.07,-15.70%
2008-09-04,22.16,-16.44%
2008-09-03,22.88,-12.34%
2008-09-02,23.10,-11.49%
2008-08-29,23.38,-8.89%
2008-08-28,23.91,-4.09%
2008-08-27,23.72,-7.20%
2008-08-26,23.55,-8.54%
2008-08-25,23.59,-8.39%
2008-08-22,24.11,-5.15%
2008-08-21,23.80,-5.10%
2008-08-20,23.88,-3.90%
2008-08-19,23.83,-3.87%
2008-08-18,24.13,-2.66%
2008-08-15,24.44,-0.16%
2008-08-14,24.52,-1.76%
2008-08-13,24.24,-4.53%
2008-08-12,24.23,-4.12%
2008-08-11,24.23,-4.12%
2008-08-08,24.05,-7.82%
2008-08-07,23.47,-8.85%
2008-08-06,23.66,-7.76%
2008-08-05,23.34,-7.31%
2008-08-04,22.53,-10.52%
2008-08-01,22.80,-10.69%
2008-07-31,23.08,-8.99%
2008-07-30,23.13,-10.73%
2008-07-29,23.04,-10.28%
2008-07-28,22.51,-12.34%
2008-07-25,23.05,-12.69%
2008-07-24,22.68,-13.63%
2008-07-23,23.04,-13.80%
2008-07-22,22.74,-14.90%
2008-07-21,22.72,-14.97%
2008-07-18,22.76,-14.92%
2008-07-17,23.14,-13.66%
2008-07-16,23.02,-13.52%
2008-07-15,22.45,-15.82%
2008-07-14,22.45,-15.82%
2008-07-11,22.61,-13.17%
2008-07-10,22.96,-11.28%
2008-07-09,22.71,-13.02%
2008-07-08,23.36,-10.50%
2008-07-07,22.81,-12.61%
2008-07-03,22.68,-12.09%
2008-07-02,22.67,-11.62%
2008-07-01,23.25,-18.13%
2008-06-30,22.93,-19.26%
2008-06-27,23.06,-18.75%
2008-06-26,23.05,-17.74%
2008-06-25,24.03,-14.42%
2008-06-24,23.65,-16.19%
2008-06-23,23.77,-15.77%
2008-06-20,23.96,-15.10%
2008-06-19,24.64,-13.57%
2008-06-18,24.24,-15.10%
2008-06-17,24.51,-14.06%
2008-06-16,24.66,-13.53%
2008-06-13,24.43,-13.06%
2008-06-12,23.91,-13.87%
2008-06-11,23.91,-14.36%
2008-06-10,24.51,-12.43%
2008-06-09,24.60,-12.11%
2008-06-06,24.73,-12.02%
2008-06-05,25.53,-10.01%
2008-06-04,25.12,-11.52%
2008-06-03,24.81,-12.36%
2008-06-02,24.94,-11.90%
2008-05-30,25.25,-10.33%
2008-05-29,25.09,-10.04%
2008-05-28,24.85,-10.42%
2008-05-27,24.79,-10.63%
2008-05-23,24.34,-12.95%
2008-05-22,24.41,-13.26%
2008-05-21,24.31,-13.36%
2008-05-20,24.86,-10.74%
2008-05-19,25.06,-10.02%
2008-05-16,25.24,-9.11%
2008-05-15,25.24,-8.15%
2008-05-14,24.82,-10.46%
2008-05-13,24.86,-10.83%
2008-05-12,24.81,-11.01%
2008-05-09,24.36,-12.94%
2008-05-08,24.44,-12.37%
2008-05-07,24.25,-12.90%
2008-05-06,24.73,-11.14%
2008-05-05,24.55,-11.79%
2008-05-02,24.62,-11.25%
2008-05-01,24.61,-10.54%
2008-04-30,23.83,-13.09%
2008-04-29,24.03,-13.44%
2008-04-28,23.90,-13.90%
2008-04-25,23.84,-13.69%
2008-04-24,23.91,-12.39%
2008-04-23,23.69,-12.78%
2008-04-22,23.38,-13.73%
2008-04-21,23.77,-12.29%
2008-04-18,23.61,-12.23%
2008-04-17,22.87,-15.11%
2008-04-16,22.95,-14.78%
2008-04-15,22.30,-16.39%
2008-04-14,22.25,-16.57%
2008-04-11,22.35,-15.34%
2008-04-10,23.02,-13.72%
2008-04-09,22.69,-14.54%
2008-04-08,22.94,-13.82%
2008-04-07,23.12,-13.15%
2008-04-04,23.18,-12.36%
2008-04-03,23.05,-12.59%
2008-04-02,22.97,-11.79%
2008-04-01,23.05,-19.57%
2008-03-31,22.14,-22.75%
2008-03-28,22.41,-21.73%
2008-03-27,22.55,-22.08%
2008-03-26,23.04,-20.96%
2008-03-25,23.14,-20.23%
2008-03-24,23.01,-20.68%
2008-03-20,22.22,-22.25%
2008-03-19,21.76,-23.46%
2008-03-18,22.33,-20.73%
2008-03-17,21.39,-24.07%
2008-03-14,21.73,-22.92%
2008-03-13,22.20,-20.29%
2008-03-12,22.00,-22.54%
2008-03-11,22.08,-21.73%
2008-03-10,21.22,-24.78%
2008-03-07,21.65,-22.87%
2008-03-06,21.72,-22.95%
2008-03-05,22.24,-19.71%
2008-03-04,22.11,-20.78%
2008-03-03,21.98,-21.25%
2008-02-29,22.13,-21.94%
2008-02-28,22.76,-20.11%
2008-02-27,22.82,-19.65%
2008-02-26,22.72,-23.24%
2008-02-25,22.64,-23.90%
2008-02-22,22.49,-24.68%
2008-02-21,22.40,-24.68%
2008-02-20,22.67,-23.54%
2008-02-19,22.38,-24.01%
2008-02-15,22.58,-23.43%
2008-02-14,22.67,-22.76%
2008-02-13,23.12,-19.86%
2008-02-12,22.58,-21.49%
2008-02-11,22.74,-21.23%
2008-02-08,22.49,-23.19%
2008-02-07,22.23,-24.08%
2008-02-06,22.08,-23.84%
2008-02-05,22.49,-22.53%
2008-02-04,23.19,-20.25%
2008-02-01,23.53,-18.78%
2008-01-31,23.35,-19.43%
2008-01-30,22.93,-20.24%
2008-01-29,22.92,-20.14%
2008-01-28,22.89,-20.16%
2008-01-25,22.69,-21.08%
2008-01-24,23.17,-20.51%
2008-01-23,22.69,-20.89%
2008-01-22,22.77,-20.86%
2008-01-18,23.38,-19.38%
2008-01-17,23.36,-20.95%
2008-01-16,23.74,-20.31%
2008-01-15,24.02,-19.48%
2008-01-14,24.72,-17.13%
2008-01-11,24.26,-18.23%
2008-01-10,24.77,-15.66%
2008-01-09,24.72,-14.88%
2008-01-08,24.22,-16.19%
2008-01-07,24.82,-14.03%
2008-01-04,24.90,-14.11%
2008-01-03,26.02,-8.54%
2008-01-02,25.99,-1.33%
2007-12-31,26.44,+0.38%
2007-12-28,27.09,+2.73%
2007-12-27,27.08,+2.42%
2007-12-26,27.47,+4.49%
2007-12-24,27.37,+4.39%
2007-12-21,27.15,+2.53%
2007-12-20,26.61,-0.19%
2007-12-19,26.11,-2.43%
2007-12-18,26.09,-2.83%
2007-12-17,25.98,-4.20%
2007-12-14,26.64,-1.48%
2007-12-13,26.93,+0.71%
2007-12-12,27.02,+1.12%
2007-12-11,26.79,-0.26%
2007-12-10,27.45,+2.50%
2007-12-07,27.39,+2.78%
2007-12-06,27.36,+1.45%
2007-12-05,26.99,-0.26%
2007-12-04,26.47,-1.93%
2007-12-03,26.58,-0.11%
2007-11-30,26.86,0%
2007-11-29,27.03,+0.56%
2007-11-28,26.94,+0.94%
2007-11-27,26.15,-1.77%
2007-11-26,25.58,-6.02%
2007-11-23,26.09,-4.36%
2007-11-21,25.80,-4.87%
2007-11-20,26.10,-3.48%
2007-11-19,25.99,-3.74%
2007-11-16,26.34,-2.52%
2007-11-15,26.02,-3.27%
2007-11-14,26.20,-2.24%
2007-11-13,26.56,+0.19%
2007-11-12,25.48,-2.93%
2007-11-09,26.16,+0.27%
2007-11-08,27.08,+3.24%
2007-11-07,27.89,+6.82%
2007-11-06,28.59,+10.09%
2007-11-05,28.29,+10.72%
2007-11-02,28.46,+11.00%
2007-11-01,28.25,+10.35%
2007-10-31,28.79,+10.82%
2007-10-30,28.38,+9.53%
2007-10-29,28.33,+10.02%
2007-10-26,28.22,+7.92%
2007-10-25,27.79,+7.34%
2007-10-24,28.14,+9.49%
2007-10-23,28.35,+9.54%
2007-10-22,27.74,+8.23%
2007-10-19,27.40,+7.11%
2007-10-18,28.12,+10.27%
2007-10-17,28.02,+9.33%
2007-10-16,27.66,+6.80%
2007-10-15,27.76,+7.18%
2007-10-12,28.00,+8.65%
2007-10-11,27.53,+8.56%
2007-10-10,27.99,+10.24%
2007-10-09,27.92,+10.14%
2007-10-08,27.81,+10.10%
2007-10-05,27.64,+9.12%
2007-10-04,27.07,+7.38%
2007-10-03,27.04,+9.96%
2007-10-02,27.20,+11.11%
2007-10-01,27.22,-1.73%
2007-09-28,27.45,-1.33%
2007-09-27,27.52,-0.72%
2007-09-26,27.41,-1.33%
2007-09-25,27.26,-1.34%
2007-09-24,27.00,-0.59%
2007-09-21,26.90,-1.72%
2007-09-20,26.68,-3.16%
2007-09-19,26.80,-1.25%
2007-09-18,26.72,-2.23%
2007-09-17,26.03,-4.76%
2007-09-14,26.26,-3.53%
2007-09-13,26.23,-3.53%
2007-09-12,26.11,-3.48%
2007-09-11,26.11,-1.55%
2007-09-10,25.73,-2.43%
2007-09-07,25.71,-1.87%
2007-09-06,26.24,-0.30%
2007-09-05,26.18,-2.50%
2007-09-04,26.52,-0.34%
2007-08-31,26.10,-1.32%
2007-08-30,25.78,-2.68%
2007-08-29,25.66,-2.62%
2007-08-28,24.93,-5.17%
2007-08-27,25.56,-1.99%
2007-08-24,25.75,-1.11%
2007-08-23,25.36,-2.31%
2007-08-22,25.42,-2.90%
2007-08-21,25.08,-4.06%
2007-08-20,24.85,-5.84%
2007-08-17,24.79,-5.92%
2007-08-16,24.23,-7.84%
2007-08-15,24.48,-4.71%
2007-08-14,24.96,-0.24%
2007-08-13,25.39,+2.01%
2007-08-10,25.27,+0.88%
2007-08-09,25.42,+2.21%
2007-08-08,26.09,+4.95%
2007-08-07,25.75,+2.92%
2007-08-06,25.65,+1.87%
2007-08-03,25.18,-0.43%
2007-08-02,25.81,+2.75%
2007-08-01,25.53,+2.70%
2007-07-31,25.36,+0.36%
2007-07-30,25.91,+2.45%
2007-07-27,25.68,+3.72%
2007-07-26,26.08,+4.70%
2007-07-25,26.40,+5.85%
2007-07-24,26.26,+5.80%
2007-07-23,26.73,+9.95%
2007-07-20,26.72,+8.79%
2007-07-19,26.95,+7.97%
2007-07-18,26.75,+8.52%
2007-07-17,26.80,+8.99%
2007-07-16,26.62,+8.74%
2007-07-13,26.67,+7.76%
2007-07-12,26.53,+5.53%
2007-07-11,26.04,+1.44%
2007-07-10,25.88,+1.65%
2007-07-09,26.11,+1.67%
2007-07-06,26.10,+0.46%
2007-07-05,26.00,-0.08%
2007-07-03,25.80,-2.86%
2007-07-02,25.65,-2.73%
2007-06-29,28.40,+18.88%
2007-06-28,28.36,+22.35%
2007-06-27,28.38,+23.34%
2007-06-26,28.02,+19.49%
2007-06-25,28.08,+20.15%
2007-06-22,28.22,+20.50%
2007-06-21,28.50,+20.20%
2007-06-20,28.22,+20.96%
2007-06-19,28.51,+22.15%
2007-06-18,28.55,+21.23%
2007-06-15,28.52,+20.34%
2007-06-14,28.26,+22.55%
2007-06-13,28.10,+22.98%
2007-06-12,27.76,+21.17%
2007-06-11,27.92,+19.47%
2007-06-08,27.99,+18.95%
2007-06-07,27.63,+17.18%
2007-06-06,28.11,+18.41%
2007-06-05,28.37,+19.35%
2007-06-04,28.39,+16.83%
2007-06-01,28.31,+16.22%
2007-05-31,28.31,+18.95%
2007-05-30,28.16,+18.92%
2007-05-29,27.89,+15.25%
2007-05-25,27.74,+15.10%
2007-05-24,27.52,+15.58%
2007-05-23,27.96,+18.27%
2007-05-22,28.14,+17.84%
2007-05-21,28.06,+16.33%
2007-05-18,27.85,+16.48%
2007-05-17,27.67,+14.86%
2007-05-16,27.77,+13.53%
2007-05-15,27.48,+11.57%
2007-05-14,27.72,+12.45%
2007-05-11,27.88,+11.65%
2007-05-10,27.53,+7.79%
2007-05-09,27.98,+8.53%
2007-05-08,27.89,+7.93%
2007-05-07,27.84,+7.82%
2007-05-04,27.83,+8.58%
2007-05-03,27.83,+9.52%
2007-05-02,27.74,+8.96%
2007-05-01,27.51,+8.26%
2007-04-30,27.42,+6.98%
2007-04-27,27.76,+7.31%
2007-04-26,27.74,+8.15%
2007-04-25,27.62,+7.72%
2007-04-24,27.29,+6.15%
2007-04-23,27.16,+5.48%
2007-04-20,27.10,+4.03%
2007-04-19,26.90,+2.95%
2007-04-18,26.90,+3.38%
2007-04-17,26.94,+5.52%
2007-04-16,26.93,+4.38%
2007-04-13,26.67,+3.37%
2007-04-12,26.63,+3.66%
2007-04-11,26.40,+2.80%
2007-04-10,26.68,+3.01%
2007-04-09,26.55,+2.27%
2007-04-05,26.62,+1.95%
2007-04-04,26.45,+2.28%
2007-04-03,26.37,+2.53%
2007-04-02,26.04,+1.44%
2007-03-30,28.66,+6.70%
2007-03-29,28.65,+6.98%
2007-03-28,28.63,+8.86%
2007-03-27,28.94,+9.54%
2007-03-26,29.15,+10.42%
2007-03-23,29.01,+10.47%
2007-03-22,29.10,+10.44%
2007-03-21,29.21,+11.11%
2007-03-20,28.58,+7.65%
2007-03-19,28.43,+7.28%
2007-03-16,28.17,+6.74%
2007-03-15,28.22,+5.97%
2007-03-14,28.19,+6.66%
2007-03-13,27.85,+7.12%
2007-03-12,28.40,+9.61%
2007-03-09,28.21,+9.09%
2007-03-08,28.24,+8.12%
2007-03-07,28.07,+7.51%
2007-03-06,28.19,+7.39%
2007-03-05,27.70,+4.61%
2007-03-02,27.91,+4.85%
2007-03-01,28.35,+6.42%
2007-02-28,28.49,+8.49%
2007-02-27,28.40,+6.57%
2007-02-26,29.60,+12.33%
2007-02-23,29.75,+13.16%
2007-02-22,29.86,+13.23%
2007-02-21,29.74,+14.25%
2007-02-20,29.65,+12.61%
2007-02-16,29.45,+10.96%
2007-02-15,29.49,+12.13%
2007-02-14,29.35,+12.37%
2007-02-13,28.85,+11.52%
2007-02-12,28.76,+9.98%
2007-02-09,28.87,+11.04%
2007-02-08,29.28,+11.50%
2007-02-07,29.28,+12.79%
2007-02-06,28.99,+11.29%
2007-02-05,29.03,+10.97%
2007-02-02,29.08,+9.74%
2007-02-01,28.97,+7.58%
2007-01-31,28.98,+7.77%
2007-01-30,28.75,+6.76%
2007-01-29,28.70,+6.69%
2007-01-26,28.67,+7.90%
2007-01-25,28.75,+9.07%
2007-01-24,29.15,+9.96%
2007-01-23,28.68,+8.84%
2007-01-22,28.77,+9.18%
2007-01-19,29.06,+6.88%
2007-01-18,29.00,+7.49%
2007-01-17,29.55,+8.28%
2007-01-16,29.79,+8.49%
2007-01-12,29.83,+8.59%
2007-01-11,29.67,+7.34%
2007-01-10,29.37,+7.15%
2007-01-09,29.04,+6.06%
2007-01-08,28.90,+5.98%
2007-01-05,28.87,+7.72%
2007-01-04,28.99,+8.74%
2007-01-03,28.45,+7.72%
2006-12-29,26.34,-
2006-12-28,26.37,-
2006-12-27,26.44,-
2006-12-26,26.29,-
2006-12-22,26.22,-
2006-12-21,26.48,-
2006-12-20,26.66,-
2006-12-19,26.76,-
2006-12-18,26.85,-
2006-12-15,27.12,-
2006-12-14,27.04,-
2006-12-13,26.74,-
2006-12-12,26.72,-
2006-12-11,26.86,-
2006-12-08,26.78,-
2006-12-07,26.65,-
2006-12-06,26.97,-
2006-12-05,27.06,-
2006-12-04,26.99,-
2006-12-01,26.61,-
2006-11-30,26.86,-
2006-11-29,26.88,-
2006-11-28,26.69,-
2006-11-27,26.62,-
2006-11-24,27.22,-
2006-11-22,27.28,-
2006-11-21,27.12,-
2006-11-20,27.04,-
2006-11-17,27.00,-
2006-11-16,27.02,-
2006-11-15,26.90,-
2006-11-14,26.80,-
2006-11-13,26.51,-
2006-11-10,26.25,-
2006-11-09,26.09,-
2006-11-08,26.23,-
2006-11-07,26.11,-
2006-11-06,25.97,-
2006-11-03,25.55,-
2006-11-02,25.64,-
2006-11-01,25.60,-
2006-10-31,25.98,-
2006-10-30,25.91,-
2006-10-27,25.75,-
2006-10-26,26.15,-
2006-10-25,25.89,-
2006-10-24,25.70,-
2006-10-23,25.88,-
2006-10-20,25.63,-
2006-10-19,25.58,-
2006-10-18,25.50,-
2006-10-17,25.63,-
2006-10-16,25.90,-
2006-10-13,25.90,-
2006-10-12,25.77,-
2006-10-11,25.36,-
2006-10-10,25.39,-
2006-10-09,25.35,-
2006-10-06,25.26,-
2006-10-05,25.33,-
2006-10-04,25.21,-
2006-10-03,24.59,-
2006-10-02,24.48,-
2006-09-29,27.70,-
2006-09-28,27.82,-
2006-09-27,27.72,-
2006-09-26,27.78,-
2006-09-25,27.63,-
2006-09-22,27.16,-
2006-09-21,27.37,-
2006-09-20,27.55,-
2006-09-19,27.14,-
2006-09-18,27.33,-
2006-09-15,27.33,-
2006-09-14,27.22,-
2006-09-13,27.19,-
2006-09-12,27.05,-
2006-09-11,26.52,-
2006-09-08,26.37,-
2006-09-07,26.20,-
2006-09-06,26.32,-
2006-09-05,26.85,-
2006-09-01,26.61,-
2006-08-31,26.45,-
2006-08-30,26.49,-
2006-08-29,26.35,-
2006-08-28,26.29,-
2006-08-25,26.08,-
2006-08-24,26.04,-
2006-08-23,25.96,-
2006-08-22,26.18,-
2006-08-21,26.14,-
2006-08-18,26.39,-
2006-08-17,26.35,-
2006-08-16,26.29,-
2006-08-15,25.69,-
2006-08-14,25.02,-
2006-08-11,24.89,-
2006-08-10,25.05,-
2006-08-09,24.87,-
2006-08-08,24.86,-
2006-08-07,25.02,-
2006-08-04,25.18,-
2006-08-03,25.29,-
2006-08-02,25.12,-
2006-08-01,24.86,-
2006-07-31,25.27,-
2006-07-28,25.29,-
2006-07-27,24.76,-
2006-07-26,24.91,-
2006-07-25,24.94,-
2006-07-24,24.82,-
2006-07-21,24.31,-
2006-07-20,24.56,-
2006-07-19,24.96,-
2006-07-18,24.65,-
2006-07-17,24.59,-
2006-07-14,24.48,-
2006-07-13,24.75,-
2006-07-12,25.14,-
2006-07-11,25.67,-
2006-07-10,25.46,-
2006-07-07,25.68,-
2006-07-06,25.98,-
2006-07-05,26.02,-
2006-07-03,26.56,-
2006-06-30,26.37,-
2006-06-29,23.89,-
2006-06-28,23.18,-
2006-06-27,23.01,-
2006-06-26,23.45,-
2006-06-23,23.37,-
2006-06-22,23.42,-
2006-06-21,23.71,-
2006-06-20,23.33,-
2006-06-19,23.34,-
2006-06-16,23.55,-
2006-06-15,23.70,-
2006-06-14,23.06,-
2006-06-13,22.85,-
2006-06-12,22.91,-
2006-06-09,23.37,-
2006-06-08,23.53,-
2006-06-07,23.58,-
2006-06-06,23.74,-
2006-06-05,23.77,-
2006-06-02,24.30,-
2006-06-01,24.36,-
2006-05-31,23.80,-
2006-05-30,23.68,-
2006-05-26,24.20,-
2006-05-25,24.10,-
2006-05-24,23.81,-
2006-05-23,23.64,-
2006-05-22,23.88,-
2006-05-19,24.12,-
2006-05-18,23.91,-
2006-05-17,24.09,-
2006-05-16,24.46,-
2006-05-15,24.63,-
2006-05-12,24.65,-
2006-05-11,24.97,-
2006-05-10,25.54,-
2006-05-09,25.78,-
2006-05-08,25.84,-
2006-05-05,25.82,-
2006-05-04,25.63,-
2006-05-03,25.41,-
2006-05-02,25.46,-
2006-05-01,25.41,-
2006-04-28,25.63,-
2006-04-27,25.87,-
2006-04-26,25.65,-
2006-04-25,25.64,-
2006-04-24,25.71,-
2006-04-21,25.75,-
2006-04-20,26.05,-
2006-04-19,26.13,-
2006-04-18,26.02,-
2006-04-17,25.53,-
2006-04-13,25.80,-
2006-04-12,25.69,-
2006-04-11,25.68,-
2006-04-10,25.90,-
2006-04-07,25.96,-
2006-04-06,26.21,-
2006-04-05,26.11,-
2006-04-04,25.86,-
2006-04-03,25.72,-
2006-03-31,25.67,-
2006-03-30,26.86,-
2006-03-29,26.78,-
2006-03-28,26.30,-
2006-03-27,26.42,-
2006-03-24,26.40,-
2006-03-23,26.26,-
2006-03-22,26.35,-
2006-03-21,26.29,-
2006-03-20,26.55,-
2006-03-17,26.50,-
2006-03-16,26.39,-
2006-03-15,26.63,-
2006-03-14,26.43,-
2006-03-13,26.00,-
2006-03-10,25.91,-
2006-03-09,25.86,-
2006-03-08,26.12,-
2006-03-07,26.11,-
2006-03-06,26.25,-
2006-03-03,26.48,-
2006-03-02,26.62,-
2006-03-01,26.64,-
2006-02-28,26.26,-
2006-02-27,26.65,-
2006-02-24,26.35,-
2006-02-23,26.29,-
2006-02-22,26.37,-
2006-02-21,26.03,-
2006-02-17,26.33,-
2006-02-16,26.54,-
2006-02-15,26.30,-
2006-02-14,26.12,-
2006-02-13,25.87,-
2006-02-10,26.15,-
2006-02-09,26.00,-
2006-02-08,26.26,-
2006-02-07,25.96,-
2006-02-06,26.05,-
2006-02-03,26.16,-
2006-02-02,26.50,-
2006-02-01,26.93,-
2006-01-31,26.89,-
2006-01-30,26.93,-
2006-01-27,26.90,-
2006-01-26,26.57,-
2006-01-25,26.36,-
2006-01-24,26.51,-
2006-01-23,26.35,-
2006-01-20,26.35,-
2006-01-19,27.19,-
2006-01-18,26.98,-
2006-01-17,27.29,-
2006-01-13,27.46,-
2006-01-12,27.47,-
2006-01-11,27.64,-
2006-01-10,27.41,-
2006-01-09,27.38,-
2006-01-06,27.27,-
2006-01-05,26.80,-
2006-01-04,26.66,-
2006-01-03,26.41,-
