date,pe,yoy
2026-05-22,26.970,+0.94%
2026-05-21,26.870,+0.52%
2026-05-20,26.824,-1.27%
2026-05-19,26.538,-2.71%
2026-05-18,26.716,-1.97%
2026-05-15,26.736,-1.20%
2026-05-14,27.071,+0.45%
2026-05-13,26.865,-0.22%
2026-05-12,26.709,-0.08%
2026-05-11,26.751,+3.34%
2026-05-08,26.701,+3.07%
2026-05-07,26.478,+2.80%
2026-05-06,26.579,+3.65%
2026-05-05,26.197,+1.37%
2026-05-04,25.986,-0.09%
2026-05-01,26.092,+1.79%
2026-04-30,26.016,+2.14%
2026-04-29,25.752,+0.35%
2026-04-28,25.763,+0.97%
2026-04-27,25.889,+1.53%
2026-04-24,25.857,+2.15%
2026-04-23,25.653,+3.40%
2026-04-22,25.759,+5.56%
2026-04-21,25.493,+7.09%
2026-04-20,25.656,+5.24%
2026-04-17,25.717,+5.49%
2026-04-16,25.411,+4.37%
2026-04-15,25.344,+1.76%
2026-04-14,25.144,+0.79%
2026-04-13,24.851,+0.40%
2026-04-10,24.601,+1.19%
2026-04-09,24.629,-2.20%
2026-04-08,24.478,+6.45%
2026-04-07,23.879,+2.21%
2026-04-06,23.861,+1.90%
2026-04-02,23.756,-9.23%
2026-04-01,23.729,-8.72%
2026-03-31,23.560,-9.03%
2026-03-30,23.574,-9.39%
2026-03-27,23.667,-10.83%
2026-03-26,24.070,-9.61%
2026-03-25,24.496,-9.03%
2026-03-24,24.364,-9.38%
2026-03-23,24.456,-7.43%
2026-03-20,24.179,-8.41%
2026-03-19,24.550,-7.20%
2026-03-18,24.618,-5.94%
2026-03-17,24.958,-5.66%
2026-03-16,24.896,-5.29%
2026-03-13,24.646,-4.25%
2026-03-12,24.796,-5.00%
2026-03-11,25.179,-3.06%
2026-03-10,25.201,-3.71%
2026-03-09,25.255,-6.11%
2026-03-06,25.047,-6.37%
2026-03-05,25.384,-6.80%
2026-03-04,25.528,-5.22%
2026-03-03,25.331,-7.11%
2026-03-02,25.573,-7.87%
2026-02-27,26.345,-4.56%
2026-02-26,26.460,-5.67%
2026-02-25,26.602,-5.15%
2026-02-24,26.388,-6.35%
2026-02-23,26.187,-7.53%
2026-02-20,26.462,-8.15%
2026-02-19,26.280,-9.18%
2026-02-18,26.354,-8.71%
2026-02-17,26.208,-8.99%
2026-02-13,26.181,-9.09%
2026-02-12,26.168,-8.19%
2026-02-11,26.584,-6.98%
2026-02-10,26.586,-6.94%
2026-02-09,26.674,-6.01%
2026-02-06,26.549,-7.33%
2026-02-05,26.037,-8.79%
2026-02-04,26.359,-7.30%
2026-02-03,26.494,-6.15%
2026-02-02,26.718,-6.08%
2026-01-30,27.415,-5.10%
2026-01-29,27.534,-4.18%
2026-01-28,27.569,-4.51%
2026-01-27,27.571,-3.62%
2026-01-26,27.459,-5.41%
2026-01-23,27.323,-6.15%
2026-01-22,27.314,-5.68%
2026-01-21,27.165,-5.62%
2026-01-20,26.853,-5.88%
2026-01-16,27.419,-2.94%
2026-01-15,27.437,-3.08%
2026-01-14,27.366,-1.56%
2026-01-13,27.513,-0.92%
2026-01-12,27.566,-0.57%
2026-01-09,27.523,-2.26%
2026-01-08,27.346,-2.89%
2026-01-07,27.344,-2.74%
2026-01-06,27.438,-3.49%
2026-01-05,27.269,-3.56%
2026-01-02,27.097,-2.96%
2025-12-31,27.046,-3.36%
2025-12-30,27.902,-2.28%
2025-12-29,27.940,-3.20%
2025-12-26,28.038,-3.93%
2025-12-24,28.047,-3.94%
2025-12-23,27.957,-3.19%
2025-12-22,27.830,-2.93%
2025-12-19,27.652,-2.50%
2025-12-18,27.410,-3.44%
2025-12-17,27.195,-7.02%
2025-12-16,27.514,-6.29%
2025-12-15,27.579,-5.72%
2025-12-12,27.623,-5.57%
2025-12-11,27.921,-5.07%
2025-12-10,27.863,-4.49%
2025-12-09,27.676,-5.41%
2025-12-08,27.701,-5.91%
2025-12-05,27.797,-5.35%
2025-12-04,27.744,-5.70%
2025-12-03,27.714,-5.24%
2025-12-02,27.631,-5.48%
2025-12-01,27.564,-6.98%
2025-11-28,28.396,-3.64%
2025-11-26,28.245,-4.51%
2025-11-25,28.051,-4.63%
2025-11-24,27.799,-5.20%
2025-11-21,27.376,-6.32%
2025-11-20,27.109,-6.74%
2025-11-19,27.538,-5.26%
2025-11-18,27.435,-5.24%
2025-11-17,27.663,-4.07%
2025-11-14,27.919,-4.47%
2025-11-13,27.933,-5.00%
2025-11-12,28.403,-3.37%
2025-11-11,28.386,-3.71%
2025-11-10,28.327,-3.82%
2025-11-07,27.897,-4.92%
2025-11-06,27.862,-4.34%
2025-11-05,28.177,-0.81%
2025-11-04,28.074,+0.04%
2025-11-03,28.408,+0.95%
2025-10-31,28.359,+1.18%
2025-10-30,29.000,-0.10%
2025-10-29,29.290,+0.57%
2025-10-28,29.292,+0.74%
2025-10-27,29.225,+0.77%
2025-10-24,28.870,-0.48%
2025-10-23,28.644,-1.05%
2025-10-22,28.478,-2.53%
2025-10-21,28.631,-2.05%
2025-10-20,28.630,-2.23%
2025-10-17,28.327,-2.88%
2025-10-16,28.179,-3.41%
2025-10-15,28.357,-2.34%
2025-10-14,28.244,-3.47%
2025-10-13,28.288,-2.58%
2025-10-10,27.853,-3.49%
2025-10-09,28.630,-1.01%
2025-10-08,28.709,-0.03%
2025-10-07,28.542,+0.36%
2025-10-06,28.652,-0.23%
2025-10-03,28.547,+0.30%
2025-10-02,28.546,+0.13%
2025-10-01,28.528,+0.08%
2025-09-30,28.431,-1.19%
2025-09-29,28.835,+0.05%
2025-09-26,28.759,-0.34%
2025-09-25,28.591,-0.52%
2025-09-24,28.735,-0.20%
2025-09-23,28.817,+0.33%
2025-09-22,28.976,+1.17%
2025-09-19,28.849,+0.53%
2025-09-18,28.709,+1.74%
2025-09-17,28.572,+0.96%
2025-09-16,28.599,+1.08%
2025-09-15,28.636,+1.34%
2025-09-12,28.502,+1.41%
2025-09-11,28.516,+2.22%
2025-09-10,28.276,+2.44%
2025-09-09,28.192,+2.59%
2025-09-08,28.116,+3.50%
2025-09-05,28.057,+1.51%
2025-09-04,28.146,+1.52%
2025-09-03,27.913,+0.51%
2025-09-02,27.772,-2.68%
2025-08-29,28.488,+0.84%
2025-08-28,28.672,+1.48%
2025-08-27,28.581,+0.56%
2025-08-26,28.513,+0.48%
2025-08-25,28.396,-0.25%
2025-08-22,28.517,+1.33%
2025-08-21,28.091,-1.08%
2025-08-20,28.204,-0.26%
2025-08-19,28.273,-0.22%
2025-08-18,28.439,+1.34%
2025-08-15,28.442,+1.56%
2025-08-14,28.525,+3.50%
2025-08-13,28.516,+3.86%
2025-08-12,28.424,+5.27%
2025-08-11,28.105,+4.09%
2025-08-08,28.176,+4.84%
2025-08-07,27.958,+6.43%
2025-08-06,27.980,+5.69%
2025-08-05,27.778,+6.01%
2025-08-04,27.913,+3.34%
2025-08-01,27.508,-0.04%
2025-07-31,27.955,+0.20%
2025-07-30,28.593,+3.49%
2025-07-29,28.629,+3.10%
2025-07-28,28.714,+3.49%
2025-07-25,28.709,+4.62%
2025-07-24,28.595,+3.67%
2025-07-23,28.576,+1.20%
2025-07-22,28.354,+0.26%
2025-07-21,28.336,+1.28%
2025-07-18,28.296,+0.42%
2025-07-17,28.299,-0.36%
2025-07-16,28.148,-2.27%
2025-07-15,28.058,-1.96%
2025-07-14,28.170,-1.29%
2025-07-11,28.130,-0.89%
2025-07-10,28.223,-1.43%
2025-07-09,28.146,-0.70%
2025-07-08,27.976,-1.23%
2025-07-07,27.996,-1.05%
2025-07-03,28.218,+0.27%
2025-07-02,27.985,-0.05%
2025-07-01,27.852,+0.09%
2025-06-30,27.884,-0.44%
2025-06-27,27.986,-0.48%
2025-06-26,27.840,-0.91%
2025-06-25,27.619,-1.54%
2025-06-24,27.619,-1.16%
2025-06-23,27.315,-2.54%
2025-06-20,27.055,-3.62%
2025-06-18,27.114,-3.66%
2025-06-17,27.123,-3.38%
2025-06-16,27.351,-1.82%
2025-06-13,27.097,-2.77%
2025-06-12,27.406,-1.43%
2025-06-11,27.302,-0.97%
2025-06-10,27.377,-0.43%
2025-06-09,27.228,-0.72%
2025-06-06,27.203,-0.92%
2025-06-05,26.926,-1.95%
2025-06-04,27.069,-0.26%
2025-06-03,27.067,-0.12%
2025-06-02,26.911,-0.58%
2025-05-30,27.038,-0.24%
2025-05-29,27.041,-0.82%
2025-05-28,26.933,-1.94%
2025-05-27,27.084,-1.37%
2025-05-23,26.541,-2.67%
2025-05-22,26.720,-2.74%
2025-05-21,26.732,-2.96%
2025-05-20,27.170,-1.12%
2025-05-19,27.276,-0.64%
2025-05-16,27.252,-0.62%
2025-05-15,27.062,-1.51%
2025-05-14,26.951,-0.77%
2025-05-13,26.923,-0.39%
2025-05-12,26.730,-1.13%
2025-05-09,25.887,-4.09%
2025-05-08,25.905,-3.53%
2025-05-07,25.756,-4.09%
2025-05-06,25.644,-4.38%
2025-05-05,25.843,-2.64%
2025-05-02,26.009,-0.79%
2025-05-01,25.632,-1.33%
2025-04-30,25.471,-2.29%
2025-04-29,25.663,-4.00%
2025-04-28,25.515,-4.25%
2025-04-25,25.498,-3.34%
2025-04-24,25.312,-4.48%
2025-04-23,24.809,-6.36%
2025-04-22,24.402,-6.79%
2025-04-21,23.805,-8.28%
2025-04-17,24.379,-7.10%
2025-04-16,24.347,-7.75%
2025-04-15,24.905,-5.83%
2025-04-14,24.948,-6.80%
2025-04-11,24.751,-8.89%
2025-04-10,24.311,-9.84%
2025-04-09,25.183,-7.49%
2025-04-08,22.995,-15.40%
2025-04-07,23.362,-14.09%
2025-04-04,23.416,-12.93%
2025-04-03,24.904,-8.54%
2025-04-02,26.171,-3.78%
2025-04-01,25.996,-5.12%
2025-03-31,25.898,-5.50%
2025-03-28,26.016,-5.06%
2025-03-27,26.540,-3.04%
2025-03-26,26.628,-1.88%
2025-03-25,26.928,-1.05%
2025-03-24,26.886,-1.51%
2025-03-21,26.420,-3.35%
2025-03-20,26.398,-3.12%
2025-03-19,26.456,-2.04%
2025-03-18,26.173,-2.54%
2025-03-17,26.455,-0.87%
2025-03-14,26.286,-2.14%
2025-03-13,25.739,-4.45%
2025-03-12,26.102,-3.29%
2025-03-11,25.975,-2.69%
2025-03-10,26.173,-2.05%
2025-03-07,26.898,0%
2025-03-06,26.751,+0.48%
2025-03-05,27.236,+2.83%
2025-03-04,26.935,+0.65%
2025-03-03,27.269,+1.78%
2025-02-28,27.757,+5.16%
2025-02-27,27.605,+4.41%
2025-02-26,28.050,+6.28%
2025-02-25,28.046,+5.86%
2025-02-24,28.178,+6.36%
2025-02-21,28.318,+9.18%
2025-02-20,28.810,+11.22%
2025-02-19,28.935,+11.03%
2025-02-18,28.867,+10.77%
2025-02-14,28.796,+10.61%
2025-02-13,28.798,+11.68%
2025-02-12,28.501,+9.01%
2025-02-11,28.579,+9.21%
2025-02-10,28.569,+9.17%
2025-02-07,28.379,+9.13%
2025-02-06,28.650,+11.08%
2025-02-05,28.546,+10.93%
2025-02-04,28.435,+10.15%
2025-02-03,28.231,+9.36%
2025-01-31,28.447,+12.76%
2025-01-30,28.887,+12.87%
2025-01-29,28.735,+12.21%
2025-01-28,28.870,+13.59%
2025-01-27,28.607,+12.55%
2025-01-24,29.030,+14.74%
2025-01-23,29.113,+15.16%
2025-01-22,28.959,+14.89%
2025-01-21,28.783,+14.44%
2025-01-17,28.532,+15.85%
2025-01-16,28.250,+14.06%
2025-01-15,28.310,+13.88%
2025-01-14,27.801,+11.83%
2025-01-13,27.769,+11.70%
2025-01-10,27.725,+11.53%
2025-01-08,28.159,+13.75%
2025-01-07,28.115,+15.18%
2025-01-06,28.431,+16.47%
2025-01-03,28.275,+15.65%
2025-01-02,27.923,+13.29%
2024-12-31,27.985,+11.30%
2024-12-30,28.554,+13.56%
2024-12-27,28.863,+14.51%
2024-12-26,29.185,+15.95%
2024-12-24,29.197,+16.49%
2024-12-23,28.878,+15.22%
2024-12-20,28.669,+15.75%
2024-12-19,28.361,+12.83%
2024-12-18,28.386,+13.59%
2024-12-17,29.248,+17.57%
2024-12-16,29.362,+18.03%
2024-12-13,29.251,+17.89%
2024-12-12,29.251,+19.49%
2024-12-11,29.411,+20.70%
2024-12-10,29.172,+20.19%
2024-12-09,29.259,+20.55%
2024-12-06,29.440,+22.76%
2024-12-05,29.367,+21.98%
2024-12-04,29.422,+22.13%
2024-12-03,29.245,+20.74%
2024-12-02,29.232,+20.69%
2024-11-29,29.633,+21.76%
2024-11-27,29.468,+21.09%
2024-11-26,29.580,+21.31%
2024-11-25,29.412,+20.62%
2024-11-22,29.323,+20.32%
2024-11-21,29.222,+20.40%
2024-11-20,29.067,+19.52%
2024-11-19,29.066,+20.40%
2024-11-18,28.951,+19.92%
2024-11-15,28.838,+19.75%
2024-11-14,29.224,+21.54%
2024-11-13,29.402,+24.62%
2024-11-12,29.395,+24.49%
2024-11-11,29.481,+24.85%
2024-11-08,29.452,+25.65%
2024-11-07,29.342,+25.31%
2024-11-06,29.125,+24.73%
2024-11-05,28.407,+21.87%
2024-11-04,28.063,+20.40%
2024-11-01,28.142,+24.17%
2024-10-31,28.027,+24.96%
2024-10-30,29.029,+28.36%
2024-10-29,29.125,+30.33%
2024-10-28,29.078,+30.12%
2024-10-25,29.001,+27.63%
2024-10-24,29.010,+25.83%
2024-10-23,28.948,+26.48%
2024-10-22,29.217,+27.44%
2024-10-21,29.230,+27.50%
2024-10-18,29.284,+25.05%
2024-10-17,29.168,+22.89%
2024-10-16,29.173,+22.90%
2024-10-15,29.037,+23.62%
2024-10-14,29.260,+24.57%
2024-10-11,29.036,+22.23%
2024-10-10,28.861,+22.01%
2024-10-09,28.921,+22.91%
2024-10-08,28.717,+22.81%
2024-10-07,28.441,+21.63%
2024-10-04,28.717,+24.10%
2024-10-03,28.461,+23.99%
2024-10-02,28.509,+22.49%
2024-10-01,28.505,+21.76%
2024-09-30,28.774,+22.91%
2024-09-27,28.821,+23.50%
2024-09-26,28.857,+23.69%
2024-09-25,28.741,+21.37%
2024-09-24,28.794,+22.09%
2024-09-23,28.722,+21.78%
2024-09-20,28.642,+19.18%
2024-09-19,28.697,+18.28%
2024-09-18,28.218,+16.06%
2024-09-17,28.300,+16.48%
2024-09-16,28.293,+16.45%
2024-09-13,28.257,+15.85%
2024-09-12,28.105,+15.38%
2024-09-11,27.896,+13.87%
2024-09-10,27.602,+13.43%
2024-09-09,27.479,+12.92%
2024-09-06,27.164,+11.42%
2024-09-05,27.641,+12.59%
2024-09-04,27.725,+12.46%
2024-09-03,27.770,+12.64%
2024-08-30,28.537,+15.09%
2024-08-29,28.252,+14.38%
2024-08-28,28.253,+16.04%
2024-08-27,28.423,+17.47%
2024-08-26,28.378,+17.29%
2024-08-23,28.468,+16.85%
2024-08-22,28.144,+16.80%
2024-08-21,28.398,+17.53%
2024-08-20,28.278,+17.83%
2024-08-19,28.335,+18.07%
2024-08-16,28.062,+16.02%
2024-08-15,28.006,+14.91%
2024-08-14,27.561,+11.78%
2024-08-13,27.456,+11.99%
2024-08-12,27.001,+10.14%
2024-08-09,27.000,+10.04%
2024-08-08,26.875,+8.76%
2024-08-07,26.269,+5.86%
2024-08-06,26.474,+7.65%
2024-08-05,26.203,+6.55%
2024-08-02,27.012,+8.98%
2024-08-01,27.518,+9.49%
2024-07-31,27.900,+10.71%
2024-07-30,27.630,+9.14%
2024-07-29,27.768,+9.69%
2024-07-26,27.745,+9.97%
2024-07-25,27.441,+8.75%
2024-07-24,27.582,+9.62%
2024-07-23,28.236,+12.67%
2024-07-22,28.280,+12.84%
2024-07-19,27.978,+10.92%
2024-07-18,28.179,+11.98%
2024-07-17,28.401,+13.67%
2024-07-16,28.803,+15.72%
2024-07-15,28.620,+14.99%
2024-07-12,28.539,+15.51%
2024-07-11,28.382,+15.73%
2024-07-10,28.633,+17.54%
2024-07-09,28.344,+16.63%
2024-07-08,28.323,+16.55%
2024-07-05,28.294,+15.17%
2024-07-03,28.141,+14.32%
2024-07-02,27.999,+13.88%
2024-07-01,27.826,+13.18%
2024-06-28,28.007,+14.58%
2024-06-27,28.122,+15.01%
2024-06-26,28.096,+16.22%
2024-06-25,28.052,+15.52%
2024-06-24,27.942,+15.06%
2024-06-21,28.028,+14.96%
2024-06-20,28.072,+14.53%
2024-06-18,28.143,+14.28%
2024-06-17,28.072,+13.99%
2024-06-14,27.859,+14.08%
2024-06-13,27.870,+14.22%
2024-06-12,27.804,+14.74%
2024-06-11,27.570,+14.84%
2024-06-10,27.495,+14.52%
2024-06-07,27.425,+15.07%
2024-06-06,27.455,+14.76%
2024-06-05,27.461,+15.05%
2024-06-04,27.139,+13.48%
2024-06-03,27.099,+13.31%
2024-05-31,27.068,+15.96%
2024-05-30,27.102,+14.14%
2024-05-29,27.264,+14.82%
2024-05-28,27.467,+15.68%
2024-05-24,27.460,+18.19%
2024-05-23,27.269,+16.51%
2024-05-22,27.472,+16.06%
2024-05-21,27.546,+16.39%
2024-05-20,27.478,+16.10%
2024-05-17,27.452,+16.92%
2024-05-16,27.421,+18.17%
2024-05-15,27.478,+17.66%
2024-05-14,27.160,+16.65%
2024-05-13,27.029,+16.08%
2024-05-10,27.035,+15.73%
2024-05-09,26.991,+16.06%
2024-05-08,26.854,+14.94%
2024-05-07,26.854,+14.99%
2024-05-06,26.818,+14.84%
2024-05-03,26.544,+14.93%
2024-05-02,26.215,+12.71%
2024-05-01,25.978,+10.40%
2024-04-30,26.067,+9.52%
2024-04-29,26.732,+12.31%
2024-04-26,26.647,+15.08%
2024-04-25,26.378,+13.48%
2024-04-24,26.499,+12.20%
2024-04-23,26.493,+12.27%
2024-04-22,26.180,+10.95%
2024-04-19,25.953,+9.43%
2024-04-18,26.183,+10.39%
2024-04-17,26.241,+10.73%
2024-04-16,26.393,+11.74%
2024-04-15,26.448,+11.97%
2024-04-12,26.769,+14.59%
2024-04-11,27.165,+15.81%
2024-04-10,26.964,+14.95%
2024-04-09,27.221,+16.16%
2024-04-08,27.182,+15.99%
2024-04-05,27.192,+16.45%
2024-04-04,26.894,+14.89%
2024-04-03,27.230,+15.65%
2024-04-02,27.200,+15.95%
2024-04-01,27.398,+16.79%
2024-03-28,27.404,+20.32%
2024-03-27,27.373,+19.99%
2024-03-26,27.139,+19.16%
2024-03-25,27.215,+19.50%
2024-03-22,27.298,+20.89%
2024-03-21,27.337,+19.07%
2024-03-20,27.248,+20.23%
2024-03-19,27.008,+20.23%
2024-03-18,26.856,+19.56%
2024-03-15,26.688,+19.56%
2024-03-14,26.862,+19.50%
2024-03-13,26.939,+21.82%
2024-03-12,26.991,+21.87%
2024-03-11,26.692,+20.52%
2024-03-08,26.722,+16.72%
2024-03-07,26.898,+17.65%
2024-03-06,26.623,+14.66%
2024-03-05,26.487,+14.15%
2024-03-04,26.760,+15.33%
2024-03-01,26.792,+18.22%
2024-02-29,26.579,+17.28%
2024-02-28,26.394,+15.92%
2024-02-27,26.438,+15.23%
2024-02-26,26.393,+15.38%
2024-02-23,26.493,+14.60%
2024-02-22,26.484,+15.17%
2024-02-21,25.936,+12.61%
2024-02-20,25.903,+10.22%
2024-02-16,26.060,+10.57%
2024-02-15,26.186,+9.58%
2024-02-14,26.034,+9.24%
2024-02-13,25.787,+8.18%
2024-02-12,26.145,+10.93%
2024-02-09,26.169,+11.28%
2024-02-08,26.020,+9.67%
2024-02-07,26.005,+8.39%
2024-02-06,25.793,+8.89%
2024-02-05,25.733,+7.97%
2024-02-02,25.815,+7.19%
2024-02-01,25.542,+7.62%
2024-01-31,25.227,+7.40%
2024-01-30,25.594,+10.04%
2024-01-29,25.609,+8.68%
2024-01-26,25.417,+8.13%
2024-01-25,25.433,+9.39%
2024-01-24,25.300,+8.80%
2024-01-23,25.280,+8.64%
2024-01-22,25.206,+9.61%
2024-01-19,25.151,+11.44%
2024-01-18,24.845,+9.24%
2024-01-17,24.628,+6.60%
2024-01-16,24.767,+6.98%
2024-01-12,24.860,+7.82%
2024-01-11,24.841,+8.10%
2024-01-10,24.858,+9.57%
2024-01-09,24.718,+9.71%
2024-01-08,24.755,+9.79%
2024-01-05,24.410,+10.73%
2024-01-04,24.366,+9.24%
2024-01-03,24.449,+10.44%
2024-01-02,24.647,+14.00%
2023-12-29,25.144,+16.00%
2023-12-28,25.215,+18.36%
2023-12-27,25.206,+16.89%
2023-12-26,25.170,+16.25%
2023-12-22,25.064,+16.44%
2023-12-21,25.022,+14.56%
2023-12-20,24.767,+15.08%
2023-12-19,25.136,+16.92%
2023-12-18,24.990,+15.19%
2023-12-15,24.877,+13.40%
2023-12-14,24.879,+10.58%
2023-12-13,24.813,+9.62%
2023-12-12,24.479,+8.93%
2023-12-11,24.367,+9.98%
2023-12-08,24.272,+8.75%
2023-12-07,24.173,+9.12%
2023-12-06,23.982,+8.06%
2023-12-05,24.076,+6.91%
2023-12-04,24.090,+5.06%
2023-12-01,24.221,+5.51%
2023-11-30,24.079,+4.80%
2023-11-29,24.337,+12.16%
2023-11-28,24.360,+12.09%
2023-11-27,24.336,+10.25%
2023-11-24,24.384,+10.44%
2023-11-22,24.370,+11.03%
2023-11-21,24.271,+12.08%
2023-11-20,24.320,+11.87%
2023-11-17,24.142,+11.58%
2023-11-16,24.111,+11.09%
2023-11-15,24.082,+10.04%
2023-11-14,24.044,+10.83%
2023-11-13,23.594,+7.78%
2023-11-10,23.613,+8.86%
2023-11-09,23.250,+13.13%
2023-11-08,23.440,+11.69%
2023-11-07,23.416,+12.19%
2023-11-06,23.350,+12.95%
2023-11-03,23.309,+14.29%
2023-11-02,23.092,+12.03%
2023-11-01,22.665,+7.21%
2023-10-31,22.429,+5.66%
2023-10-30,22.615,+8.54%
2023-10-27,22.347,+9.89%
2023-10-26,22.454,+9.75%
2023-10-25,22.723,+10.24%
2023-10-24,23.054,+13.67%
2023-10-23,22.888,+14.19%
2023-10-20,22.926,+17.09%
2023-10-19,23.218,+17.64%
2023-10-18,23.417,+17.86%
2023-10-17,23.735,+20.83%
2023-10-16,23.737,+24.04%
2023-10-13,23.489,+19.84%
2023-10-12,23.607,+23.56%
2023-10-11,23.755,+23.93%
2023-10-10,23.654,+22.60%
2023-10-09,23.531,+21.04%
2023-10-06,23.384,+16.92%
2023-10-05,23.111,+14.37%
2023-10-04,23.141,+14.29%
2023-10-03,22.955,+16.84%
2023-10-02,23.275,+13.93%
2023-09-29,23.410,+21.48%
2023-09-28,23.474,+19.24%
2023-09-27,23.336,+20.87%
2023-09-26,23.331,+20.59%
2023-09-25,23.680,+21.13%
2023-09-22,23.585,+18.56%
2023-09-21,23.639,+17.83%
2023-09-20,24.033,+17.75%
2023-09-19,24.261,+17.52%
2023-09-18,24.314,+18.58%
2023-09-15,24.296,+17.64%
2023-09-14,24.595,+17.75%
2023-09-13,24.390,+17.16%
2023-09-12,24.359,+11.95%
2023-09-11,24.499,+13.78%
2023-09-08,24.335,+14.75%
2023-09-07,24.301,+15.35%
2023-09-06,24.379,+17.84%
2023-09-05,24.550,+18.18%
2023-09-01,24.653,+17.40%
2023-08-31,24.609,+17.54%
2023-08-30,24.795,+18.55%
2023-08-29,24.700,+16.79%
2023-08-28,24.347,+14.35%
2023-08-25,24.195,+9.81%
2023-08-24,24.034,+10.62%
2023-08-23,24.362,+12.45%
2023-08-22,24.096,+10.97%
2023-08-21,24.163,+8.91%
2023-08-18,23.998,+6.77%
2023-08-17,24.001,+7.02%
2023-08-16,24.188,+7.07%
2023-08-15,24.372,+8.09%
2023-08-14,24.657,+9.79%
2023-08-11,24.516,+11.05%
2023-08-10,24.542,+11.09%
2023-08-09,24.536,+13.43%
2023-08-08,24.710,+13.75%
2023-08-07,24.814,+14.09%
2023-08-04,24.592,+12.88%
2023-08-03,24.723,+13.39%
2023-08-02,24.787,+15.47%
2023-08-01,25.134,+16.30%
2023-07-31,25.202,+17.31%
2023-07-28,25.315,+19.51%
2023-07-27,25.067,+19.78%
2023-07-26,25.229,+23.70%
2023-07-25,25.233,+22.29%
2023-07-24,25.162,+22.11%
2023-07-21,25.061,+20.49%
2023-07-20,25.053,+21.63%
2023-07-19,25.224,+23.19%
2023-07-18,25.164,+26.29%
2023-07-17,24.986,+24.35%
2023-07-14,24.890,+26.25%
2023-07-13,24.916,+26.00%
2023-07-12,24.707,+24.39%
2023-07-11,24.525,+22.33%
2023-07-10,24.361,+20.11%
2023-07-07,24.302,+19.72%
2023-07-06,24.372,+21.87%
2023-07-05,24.567,+23.28%
2023-07-03,24.615,+23.71%
2023-06-30,24.586,+24.87%
2023-06-29,24.553,+24.82%
2023-06-28,24.444,+24.18%
2023-06-27,24.452,+21.72%
2023-06-26,24.175,+19.98%
2023-06-23,24.284,+24.20%
2023-06-22,24.472,+26.36%
2023-06-21,24.381,+25.73%
2023-06-20,24.510,+29.48%
2023-06-19,24.626,+30.10%
2023-06-18,24.626,+30.10%
2023-06-16,24.626,+30.39%
2023-06-15,24.717,+26.61%
2023-06-14,24.420,+26.92%
2023-06-13,24.400,+26.33%
2023-06-12,24.232,+20.60%
2023-06-11,24.008,+19.48%
2023-06-09,24.008,+16.01%
2023-06-08,23.980,+13.11%
2023-06-07,23.833,+11.21%
2023-06-06,23.924,+12.69%
2023-06-05,23.868,+12.78%
2023-06-04,23.916,+13.01%
2023-06-02,23.916,+11.16%
2023-06-01,23.573,+11.59%
2023-05-31,23.343,+9.67%
2023-05-30,23.744,+11.94%
2023-05-29,23.744,+11.94%
2023-05-28,23.744,+11.94%
2023-05-26,23.744,+14.71%
2023-05-25,23.438,+15.48%
2023-05-24,23.234,+15.55%
2023-05-23,23.405,+15.46%
2023-05-22,23.671,+18.94%
2023-05-21,23.667,+18.92%
2023-05-19,23.667,+18.94%
2023-05-18,23.702,+18.42%
2023-05-17,23.480,+12.57%
2023-05-16,23.204,+13.49%
2023-05-15,23.353,+13.77%
2023-05-14,23.284,+13.43%
2023-05-12,23.284,+16.14%
2023-05-11,23.321,+16.18%
2023-05-10,23.361,+14.46%
2023-05-09,23.256,+14.22%
2023-05-08,23.363,+11.07%
2023-05-05,23.353,+10.40%
2023-05-04,22.929,+4.53%
2023-05-03,23.096,+8.43%
2023-05-02,23.259,+9.72%
2023-05-01,23.531,+13.08%
2023-04-28,23.802,+9.87%
2023-04-27,23.608,+11.67%
2023-04-26,23.155,+9.76%
2023-04-25,23.244,+7.08%
2023-04-24,23.617,+9.42%
2023-04-21,23.597,+6.29%
2023-04-20,23.576,+4.63%
2023-04-19,23.717,+5.19%
2023-04-18,23.719,+6.89%
2023-04-17,23.699,+6.78%
2023-04-14,23.621,+6.42%
2023-04-13,23.670,+5.35%
2023-04-12,23.360,+5.14%
2023-04-11,23.457,+5.21%
2023-04-10,23.458,+3.44%
2023-04-06,23.434,+3.50%
2023-04-05,23.351,+2.13%
2023-04-04,23.409,+1.10%
2023-04-03,23.546,+5.12%
2023-03-31,23.459,+2.48%
2023-03-30,23.233,-0.10%
2023-03-29,23.101,-1.29%
2023-03-28,22.776,-1.49%
2023-03-27,22.812,-0.63%
2023-03-24,22.775,-0.29%
2023-03-23,22.647,+0.57%
2023-03-22,22.580,-0.95%
2023-03-21,22.958,+1.84%
2023-03-20,22.663,+0.49%
2023-03-17,22.463,+0.77%
2023-03-16,22.713,+3.14%
2023-03-15,22.321,+3.64%
2023-03-14,22.478,+6.60%
2023-03-13,22.114,+4.09%
2023-03-10,22.147,+2.89%
2023-03-09,22.473,+3.96%
2023-03-08,22.895,+8.64%
2023-03-07,22.863,+7.70%
2023-03-06,23.219,+6.15%
2023-03-03,23.203,+5.23%
2023-03-02,22.834,+3.02%
2023-03-01,22.662,+2.13%
2023-02-28,22.770,+3.02%
2023-02-27,22.944,+3.55%
2023-02-24,22.874,+5.54%
2023-02-23,23.118,+8.26%
2023-02-22,22.995,+5.70%
2023-02-21,23.031,+4.80%
2023-02-17,23.502,+6.17%
2023-02-16,23.568,+4.21%
2023-02-15,23.897,+5.76%
2023-02-14,23.831,+7.13%
2023-02-13,23.838,+6.75%
2023-02-10,23.568,+3.54%
2023-02-09,23.516,+1.44%
2023-02-08,23.726,+3.83%
2023-02-07,23.992,+5.88%
2023-02-06,23.687,+4.15%
2023-02-03,23.833,+5.33%
2023-02-02,24.083,+3.84%
2023-02-01,23.734,+5.86%
2023-01-31,23.488,+2.93%
2023-01-30,23.258,+3.84%
2023-01-27,23.563,+7.77%
2023-01-26,23.505,+6.92%
2023-01-25,23.249,+5.60%
2023-01-24,23.253,+4.33%
2023-01-23,23.270,+4.70%
2023-01-20,22.996,+1.51%
2023-01-19,22.569,-1.48%
2023-01-18,22.743,-1.68%
2023-01-17,23.103,-1.96%
2023-01-13,23.150,-1.68%
2023-01-12,23.057,-3.47%
2023-01-11,22.979,-3.53%
2023-01-10,22.687,-3.88%
2023-01-09,22.530,-4.68%
2023-01-06,22.547,-5.00%
2023-01-05,22.044,-7.21%
2023-01-04,22.304,-7.93%
2023-01-03,22.137,-8.68%
2022-12-30,21.621,-13.86%
2022-12-29,21.676,-13.90%
2022-12-28,21.304,-15.26%
2022-12-27,21.564,-14.31%
2022-12-23,21.651,-12.77%
2022-12-22,21.525,-12.74%
2022-12-21,21.841,-10.56%
2022-12-20,21.521,-10.30%
2022-12-19,21.498,-11.42%
2022-12-16,21.694,-11.53%
2022-12-15,21.938,-11.32%
2022-12-14,22.499,-7.56%
2022-12-13,22.636,-7.69%
2022-12-12,22.472,-9.20%
2022-12-09,22.156,-9.62%
2022-12-08,22.320,-9.61%
2022-12-07,22.153,-10.01%
2022-12-06,22.194,-7.97%
2022-12-05,22.519,-5.53%
2022-12-02,22.929,-4.63%
2022-12-01,22.956,-2.85%
2022-11-30,22.976,-4.22%
2022-11-29,21.698,-14.75%
2022-11-28,21.732,-13.49%
2022-11-25,22.073,-14.13%
2022-11-23,22.079,-13.91%
2022-11-22,21.949,-14.27%
2022-11-21,21.655,-15.69%
2022-11-18,21.740,-15.48%
2022-11-17,21.637,-15.59%
2022-11-16,21.704,-15.55%
2022-11-15,21.884,-14.52%
2022-11-14,21.695,-15.26%
2022-11-11,21.891,-13.88%
2022-11-10,21.691,-14.62%
2022-11-09,20.551,-19.77%
2022-11-08,20.987,-18.35%
2022-11-07,20.871,-18.73%
2022-11-04,20.672,-19.21%
2022-11-03,20.394,-19.96%
2022-11-02,20.612,-18.58%
2022-11-01,21.141,-13.75%
2022-10-31,21.228,-19.14%
2022-10-28,20.836,-20.48%
2022-10-27,20.335,-21.63%
2022-10-26,20.459,-21.55%
2022-10-25,20.612,-20.81%
2022-10-24,20.282,-21.71%
2022-10-21,20.044,-22.71%
2022-10-20,19.579,-24.28%
2022-10-19,19.736,-23.39%
2022-10-18,19.869,-22.31%
2022-10-17,19.644,-22.93%
2022-10-14,19.137,-24.36%
2022-10-13,19.601,-21.20%
2022-10-12,19.105,-22.96%
2022-10-11,19.168,-22.90%
2022-10-10,19.294,-22.92%
2022-10-07,19.440,-22.49%
2022-10-06,20.000,-19.59%
2022-10-05,20.207,-18.43%
2022-10-04,20.247,-17.41%
2022-10-03,19.647,-19.45%
2022-10-01,20.430,-16.24%
2022-09-30,19.151,-22.00%
2022-09-29,19.271,-24.91%
2022-09-28,19.687,-23.17%
2022-09-27,19.307,-26.19%
2022-09-26,19.348,-26.23%
2022-09-23,19.550,-25.35%
2022-09-22,19.893,-23.12%
2022-09-21,20.062,-21.73%
2022-09-20,20.411,-20.43%
2022-09-19,20.644,-20.89%
2022-09-16,20.504,-22.14%
2022-09-15,20.652,-21.70%
2022-09-14,20.888,-20.14%
2022-09-13,20.818,-20.87%
2022-09-12,21.759,-17.10%
2022-09-09,21.531,-18.60%
2022-09-08,21.207,-20.20%
2022-09-07,21.068,-20.82%
2022-09-06,20.688,-22.51%
2022-09-02,20.773,-22.22%
2022-09-01,20.999,-17.13%
2022-08-31,20.936,-21.36%
2022-08-30,20.916,-24.11%
2022-08-29,21.149,-22.93%
2022-08-26,21.291,-21.73%
2022-08-25,22.033,-19.48%
2022-08-24,21.727,-20.42%
2022-08-23,21.664,-20.53%
2022-08-22,21.713,-19.67%
2022-08-19,22.187,-17.25%
2022-08-18,22.477,-16.06%
2022-08-17,22.426,-17.16%
2022-08-16,22.590,-17.14%
2022-08-15,22.548,-17.08%
2022-08-12,22.459,-17.27%
2022-08-11,22.076,-18.44%
2022-08-10,22.092,-18.18%
2022-08-09,21.631,-19.81%
2022-08-08,21.723,-19.54%
2022-08-05,21.750,-19.31%
2022-08-04,21.786,-18.69%
2022-08-03,21.803,-19.00%
2022-08-02,21.467,-19.60%
2022-08-01,21.611,-17.58%
2022-07-29,21.483,-22.82%
2022-07-28,21.182,-23.58%
2022-07-27,20.928,-24.51%
2022-07-26,20.395,-26.78%
2022-07-25,20.633,-25.75%
2022-07-22,20.606,-25.10%
2022-07-21,20.800,-24.24%
2022-07-20,20.597,-24.36%
2022-07-19,20.476,-23.66%
2022-07-18,19.925,-26.90%
2022-07-15,20.093,-26.84%
2022-07-14,19.715,-28.45%
2022-07-13,19.774,-28.15%
2022-07-12,19.863,-28.08%
2022-07-11,20.048,-27.16%
2022-07-08,20.282,-25.48%
2022-07-07,20.299,-26.05%
2022-07-06,19.999,-26.90%
2022-07-05,19.928,-27.31%
2022-07-01,19.897,-25.09%
2022-06-30,19.689,-27.26%
2022-06-29,19.670,-31.91%
2022-06-28,19.685,-31.84%
2022-06-27,20.089,-30.28%
2022-06-24,20.149,-29.84%
2022-06-23,19.552,-31.52%
2022-06-22,19.367,-32.24%
2022-06-21,19.392,-31.80%
2022-06-17,18.929,-33.39%
2022-06-16,18.887,-33.56%
2022-06-15,19.522,-31.70%
2022-06-14,19.241,-32.82%
2022-06-13,19.314,-32.44%
2022-06-10,20.093,-29.58%
2022-06-09,20.695,-27.13%
2022-06-08,21.200,-25.49%
2022-06-07,21.431,-24.67%
2022-06-06,21.229,-25.44%
2022-06-03,21.163,-25.01%
2022-06-02,21.514,-24.04%
2022-06-01,21.125,-20.88%
2022-05-31,21.284,-29.94%
2022-05-27,21.212,-30.12%
2022-05-26,20.700,-31.73%
2022-05-25,20.297,-32.93%
2022-05-24,20.107,-33.70%
2022-05-23,20.271,-32.50%
2022-05-20,19.902,-33.78%
2022-05-19,19.899,-33.09%
2022-05-18,20.016,-32.90%
2022-05-17,20.858,-30.67%
2022-05-16,20.446,-32.21%
2022-05-13,20.527,-30.93%
2022-05-12,20.048,-31.71%
2022-05-11,20.074,-33.09%
2022-05-10,20.410,-32.56%
2022-05-09,20.360,-33.43%
2022-05-06,21.034,-30.72%
2022-05-05,21.154,-29.76%
2022-05-04,21.936,-27.11%
2022-05-03,21.300,-29.69%
2022-05-02,21.198,-24.43%
2022-05-01,20.810,-25.81%
2022-04-29,20.878,-36.45%
2022-04-28,21.664,-33.61%
2022-04-27,21.141,-35.27%
2022-04-26,21.096,-35.42%
2022-04-25,21.707,-33.43%
2022-04-22,21.584,-33.08%
2022-04-21,22.200,-31.81%
2022-04-20,22.533,-30.14%
2022-04-19,22.547,-30.57%
2022-04-18,22.190,-32.03%
2022-04-14,22.195,-31.02%
2022-04-13,22.468,-30.45%
2022-04-12,22.219,-31.00%
2022-04-11,22.296,-30.77%
2022-04-08,22.678,-29.04%
2022-04-07,22.739,-28.55%
2022-04-06,22.642,-28.75%
2022-04-05,22.865,-28.12%
2022-04-04,23.155,-22.61%
2022-04-01,22.400,-25.13%
2022-03-31,22.891,-26.13%
2022-03-30,23.256,-31.36%
2022-03-29,23.404,-31.14%
2022-03-28,23.120,-32.03%
2022-03-25,22.956,-31.39%
2022-03-24,22.841,-31.38%
2022-03-23,22.518,-32.72%
2022-03-22,22.797,-32.41%
2022-03-21,22.543,-32.69%
2022-03-18,22.552,-32.70%
2022-03-17,22.292,-34.46%
2022-03-16,22.021,-35.07%
2022-03-15,21.538,-36.60%
2022-03-14,21.087,-37.52%
2022-03-11,21.245,-36.99%
2022-03-10,21.524,-35.50%
2022-03-09,21.616,-34.83%
2022-03-08,21.075,-35.56%
2022-03-07,21.228,-35.44%
2022-03-04,21.874,-32.18%
2022-03-03,22.049,-32.56%
2022-03-02,22.165,-33.09%
2022-03-01,22.190,-27.25%
2022-02-28,22.102,-38.82%
2022-02-25,22.158,-38.96%
2022-02-24,21.673,-41.76%
2022-02-23,21.354,-41.96%
2022-02-22,21.754,-40.80%
2022-02-18,21.977,-40.77%
2022-02-17,22.136,-40.60%
2022-02-16,22.615,-39.34%
2022-02-15,22.595,-39.43%
2022-02-14,22.244,-40.37%
2022-02-11,22.330,-39.85%
2022-02-10,22.762,-38.59%
2022-02-09,23.182,-37.48%
2022-02-08,22.850,-38.44%
2022-02-07,22.660,-38.50%
2022-02-04,22.744,-38.03%
2022-02-03,22.627,-37.68%
2022-02-02,23.193,-36.06%
2022-02-01,22.420,-32.55%
2022-01-31,22.820,-42.17%
2022-01-28,22.398,-44.33%
2022-01-27,21.865,-45.13%
2022-01-26,21.984,-46.25%
2022-01-25,22.017,-46.24%
2022-01-24,22.288,-45.39%
2022-01-21,22.226,-45.70%
2022-01-20,22.655,-44.64%
2022-01-19,22.908,-43.24%
2022-01-18,23.132,-42.22%
2022-01-14,23.565,-41.56%
2022-01-13,23.546,-41.82%
2022-01-12,23.886,-40.85%
2022-01-11,23.819,-40.99%
2022-01-10,23.603,-41.91%
2022-01-07,23.637,-41.51%
2022-01-06,23.733,-40.40%
2022-01-05,23.756,-40.00%
2022-01-04,24.226,-38.38%
2022-01-03,24.241,-32.59%
2022-01-01,23.110,-35.73%
2021-12-31,24.087,-39.64%
2021-12-30,25.100,-35.78%
2021-12-29,25.175,-35.50%
2021-12-28,25.140,-35.73%
2021-12-27,25.165,-35.11%
2021-12-23,24.822,-35.77%
2021-12-22,24.668,-36.12%
2021-12-21,24.420,-36.89%
2021-12-20,23.993,-38.24%
2021-12-17,24.269,-37.74%
2021-12-16,24.522,-36.73%
2021-12-15,24.738,-36.06%
2021-12-14,24.340,-36.28%
2021-12-13,24.523,-36.08%
2021-12-10,24.749,-35.57%
2021-12-09,24.515,-36.26%
2021-12-08,24.693,-36.31%
2021-12-07,24.617,-36.33%
2021-12-06,24.117,-37.74%
2021-12-03,23.838,-37.92%
2021-12-02,24.041,-37.43%
2021-12-01,23.630,-39.81%
2021-11-30,23.988,-36.75%
2021-11-29,25.451,-32.24%
2021-11-26,25.120,-32.97%
2021-11-24,25.704,-31.52%
2021-11-23,25.645,-30.57%
2021-11-22,25.602,-30.29%
2021-11-19,25.685,-30.54%
2021-11-18,25.721,-30.17%
2021-11-17,25.634,-31.21%
2021-11-16,25.701,-31.36%
2021-11-15,25.602,-30.83%
2021-11-12,25.602,-29.89%
2021-11-11,25.418,-31.09%
2021-11-10,25.404,-30.60%
2021-11-09,25.615,-30.12%
2021-11-08,25.705,-29.05%
2021-11-05,25.682,-29.14%
2021-11-04,25.587,-28.03%
2021-11-03,25.480,-26.75%
2021-11-02,25.317,-25.92%
2021-11-01,24.510,-34.06%
2021-10-29,26.252,-22.10%
2021-10-28,26.201,-21.33%
2021-10-27,25.946,-24.84%
2021-10-26,26.078,-24.69%
2021-10-25,26.030,-26.22%
2021-10-22,25.907,-26.32%
2021-10-21,25.935,-25.85%
2021-10-20,25.858,-26.24%
2021-10-19,25.763,-26.16%
2021-10-18,25.574,-27.90%
2021-10-15,25.488,-28.13%
2021-10-14,25.299,-28.77%
2021-10-13,24.875,-30.43%
2021-10-12,24.800,-31.08%
2021-10-11,24.860,-29.78%
2021-10-08,25.032,-28.67%
2021-10-07,25.080,-27.96%
2021-10-06,24.873,-27.31%
2021-10-05,24.772,-28.62%
2021-10-04,24.514,-28.09%
2021-10-01,24.390,-30.91%
2021-09-30,24.554,-28.29%
2021-09-29,25.664,-24.17%
2021-09-28,25.623,-24.65%
2021-09-27,26.156,-21.85%
2021-09-24,26.229,-20.37%
2021-09-23,26.190,-20.25%
2021-09-22,25.876,-23.08%
2021-09-21,25.632,-23.00%
2021-09-20,25.653,-23.83%
2021-09-17,26.096,-23.38%
2021-09-16,26.336,-23.33%
2021-09-15,26.377,-23.56%
2021-09-14,26.156,-23.81%
2021-09-13,26.307,-22.39%
2021-09-10,26.247,-22.53%
2021-09-09,26.451,-23.30%
2021-09-08,26.574,-21.39%
2021-09-07,26.609,-23.47%
2021-09-03,26.699,-23.84%
2021-09-02,26.708,-26.49%
2021-09-01,25.340,-26.06%
2021-08-31,26.624,-25.03%
2021-08-30,27.561,-22.31%
2021-08-27,27.443,-22.12%
2021-08-26,27.203,-22.67%
2021-08-25,27.362,-21.43%
2021-08-24,27.302,-21.32%
2021-08-23,27.261,-20.64%
2021-08-20,27.031,-21.04%
2021-08-19,26.812,-21.43%
2021-08-18,26.779,-21.88%
2021-08-17,27.070,-20.85%
2021-08-16,27.262,-20.07%
2021-08-13,27.191,-20.29%
2021-08-12,27.147,-20.58%
2021-08-11,27.067,-19.71%
2021-08-10,27.001,-20.54%
2021-08-09,26.974,-20.40%
2021-08-06,26.999,-20.28%
2021-08-05,26.954,-19.90%
2021-08-04,26.793,-19.87%
2021-08-03,26.918,-19.20%
2021-08-02,26.699,-22.41%
2021-08-01,26.220,-23.80%
2021-07-30,27.685,-15.37%
2021-07-29,27.835,-15.23%
2021-07-28,27.719,-14.54%
2021-07-27,27.724,-15.07%
2021-07-26,27.855,-14.04%
2021-07-23,27.789,-14.78%
2021-07-22,27.510,-16.67%
2021-07-21,27.455,-16.36%
2021-07-20,27.230,-16.91%
2021-07-19,26.823,-17.46%
2021-07-16,27.256,-15.89%
2021-07-15,27.463,-15.54%
2021-07-14,27.553,-14.49%
2021-07-13,27.521,-13.45%
2021-07-12,27.618,-13.96%
2021-07-09,27.523,-13.35%
2021-07-08,27.216,-14.80%
2021-07-07,27.451,-13.40%
2021-07-06,27.359,-14.62%
2021-07-02,27.415,-13.09%
2021-07-01,26.560,-18.13%
2021-06-30,27.069,-13.36%
2021-06-29,28.887,-0.73%
2021-06-28,28.879,+0.70%
2021-06-25,28.813,-1.96%
2021-06-24,28.717,-1.21%
2021-06-23,28.551,-4.33%
2021-06-22,28.582,-3.81%
2021-06-21,28.436,-3.68%
2021-06-18,28.044,-5.54%
2021-06-17,28.417,-4.23%
2021-06-16,28.429,-4.53%
2021-06-15,28.583,-2.20%
2021-06-14,28.641,-1.18%
2021-06-11,28.589,-0.08%
2021-06-10,28.533,-6.15%
2021-06-09,28.401,-7.08%
2021-06-08,28.453,-7.64%
2021-06-07,28.448,-6.54%
2021-06-04,28.471,-4.01%
2021-06-03,28.221,-5.17%
2021-06-02,28.324,-3.53%
2021-06-01,26.700,-14.67%
2021-05-28,30.379,+10.93%
2021-05-27,30.355,+10.61%
2021-05-26,30.320,+12.12%
2021-05-25,30.263,+13.28%
2021-05-24,30.328,+13.52%
2021-05-21,30.030,+12.67%
2021-05-20,30.054,+11.89%
2021-05-19,29.740,+12.56%
2021-05-18,29.828,+11.71%
2021-05-17,30.084,+16.22%
2021-05-14,30.160,+16.97%
2021-05-13,29.717,+16.58%
2021-05-12,29.359,+13.17%
2021-05-11,30.003,+13.27%
2021-05-10,30.265,+14.28%
2021-05-07,30.585,+17.44%
2021-05-06,30.361,+17.92%
2021-05-05,30.115,+16.15%
2021-05-04,30.094,+17.12%
2021-05-03,30.296,+8.90%
2021-05-01,28.050,+0.83%
2021-04-30,30.213,+14.76%
2021-04-29,32.851,+30.01%
2021-04-28,32.630,+32.57%
2021-04-27,32.658,+31.98%
2021-04-26,32.665,+33.96%
2021-04-23,32.607,+35.57%
2021-04-22,32.254,+34.03%
2021-04-21,32.554,+38.39%
2021-04-20,32.254,+32.90%
2021-04-19,32.475,+31.42%
2021-04-16,32.648,+35.66%
2021-04-15,32.531,+35.97%
2021-04-14,32.174,+31.51%
2021-04-13,32.306,+36.08%
2021-04-12,32.200,+34.27%
2021-04-09,32.206,+34.29%
2021-04-08,31.959,+35.20%
2021-04-07,31.825,+39.21%
2021-04-06,31.778,+38.78%
2021-04-05,31.809,+48.69%
2021-04-01,29.920,+19.82%
2021-03-31,30.990,+39.48%
2021-03-30,33.880,+59.99%
2021-03-29,33.987,+65.88%
2021-03-26,34.017,+60.43%
2021-03-25,33.460,+67.65%
2021-03-24,33.286,+68.71%
2021-03-23,33.469,+85.55%
2021-03-22,33.726,+81.50%
2021-03-19,33.491,+72.42%
2021-03-18,33.511,+73.34%
2021-03-17,34.013,+66.81%
2021-03-16,33.916,+76.31%
2021-03-15,33.969,+55.42%
2021-03-12,33.750,+68.76%
2021-03-11,33.716,+52.55%
2021-03-10,33.369,+43.61%
2021-03-09,33.169,+49.79%
2021-03-08,32.706,+36.49%
2021-03-05,32.882,+34.88%
2021-03-04,32.253,+27.81%
2021-03-03,32.692,+35.02%
2021-03-02,33.125,+32.96%
2021-03-01,30.500,+33.77%
2021-02-26,36.128,+52.75%
2021-02-25,36.301,+52.90%
2021-02-24,37.211,+51.99%
2021-02-23,36.794,+45.25%
2021-02-22,36.748,+45.07%
2021-02-19,37.034,+44.11%
2021-02-18,37.103,+45.05%
2021-02-17,37.267,+45.27%
2021-02-16,37.279,+45.31%
2021-02-12,37.301,+45.43%
2021-02-11,37.126,+45.68%
2021-02-10,37.064,+45.69%
2021-02-09,37.077,+46.80%
2021-02-08,37.118,+46.97%
2021-02-05,36.845,+45.58%
2021-02-04,36.702,+46.65%
2021-02-03,36.308,+47.25%
2021-02-02,36.272,+37.29%
2021-02-01,33.240,+25.81%
2021-01-29,39.459,+68.13%
2021-01-28,40.236,+71.28%
2021-01-27,39.847,+71.33%
2021-01-26,40.897,+73.08%
2021-01-25,40.958,+73.34%
2021-01-22,40.810,+71.35%
2021-01-21,40.933,+71.92%
2021-01-20,40.921,+71.41%
2021-01-19,40.358,+69.05%
2021-01-15,40.032,+69.74%
2021-01-14,40.322,+71.29%
2021-01-13,40.474,+71.67%
2021-01-12,40.382,+72.48%
2021-01-11,40.366,+72.41%
2021-01-08,40.632,+74.21%
2021-01-07,40.410,+74.10%
2021-01-06,39.819,+71.07%
2021-01-05,39.593,+70.70%
2021-01-04,39.314,+69.50%
2021-01-01,35.960,+44.53%
2020-12-31,39.903,+72.26%
2020-12-30,39.083,+66.56%
2020-12-29,39.031,+65.37%
2020-12-28,39.118,+65.74%
2020-12-24,38.780,+65.16%
2020-12-23,38.643,+64.54%
2020-12-22,38.614,+64.56%
2020-12-21,38.694,+64.90%
2020-12-18,38.846,+67.12%
2020-12-17,38.983,+67.63%
2020-12-16,38.760,+66.72%
2020-12-15,38.691,+67.62%
2020-12-14,38.198,+65.48%
2020-12-11,38.365,+67.64%
2020-12-10,38.413,+68.35%
2020-12-09,38.463,+68.37%
2020-12-08,38.771,+69.19%
2020-12-07,38.663,+68.72%
2020-12-04,38.738,+70.84%
2020-12-03,38.399,+70.42%
2020-12-02,38.423,+69.39%
2020-12-01,39.260,+72.34%
2020-11-30,37.927,+63.12%
2020-11-27,37.563,+60.90%
2020-11-25,37.473,+61.54%
2020-11-24,37.533,+63.02%
2020-11-23,36.936,+60.42%
2020-11-20,36.729,+59.62%
2020-11-19,36.980,+60.11%
2020-11-18,36.835,+59.38%
2020-11-17,37.265,+61.33%
2020-11-16,37.445,+62.11%
2020-11-13,37.014,+61.60%
2020-11-12,36.517,+59.55%
2020-11-11,36.885,+61.41%
2020-11-10,36.605,+59.88%
2020-11-09,36.656,+60.10%
2020-11-06,36.232,+59.08%
2020-11-05,36.243,+59.24%
2020-11-04,35.551,+56.01%
2020-11-03,34.784,+53.78%
2020-11-02,34.176,+51.09%
2020-11-01,37.170,+64.32%
2020-10-30,33.292,+45.22%
2020-10-29,33.701,+47.48%
2020-10-28,33.303,+45.62%
2020-10-27,34.521,+51.79%
2020-10-26,34.626,+52.25%
2020-10-23,35.282,+56.07%
2020-10-22,35.161,+55.97%
2020-10-21,34.978,+54.61%
2020-10-20,35.055,+56.01%
2020-10-19,34.890,+55.27%
2020-10-16,35.469,+57.67%
2020-10-15,35.465,+57.34%
2020-10-14,35.519,+59.14%
2020-10-13,35.756,+59.98%
2020-10-12,35.983,+61.00%
2020-10-09,35.401,+61.16%
2020-10-08,35.093,+61.21%
2020-10-07,34.814,+57.44%
2020-10-06,34.219,+54.06%
2020-10-05,34.704,+56.24%
2020-10-02,34.091,+56.90%
2020-10-01,35.300,+60.16%
2020-09-30,34.239,+52.87%
2020-09-29,33.842,+52.76%
2020-09-28,34.006,+53.50%
2020-09-25,33.467,+49.89%
2020-09-24,32.940,+48.45%
2020-09-23,32.842,+46.76%
2020-09-22,33.640,+50.31%
2020-09-21,33.290,+48.74%
2020-09-18,33.680,+49.76%
2020-09-17,34.061,+51.50%
2020-09-16,34.350,+53.18%
2020-09-15,34.509,+53.41%
2020-09-14,34.330,+52.61%
2020-09-11,33.898,+51.01%
2020-09-10,33.880,+52.02%
2020-09-09,34.486,+54.79%
2020-09-08,33.805,+51.72%
2020-09-04,34.770,+58.23%
2020-09-03,35.055,+61.25%
2020-09-02,36.332,+61.91%
2020-09-01,34.270,+52.72%
2020-08-31,35.515,+63.20%
2020-08-28,35.474,+65.19%
2020-08-27,35.237,+65.16%
2020-08-26,35.178,+64.35%
2020-08-25,34.823,+64.48%
2020-08-24,34.698,+63.89%
2020-08-21,34.353,+57.97%
2020-08-20,34.235,+58.73%
2020-08-19,34.127,+56.98%
2020-08-18,34.278,+59.58%
2020-08-17,34.200,+59.22%
2020-08-14,34.107,+61.47%
2020-08-13,34.113,+56.77%
2020-08-12,34.183,+59.41%
2020-08-11,33.711,+55.33%
2020-08-10,33.982,+56.58%
2020-08-07,33.889,+58.03%
2020-08-06,33.868,+58.05%
2020-08-05,33.651,+59.08%
2020-08-04,33.436,+53.36%
2020-08-03,33.316,+52.80%
2020-08-01,34.410,+58.79%
2020-07-31,33.078,+49.26%
2020-07-30,32.714,+46.86%
2020-07-29,32.837,+47.03%
2020-07-28,32.434,+45.00%
2020-07-27,32.645,+45.94%
2020-07-24,32.406,+45.18%
2020-07-23,32.608,+46.76%
2020-07-22,33.014,+49.61%
2020-07-21,32.826,+49.18%
2020-07-20,32.771,+48.93%
2020-07-17,32.498,+47.30%
2020-07-16,32.405,+45.92%
2020-07-15,32.516,+45.92%
2020-07-14,32.223,+44.63%
2020-07-13,31.797,+42.72%
2020-07-10,32.098,+45.06%
2020-07-09,31.765,+44.21%
2020-07-08,31.945,+45.20%
2020-07-07,31.697,+43.38%
2020-07-06,32.044,+44.95%
2020-07-02,31.543,+43.52%
2020-07-01,32.440,+45.60%
2020-06-30,31.243,+43.36%
2020-06-29,29.098,+33.51%
2020-06-26,28.677,+32.84%
2020-06-25,29.389,+35.98%
2020-06-24,29.070,+33.22%
2020-06-23,29.842,+36.53%
2020-06-22,29.714,+35.94%
2020-06-19,29.522,+36.17%
2020-06-18,29.690,+37.35%
2020-06-17,29.672,+38.60%
2020-06-16,29.779,+39.23%
2020-06-15,29.225,+36.64%
2020-06-12,28.984,+35.85%
2020-06-11,28.611,+33.83%
2020-06-10,30.403,+42.16%
2020-06-09,30.565,+43.59%
2020-06-08,30.805,+44.71%
2020-06-05,30.439,+45.38%
2020-06-04,29.661,+42.82%
2020-06-03,29.761,+46.38%
2020-06-02,29.361,+37.39%
2020-06-01,31.290,+46.42%
2020-05-29,27.518,+33.17%
2020-05-28,27.386,+31.61%
2020-05-27,27.444,+30.79%
2020-05-26,27.043,+28.87%
2020-05-22,26.715,+25.97%
2020-05-21,26.652,+25.32%
2020-05-20,26.861,+27.37%
2020-05-19,26.421,+24.44%
2020-05-18,26.701,+25.76%
2020-05-15,25.885,+22.28%
2020-05-14,25.784,+22.51%
2020-05-13,25.490,+22.09%
2020-05-12,25.943,+21.26%
2020-05-11,26.488,+23.81%
2020-05-08,26.483,+23.87%
2020-05-07,26.043,+21.62%
2020-05-06,25.747,+18.25%
2020-05-05,25.928,+18.55%
2020-05-04,25.696,+17.49%
2020-05-01,27.820,+31.54%
2020-04-30,26.326,+20.36%
2020-04-29,25.269,+15.39%
2020-04-28,24.614,+12.52%
2020-04-27,24.744,+13.11%
2020-04-24,24.385,+11.95%
2020-04-23,24.051,+10.17%
2020-04-22,24.064,+11.21%
2020-04-21,23.524,+8.83%
2020-04-20,24.269,+12.27%
2020-04-17,24.710,+14.49%
2020-04-16,24.066,+11.25%
2020-04-15,23.926,+10.66%
2020-04-14,24.465,+13.09%
2020-04-13,23.740,+9.73%
2020-04-09,23.982,+11.98%
2020-04-08,23.639,+9.70%
2020-04-07,22.861,+6.21%
2020-04-06,22.898,+6.38%
2020-04-03,21.393,+0.06%
2020-04-02,21.722,+1.81%
2020-04-01,24.970,+15.82%
2020-03-31,22.218,+4.82%
2020-03-30,21.176,-0.10%
2020-03-27,20.489,-2.34%
2020-03-26,21.203,+0.60%
2020-03-25,19.958,-4.63%
2020-03-24,19.730,-5.80%
2020-03-23,18.038,-13.88%
2020-03-20,18.582,-12.02%
2020-03-19,19.424,-8.30%
2020-03-18,19.333,-8.75%
2020-03-17,20.390,-3.40%
2020-03-16,19.237,-8.86%
2020-03-13,21.856,+3.97%
2020-03-12,19.999,-4.20%
2020-03-11,22.101,+6.18%
2020-03-10,23.236,+13.27%
2020-03-09,22.143,+7.94%
2020-03-06,23.963,+15.62%
2020-03-05,24.379,+16.86%
2020-03-04,25.235,+20.82%
2020-03-03,24.213,+16.07%
2020-03-02,24.913,+19.43%
2020-03-01,22.800,+9.30%
2020-02-28,22.421,+7.67%
2020-02-27,22.607,+7.72%
2020-02-26,23.652,+12.64%
2020-02-25,23.742,+12.98%
2020-02-24,24.483,+16.65%
2020-02-21,25.332,+21.47%
2020-02-20,25.601,+22.33%
2020-02-19,25.699,+23.01%
2020-02-18,25.579,+22.62%
2020-02-14,25.654,+24.32%
2020-02-13,25.607,+23.77%
2020-02-12,25.649,+24.34%
2020-02-11,25.484,+25.14%
2020-02-10,25.441,+25.01%
2020-02-07,25.256,+24.19%
2020-02-06,25.393,+23.69%
2020-02-05,25.309,+23.01%
2020-02-04,25.027,+22.21%
2020-02-03,24.658,+19.70%
2020-02-01,26.420,+28.25%
2020-01-31,24.480,+20.46%
2020-01-30,23.544,+16.26%
2020-01-29,23.470,+17.70%
2020-01-28,23.491,+17.63%
2020-01-27,23.257,+15.55%
2020-01-24,23.629,+18.39%
2020-01-23,23.844,+19.63%
2020-01-22,23.817,+19.76%
2020-01-21,23.810,+18.03%
2020-01-17,23.873,+19.90%
2020-01-16,23.782,+20.35%
2020-01-15,23.584,+19.61%
2020-01-14,23.540,+20.67%
2020-01-13,23.576,+20.22%
2020-01-10,23.413,+19.37%
2020-01-09,23.480,+20.26%
2020-01-08,23.324,+19.94%
2020-01-07,23.211,+20.52%
2020-01-06,23.276,+21.70%
2020-01-03,23.194,+25.44%
2020-01-02,23.359,+23.21%
2020-01-01,24.880,+26.94%
2019-12-31,23.165,+22.34%
2019-12-30,23.465,+24.34%
2019-12-27,23.602,+24.91%
2019-12-26,23.601,+25.98%
2019-12-24,23.480,+31.55%
2019-12-23,23.485,+28.00%
2019-12-20,23.465,+25.27%
2019-12-19,23.349,+22.68%
2019-12-18,23.245,+20.25%
2019-12-17,23.256,+20.32%
2019-12-16,23.248,+17.78%
2019-12-13,23.083,+14.71%
2019-12-12,23.081,+14.68%
2019-12-11,22.885,+14.32%
2019-12-10,22.818,+13.95%
2019-12-09,22.844,+14.28%
2019-12-06,22.916,+11.97%
2019-12-05,22.709,+10.79%
2019-12-04,22.675,+10.62%
2019-12-03,22.532,+6.36%
2019-12-02,22.683,+16.98%
2019-12-01,22.780,+17.48%
2019-11-29,23.251,+11.31%
2019-11-27,23.345,+14.07%
2019-11-26,23.248,+13.97%
2019-11-25,23.197,+15.48%
2019-11-22,23.024,+13.87%
2019-11-21,22.974,+13.63%
2019-11-20,23.010,+14.15%
2019-11-19,23.097,+12.50%
2019-11-18,23.111,+10.70%
2019-11-15,23.099,+10.88%
2019-11-14,22.923,+11.21%
2019-11-13,22.904,+10.27%
2019-11-12,22.887,+10.03%
2019-11-11,22.852,+7.70%
2019-11-08,22.896,+6.91%
2019-11-07,22.838,+6.37%
2019-11-06,22.776,+8.33%
2019-11-05,22.760,+8.93%
2019-11-04,22.787,+9.67%
2019-11-01,22.620,+9.43%
2019-10-31,22.485,+8.67%
2019-10-30,22.925,+11.43%
2019-10-29,22.851,+12.81%
2019-10-28,22.870,+12.16%
2019-10-25,22.743,+9.60%
2019-10-24,22.651,+11.20%
2019-10-23,22.607,+7.56%
2019-10-22,22.543,+6.66%
2019-10-21,22.624,+6.58%
2019-10-18,22.470,+5.82%
2019-10-17,22.558,+4.70%
2019-10-16,22.496,+4.39%
2019-10-15,22.541,+6.84%
2019-10-14,22.319,+5.17%
2019-10-11,22.350,+6.81%
2019-10-10,22.108,+3.48%
2019-10-09,21.967,-0.56%
2019-10-08,21.769,-1.60%
2019-10-07,22.113,-0.08%
2019-10-04,22.212,-0.18%
2019-10-03,21.901,-2.39%
2019-10-02,21.728,-3.09%
2019-10-01,22.040,+3.72%
2019-09-30,22.398,-1.81%
2019-09-27,22.154,-2.88%
2019-09-26,22.273,-2.08%
2019-09-25,22.327,-2.17%
2019-09-24,22.190,-2.90%
2019-09-23,22.378,-2.42%
2019-09-20,22.381,-2.44%
2019-09-19,22.491,-1.19%
2019-09-18,22.490,-1.07%
2019-09-17,22.483,-0.57%
2019-09-16,22.425,-1.39%
2019-09-13,22.495,-1.05%
2019-09-12,22.512,-0.45%
2019-09-11,22.447,-0.70%
2019-09-10,22.286,-1.05%
2019-09-09,22.279,-0.89%
2019-09-06,22.281,-1.10%
2019-09-05,22.260,-1.55%
2019-09-04,21.975,-3.09%
2019-09-03,21.739,-2.30%
2019-09-01,22.440,+0.85%
2019-08-30,21.761,-6.15%
2019-08-29,21.747,-6.63%
2019-08-28,21.475,-7.27%
2019-08-27,21.335,-7.85%
2019-08-26,21.404,-6.84%
2019-08-23,21.171,-7.28%
2019-08-22,21.735,-4.98%
2019-08-21,21.746,-4.96%
2019-08-20,21.568,-5.54%
2019-08-19,21.740,-4.56%
2019-08-16,21.480,-5.39%
2019-08-15,21.175,-5.99%
2019-08-14,21.123,-6.94%
2019-08-13,21.760,-3.52%
2019-08-12,21.444,-5.30%
2019-08-09,21.703,-4.84%
2019-08-08,21.848,-4.34%
2019-08-07,21.445,-6.13%
2019-08-06,21.429,-5.93%
2019-08-05,21.154,-6.81%
2019-08-02,21.803,-3.51%
2019-08-01,21.670,-3.13%
2019-07-31,22.162,-1.54%
2019-07-30,22.275,-2.65%
2019-07-29,22.333,-2.96%
2019-07-26,22.369,-3.44%
2019-07-25,22.205,-4.44%
2019-07-24,22.322,-3.06%
2019-07-23,22.218,-3.05%
2019-07-22,22.067,-3.54%
2019-07-19,22.005,-3.90%
2019-07-18,22.142,-3.68%
2019-07-17,22.063,-3.82%
2019-07-16,22.208,-2.80%
2019-07-15,22.284,-2.57%
2019-07-12,22.280,-2.48%
2019-07-11,22.177,-2.08%
2019-07-10,22.127,-3.00%
2019-07-09,22.027,-3.10%
2019-07-08,22.000,-2.37%
2019-07-05,22.107,-1.06%
2019-07-03,22.147,-0.02%
2019-07-02,21.978,-1.28%
2019-07-01,22.280,-0.22%
2019-06-28,21.794,-3.61%
2019-06-27,21.669,-3.58%
2019-06-26,21.587,-4.77%
2019-06-25,21.613,-4.44%
2019-06-24,21.821,-4.84%
2019-06-21,21.858,-4.51%
2019-06-20,21.886,-4.99%
2019-06-19,21.681,-5.72%
2019-06-18,21.616,-6.38%
2019-06-17,21.408,-7.48%
2019-06-14,21.388,-7.66%
2019-06-13,21.423,-7.28%
2019-06-12,21.335,-8.03%
2019-06-11,21.379,-7.68%
2019-06-10,21.386,-7.56%
2019-06-07,21.287,-7.69%
2019-06-06,21.066,-8.72%
2019-06-05,20.938,-8.50%
2019-06-04,20.768,-9.18%
2019-06-03,20.332,-9.60%
2019-06-01,21.370,-4.98%
2019-05-31,20.389,-9.46%
2019-05-30,20.707,-10.46%
2019-05-29,20.664,-9.51%
2019-05-28,20.808,-9.93%
2019-05-24,20.984,-9.39%
2019-05-23,20.955,-9.70%
2019-05-22,21.208,-8.31%
2019-05-21,21.268,-8.34%
2019-05-20,21.089,-8.44%
2019-05-17,21.232,-8.06%
2019-05-16,21.357,-7.60%
2019-05-15,21.168,-8.04%
2019-05-14,21.046,-9.20%
2019-05-13,20.878,-9.84%
2019-05-10,21.394,-7.46%
2019-05-09,21.315,-6.93%
2019-05-08,21.380,-5.75%
2019-05-07,21.414,-5.62%
2019-05-06,21.774,-3.71%
2019-05-03,21.871,-2.04%
2019-05-02,21.663,-3.19%
2019-05-01,21.150,-5.96%
2019-04-30,21.873,-2.70%
2019-04-29,21.899,-5.31%
2019-04-26,21.876,-5.31%
2019-04-25,21.774,-4.77%
2019-04-24,21.782,-4.56%
2019-04-23,21.830,-5.62%
2019-04-22,21.638,-6.45%
2019-04-18,21.616,-7.88%
2019-04-17,21.582,-7.94%
2019-04-16,21.632,-6.75%
2019-04-15,21.621,-6.04%
2019-04-12,21.634,-6.25%
2019-04-11,21.492,-6.10%
2019-04-10,21.491,-6.62%
2019-04-09,21.417,-5.39%
2019-04-08,21.548,-4.49%
2019-04-05,21.525,-6.68%
2019-04-04,21.426,-6.48%
2019-04-03,21.381,-5.59%
2019-04-02,21.335,-4.61%
2019-04-01,21.560,-4.31%
2019-03-29,21.197,-8.83%
2019-03-28,21.055,-8.19%
2019-03-27,20.979,-8.79%
2019-03-26,21.077,-9.95%
2019-03-25,20.927,-8.16%
2019-03-22,20.945,-10.01%
2019-03-21,21.350,-10.58%
2019-03-20,21.120,-11.70%
2019-03-19,21.183,-11.31%
2019-03-18,21.186,-12.56%
2019-03-15,21.107,-12.73%
2019-03-14,21.003,-13.23%
2019-03-13,21.021,-13.65%
2019-03-12,20.876,-14.80%
2019-03-11,20.814,-15.16%
2019-03-08,20.514,-14.93%
2019-03-07,20.557,-14.37%
2019-03-06,20.726,-13.70%
2019-03-05,20.862,-12.91%
2019-03-04,20.886,-11.85%
2019-03-01,20.860,-10.89%
2019-02-28,20.823,-12.84%
2019-02-27,20.986,-14.56%
2019-02-26,20.997,-15.60%
2019-02-25,21.014,-14.54%
2019-02-22,20.988,-13.28%
2019-02-21,20.854,-13.74%
2019-02-20,20.928,-13.92%
2019-02-19,20.891,-14.57%
2019-02-15,20.860,-14.67%
2019-02-14,20.635,-14.57%
2019-02-13,20.690,-13.19%
2019-02-12,20.628,-13.23%
2019-02-11,20.365,-13.14%
2019-02-08,20.351,-11.90%
2019-02-07,20.337,-15.27%
2019-02-06,20.529,-14.90%
2019-02-05,20.575,-13.21%
2019-02-04,20.479,-17.16%
2019-02-01,20.600,-13.52%
2019-01-31,20.322,-19.59%
2019-01-30,20.251,-21.16%
2019-01-29,19.941,-23.22%
2019-01-28,19.970,-23.62%
2019-01-25,20.128,-22.11%
2019-01-24,19.959,-22.71%
2019-01-23,19.931,-22.86%
2019-01-22,19.887,-22.86%
2019-01-18,20.173,-20.78%
2019-01-17,19.911,-21.94%
2019-01-16,19.761,-21.79%
2019-01-15,19.717,-22.24%
2019-01-14,19.508,-23.07%
2019-01-11,19.611,-22.14%
2019-01-10,19.614,-21.58%
2019-01-09,19.525,-22.02%
2019-01-08,19.446,-22.23%
2019-01-07,19.259,-22.86%
2019-01-04,19.125,-22.86%
2019-01-03,18.490,-25.11%
2019-01-02,18.959,-22.72%
2019-01-01,19.600,-21.51%
2018-12-31,18.935,-22.84%
2018-12-28,18.871,-23.50%
2018-12-27,18.895,-23.26%
2018-12-26,18.734,-23.85%
2018-12-24,17.849,-27.53%
2018-12-21,18.347,-25.54%
2018-12-20,18.732,-23.83%
2018-12-19,19.032,-22.67%
2018-12-18,19.330,-21.72%
2018-12-17,19.328,-21.30%
2018-12-14,19.738,-18.91%
2018-12-13,20.123,-17.67%
2018-12-12,20.127,-17.69%
2018-12-11,20.018,-18.01%
2018-12-10,20.025,-17.72%
2018-12-07,19.990,-17.41%
2018-12-06,20.467,-15.19%
2018-12-04,20.498,-15.39%
2018-12-03,21.184,-12.64%
2018-12-01,19.390,-20.04%
2018-11-30,20.955,-13.77%
2018-11-29,20.889,-14.08%
2018-11-28,20.935,-13.93%
2018-11-27,20.465,-15.03%
2018-11-26,20.399,-15.34%
2018-11-23,20.087,-16.46%
2018-11-21,20.219,-15.97%
2018-11-20,20.158,-15.68%
2018-11-19,20.531,-14.01%
2018-11-16,20.878,-12.79%
2018-11-15,20.832,-12.26%
2018-11-14,20.613,-13.67%
2018-11-13,20.770,-13.21%
2018-11-12,20.801,-13.00%
2018-11-09,21.219,-11.33%
2018-11-08,21.416,-10.84%
2018-11-07,21.470,-10.49%
2018-11-06,21.024,-12.36%
2018-11-05,20.894,-12.79%
2018-11-02,20.777,-13.01%
2018-11-01,20.670,-13.19%
2018-10-31,20.691,-13.22%
2018-10-30,20.574,-14.37%
2018-10-29,20.257,-15.96%
2018-10-26,20.390,-14.73%
2018-10-25,20.750,-13.11%
2018-10-24,20.370,-15.10%
2018-10-23,21.019,-12.25%
2018-10-22,21.136,-12.11%
2018-10-19,21.227,-11.28%
2018-10-18,21.235,-11.22%
2018-10-17,21.545,-9.86%
2018-10-16,21.550,-9.78%
2018-10-15,21.097,-11.52%
2018-10-12,21.222,-10.92%
2018-10-11,20.925,-12.31%
2018-10-10,21.364,-10.31%
2018-10-09,22.090,-7.05%
2018-10-08,22.122,-7.08%
2018-10-05,22.130,-7.15%
2018-10-04,22.253,-6.10%
2018-10-03,22.437,-5.21%
2018-10-02,22.421,-5.07%
2018-10-01,21.250,-10.22%
2018-09-28,22.810,-3.62%
2018-09-27,22.810,-3.50%
2018-09-26,22.747,-3.38%
2018-09-25,22.822,-3.05%
2018-09-24,22.852,-3.14%
2018-09-21,22.933,-2.73%
2018-09-20,22.941,-2.99%
2018-09-19,22.763,-3.69%
2018-09-18,22.734,-3.70%
2018-09-17,22.613,-4.08%
2018-09-14,22.740,-3.36%
2018-09-13,22.733,-3.49%
2018-09-12,22.614,-3.93%
2018-09-11,22.606,-3.64%
2018-09-10,22.522,-2.96%
2018-09-07,22.479,-3.29%
2018-09-06,22.529,-3.09%
2018-09-05,22.611,-2.43%
2018-09-04,22.675,-2.89%
2018-09-01,22.250,-4.42%
2018-08-31,22.712,-2.54%
2018-08-30,23.187,-0.90%
2018-08-29,23.290,0%
2018-08-28,23.158,-0.48%
2018-08-27,23.152,-0.46%
2018-08-24,22.975,-1.05%
2018-08-23,22.834,-1.87%
2018-08-22,22.873,-2.03%
2018-08-21,22.882,-1.03%
2018-08-20,22.834,-1.12%
2018-08-17,22.779,-1.53%
2018-08-16,22.704,-3.37%
2018-08-15,22.525,-4.00%
2018-08-14,22.698,-3.31%
2018-08-13,22.554,-2.96%
2018-08-10,22.645,-2.44%
2018-08-09,22.807,-3.17%
2018-08-08,22.840,-3.06%
2018-08-07,22.846,-3.27%
2018-08-06,22.781,-3.39%
2018-08-03,22.701,-3.54%
2018-08-02,22.596,-4.20%
2018-08-01,22.370,-3.41%
2018-07-31,22.509,-4.29%
2018-07-30,22.882,-3.72%
2018-07-27,23.015,-3.29%
2018-07-26,23.167,-2.75%
2018-07-25,23.237,-2.42%
2018-07-24,23.027,-3.02%
2018-07-23,22.918,-3.58%
2018-07-20,22.876,-3.80%
2018-07-19,22.898,-3.72%
2018-07-18,22.988,-2.82%
2018-07-17,22.939,-2.97%
2018-07-16,22.848,-3.36%
2018-07-13,22.872,-2.80%
2018-07-12,22.847,-2.73%
2018-07-11,22.649,-2.87%
2018-07-10,22.811,-2.25%
2018-07-09,22.732,-2.50%
2018-07-06,22.533,-2.73%
2018-07-05,22.343,-4.46%
2018-07-03,22.152,-5.13%
2018-07-02,22.262,-4.70%
2018-07-01,22.330,-4.41%
2018-06-29,22.629,-3.88%
2018-06-28,22.611,-4.78%
2018-06-27,22.473,-4.53%
2018-06-26,22.668,-4.48%
2018-06-25,22.618,-4.66%
2018-06-22,22.932,-3.19%
2018-06-21,22.890,-3.41%
2018-06-20,23.036,-2.85%
2018-06-19,22.997,-3.66%
2018-06-18,23.090,-2.46%
2018-06-15,23.139,-2.23%
2018-06-14,23.162,-2.35%
2018-06-13,23.105,-2.69%
2018-06-12,23.199,-1.85%
2018-06-11,23.158,-2.12%
2018-06-08,23.134,-2.31%
2018-06-07,23.061,-2.59%
2018-06-06,23.078,-2.36%
2018-06-05,22.882,-3.46%
2018-06-04,22.866,-3.65%
2018-06-01,22.490,-3.89%
2018-05-31,22.520,-4.03%
2018-05-30,23.126,-2.69%
2018-05-29,22.836,-4.03%
2018-05-25,23.103,-2.88%
2018-05-24,23.158,-2.21%
2018-05-23,23.205,-1.77%
2018-05-22,23.130,-1.90%
2018-05-21,23.202,-1.09%
2018-05-18,23.032,-1.15%
2018-05-17,23.093,-0.53%
2018-05-16,23.113,-2.25%
2018-05-15,23.019,-2.71%
2018-05-14,23.178,-1.58%
2018-05-11,23.157,-1.81%
2018-05-10,23.118,-2.19%
2018-05-09,22.903,-2.99%
2018-05-08,22.684,-4.01%
2018-05-07,22.690,-3.98%
2018-05-04,22.612,-3.92%
2018-05-03,22.326,-5.08%
2018-05-02,22.376,-4.99%
2018-05-01,22.490,-3.52%
2018-04-30,22.481,-5.43%
2018-04-27,23.128,-2.90%
2018-04-26,23.102,-2.95%
2018-04-25,22.864,-4.00%
2018-04-24,22.822,-3.59%
2018-04-23,23.131,-1.23%
2018-04-20,23.130,-1.53%
2018-04-19,23.329,+0.06%
2018-04-18,23.464,+0.47%
2018-04-17,23.444,+0.09%
2018-04-16,23.197,-0.11%
2018-04-13,23.010,-0.91%
2018-04-12,23.077,-1.30%
2018-04-11,22.888,-2.48%
2018-04-10,23.015,-2.08%
2018-04-09,22.637,-3.62%
2018-04-06,22.561,-4.02%
2018-04-05,23.067,-1.68%
2018-04-04,22.910,-2.65%
2018-04-03,22.648,-3.71%
2018-04-02,22.366,-3.76%
2018-04-01,22.530,-3.06%
2018-03-29,23.249,-3.13%
2018-03-28,22.933,-4.34%
2018-03-27,23.000,-3.37%
2018-03-26,23.405,-1.77%
2018-03-23,22.786,-4.45%
2018-03-22,23.274,-2.50%
2018-03-21,23.875,+0.21%
2018-03-20,23.919,-0.86%
2018-03-19,23.883,-1.20%
2018-03-16,24.228,+0.09%
2018-03-15,24.186,-0.24%
2018-03-14,24.205,+0.67%
2018-03-13,24.345,+0.91%
2018-03-12,24.501,+1.59%
2018-03-09,24.532,+2.06%
2018-03-08,24.113,+0.39%
2018-03-07,24.006,-0.28%
2018-03-06,24.017,-0.53%
2018-03-05,23.954,-1.11%
2018-03-02,23.693,-2.14%
2018-03-01,23.410,-0.81%
2018-02-28,23.891,-0.56%
2018-02-27,24.562,-0.02%
2018-02-26,24.878,+1.37%
2018-02-23,24.589,+0.34%
2018-02-22,24.201,-1.20%
2018-02-21,24.177,-1.41%
2018-02-20,24.311,-0.26%
2018-02-16,24.454,+0.49%
2018-02-15,24.445,+0.37%
2018-02-14,24.153,-0.33%
2018-02-13,23.834,-1.26%
2018-02-12,23.772,-1.00%
2018-02-09,23.445,-2.01%
2018-02-08,23.100,-2.90%
2018-02-07,24.001,+0.96%
2018-02-06,24.122,+1.49%
2018-02-05,23.708,-0.46%
2018-02-02,24.721,+4.55%
2018-02-01,23.820,+0.59%
2018-01-31,25.274,+6.98%
2018-01-30,25.686,+6.47%
2018-01-29,25.970,+7.00%
2018-01-26,26.146,+7.64%
2018-01-25,25.840,+6.30%
2018-01-24,25.824,+7.09%
2018-01-23,25.838,+7.85%
2018-01-22,25.782,+7.33%
2018-01-19,25.576,+6.82%
2018-01-18,25.464,+5.98%
2018-01-17,25.506,+6.34%
2018-01-16,25.268,+5.03%
2018-01-15,25.357,+5.40%
2018-01-12,25.357,+5.60%
2018-01-11,25.187,+4.66%
2018-01-10,25.011,+4.23%
2018-01-09,25.039,+4.34%
2018-01-08,25.006,+3.84%
2018-01-05,24.965,+4.03%
2018-01-04,24.791,+3.23%
2018-01-03,24.691,+3.40%
2018-01-02,24.534,+4.00%
2018-01-01,24.970,+5.85%
2017-12-29,24.540,+1.17%
2017-12-28,24.668,+1.67%
2017-12-27,24.622,+0.63%
2017-12-26,24.603,+0.78%
2017-12-25,24.629,+0.88%
2017-12-22,24.629,+1.01%
2017-12-21,24.640,+0.87%
2017-12-20,24.592,+0.42%
2017-12-19,24.612,+0.87%
2017-12-18,24.692,+1.40%
2017-12-15,24.560,+0.68%
2017-12-14,24.342,+0.18%
2017-12-13,24.441,-0.23%
2017-12-12,24.453,+0.47%
2017-12-11,24.415,+0.20%
2017-12-08,24.337,+0.47%
2017-12-07,24.204,+0.14%
2017-12-06,24.133,+1.16%
2017-12-05,24.136,+1.51%
2017-12-04,24.226,+2.49%
2017-12-01,24.250,+2.06%
2017-11-30,24.301,+2.48%
2017-11-29,24.313,+0.26%
2017-11-28,24.322,+0.43%
2017-11-27,24.085,-1.08%
2017-11-24,24.094,-0.65%
2017-11-23,24.045,-0.85%
2017-11-22,24.045,-0.77%
2017-11-21,24.063,-0.48%
2017-11-20,23.906,-0.40%
2017-11-17,23.876,-0.76%
2017-11-16,23.939,-0.03%
2017-11-15,23.744,-1.00%
2017-11-14,23.876,+0.29%
2017-11-13,23.931,+0.51%
2017-11-10,23.908,+0.28%
2017-11-09,23.929,+0.56%
2017-11-08,24.020,+2.06%
2017-11-07,23.985,+2.30%
2017-11-06,23.990,+4.59%
2017-11-03,23.959,+4.28%
2017-11-02,23.885,+3.50%
2017-11-01,23.810,+1.97%
2017-10-31,23.843,+1.95%
2017-10-30,24.027,+0.67%
2017-10-27,24.104,+0.67%
2017-10-26,23.911,-0.43%
2017-10-25,23.881,-0.73%
2017-10-24,23.993,-0.64%
2017-10-23,23.954,-0.33%
2017-10-20,24.049,+0.05%
2017-10-19,23.927,-0.59%
2017-10-18,23.919,-0.40%
2017-10-17,23.901,+0.13%
2017-10-16,23.885,-0.24%
2017-10-13,23.844,-0.39%
2017-10-12,23.823,-0.78%
2017-10-11,23.863,-0.50%
2017-10-10,23.820,-1.92%
2017-10-09,23.765,-1.70%
2017-10-06,23.808,-1.84%
2017-10-05,23.833,-1.69%
2017-10-04,23.699,-1.82%
2017-10-03,23.670,-2.43%
2017-10-02,23.619,+0.21%
2017-10-01,23.670,+0.42%
2017-09-29,23.754,-2.42%
2017-09-28,23.666,-3.68%
2017-09-27,23.638,-3.29%
2017-09-26,23.542,-3.06%
2017-09-25,23.540,-3.90%
2017-09-22,23.592,-4.24%
2017-09-21,23.577,-3.68%
2017-09-20,23.649,-2.33%
2017-09-19,23.634,-2.36%
2017-09-18,23.608,-2.47%
2017-09-15,23.574,-2.98%
2017-09-14,23.530,-2.18%
2017-09-13,23.556,-2.13%
2017-09-12,23.538,-3.66%
2017-09-11,23.459,-2.57%
2017-09-08,23.208,-5.98%
2017-09-07,23.243,-6.05%
2017-09-06,23.247,-6.04%
2017-09-05,23.174,-6.06%
2017-09-04,23.350,-5.35%
2017-09-01,23.280,-3.88%
2017-08-31,23.304,-5.14%
2017-08-30,23.397,-5.77%
2017-08-29,23.289,-6.39%
2017-08-28,23.270,-5.98%
2017-08-25,23.258,-6.18%
2017-08-24,23.219,-6.46%
2017-08-23,23.268,-6.75%
2017-08-22,23.348,-6.25%
2017-08-21,23.119,-7.22%
2017-08-18,23.092,-7.47%
2017-08-17,23.134,-7.09%
2017-08-16,23.497,-5.46%
2017-08-15,23.464,-6.11%
2017-08-14,23.475,-5.80%
2017-08-11,23.242,-6.81%
2017-08-10,23.212,-6.49%
2017-08-09,23.553,-5.39%
2017-08-08,23.562,-5.32%
2017-08-07,23.619,-5.17%
2017-08-04,23.580,-4.52%
2017-08-03,23.535,-4.68%
2017-08-02,23.587,-4.16%
2017-08-01,23.160,-5.74%
2017-07-31,23.518,-5.95%
2017-07-28,23.766,-4.81%
2017-07-27,23.798,-4.53%
2017-07-26,23.821,-4.55%
2017-07-25,23.814,-4.55%
2017-07-24,23.745,-5.11%
2017-07-21,23.770,-4.58%
2017-07-20,23.779,-4.88%
2017-07-19,23.782,-4.47%
2017-07-18,23.655,-5.11%
2017-07-17,23.641,-4.94%
2017-07-14,23.642,-5.03%
2017-07-13,23.532,-4.97%
2017-07-12,23.488,-5.14%
2017-07-11,23.318,-5.17%
2017-07-10,23.336,-4.77%
2017-07-07,23.315,-3.40%
2017-07-06,23.166,-4.10%
2017-07-05,23.385,-2.68%
2017-07-03,23.351,-4.77%
2017-07-01,23.360,-4.73%
2017-06-30,23.298,-3.52%
2017-06-29,23.543,-1.36%
2017-06-28,23.747,+1.19%
2017-06-27,23.539,+2.09%
2017-06-26,23.731,+1.06%
2017-06-23,23.723,-2.61%
2017-06-22,23.687,-1.46%
2017-06-21,23.697,-1.58%
2017-06-20,23.711,-1.25%
2017-06-19,23.871,-0.01%
2017-06-16,23.673,-1.16%
2017-06-15,23.667,-0.88%
2017-06-14,23.720,-0.84%
2017-06-13,23.743,-0.92%
2017-06-12,23.637,-2.16%
2017-06-09,23.660,-2.97%
2017-06-08,23.680,-3.05%
2017-06-07,23.673,-2.76%
2017-06-06,23.636,-2.78%
2017-06-05,23.702,-2.04%
2017-06-02,23.731,-2.20%
2017-06-01,23.400,-2.38%
2017-05-31,23.466,-2.91%
2017-05-30,23.765,-1.96%
2017-05-26,23.794,-1.41%
2017-05-25,23.787,-1.46%
2017-05-24,23.682,-1.21%
2017-05-23,23.623,-0.11%
2017-05-22,23.579,-0.51%
2017-05-19,23.458,-0.42%
2017-05-18,23.301,-1.45%
2017-05-17,23.215,-1.80%
2017-05-16,23.645,-0.92%
2017-05-15,23.661,+0.12%
2017-05-12,23.549,-1.20%
2017-05-11,23.584,-1.07%
2017-05-10,23.635,-1.80%
2017-05-09,23.608,-0.69%
2017-05-08,23.632,-0.52%
2017-05-05,23.631,-0.20%
2017-05-04,23.535,-0.63%
2017-05-03,23.521,-1.28%
2017-05-02,23.551,-2.01%
2017-05-01,23.310,-2.10%
2017-04-28,23.773,-1.00%
2017-04-27,23.819,-1.73%
2017-04-26,23.805,-1.62%
2017-04-25,23.817,-1.39%
2017-04-24,23.673,-2.17%
2017-04-21,23.419,-3.21%
2017-04-20,23.490,-3.42%
2017-04-19,23.314,-4.07%
2017-04-18,23.354,-3.61%
2017-04-17,23.422,-2.70%
2017-04-13,23.222,-3.61%
2017-04-12,23.381,-1.97%
2017-04-11,23.470,-0.65%
2017-04-10,23.503,-0.78%
2017-04-07,23.487,-0.57%
2017-04-06,23.507,-1.68%
2017-04-05,23.461,-0.84%
2017-04-04,23.533,-1.54%
2017-04-03,23.520,-1.88%
2017-04-01,23.240,-3.05%
2017-03-31,23.559,-1.13%
2017-03-30,24.071,+0.85%
2017-03-29,24.000,+0.98%
2017-03-28,23.974,+1.77%
2017-03-27,23.801,+1.09%
2017-03-24,23.826,+1.19%
2017-03-23,23.846,+1.24%
2017-03-22,23.871,+0.70%
2017-03-21,23.826,+0.42%
2017-03-20,24.126,+1.78%
2017-03-17,24.174,+2.44%
2017-03-16,24.206,+3.25%
2017-03-15,24.245,+3.99%
2017-03-14,24.044,+2.94%
2017-03-13,24.126,+3.16%
2017-03-10,24.117,+4.82%
2017-03-09,24.038,+4.49%
2017-03-08,24.019,+4.93%
2017-03-07,24.074,+3.99%
2017-03-06,24.144,+4.39%
2017-03-03,24.224,+5.08%
2017-03-02,24.211,+5.39%
2017-03-01,23.600,+0.90%
2017-02-28,24.026,+6.68%
2017-02-27,24.567,+9.08%
2017-02-24,24.542,+10.00%
2017-02-23,24.506,+10.33%
2017-02-22,24.495,+8.91%
2017-02-21,24.522,+10.60%
2017-02-17,24.374,+9.42%
2017-02-16,24.334,+11.04%
2017-02-15,24.355,+12.97%
2017-02-14,24.234,+12.41%
2017-02-13,24.137,+11.96%
2017-02-10,24.011,+12.15%
2017-02-09,23.926,+11.74%
2017-02-08,23.789,+11.02%
2017-02-07,23.772,+9.37%
2017-02-06,23.767,+9.35%
2017-02-03,23.817,+7.72%
2017-02-02,23.646,+7.48%
2017-02-01,23.680,+7.54%
2017-01-31,23.625,+5.36%
2017-01-30,24.124,+7.59%
2017-01-27,24.270,+11.53%
2017-01-26,24.291,+10.41%
2017-01-25,24.309,+12.06%
2017-01-24,24.115,+9.43%
2017-01-23,23.958,+8.72%
2017-01-20,24.022,+11.79%
2017-01-19,23.942,+10.12%
2017-01-18,24.028,+10.58%
2017-01-17,23.986,+10.38%
2017-01-13,24.058,+10.13%
2017-01-12,24.013,+7.18%
2017-01-11,24.065,+8.25%
2017-01-10,23.997,+8.04%
2017-01-09,23.997,+8.04%
2017-01-06,24.082,+4.70%
2017-01-05,23.998,+2.97%
2017-01-04,24.016,+3.25%
2017-01-03,23.880,+7.66%
2017-01-01,23.590,+6.36%
2016-12-30,24.144,+2.87%
2016-12-29,24.256,+2.60%
2016-12-28,24.263,+3.72%
2016-12-27,24.468,+4.37%
2016-12-23,24.413,+3.96%
2016-12-22,24.382,+5.12%
2016-12-21,24.428,+6.25%
2016-12-20,24.488,+7.34%
2016-12-19,24.399,+6.95%
2016-12-16,24.351,+3.26%
2016-12-15,24.394,+4.95%
2016-12-14,24.299,+5.65%
2016-12-13,24.498,+7.02%
2016-12-12,24.339,+6.33%
2016-12-09,24.367,+4.62%
2016-12-08,24.223,+3.19%
2016-12-07,24.171,+2.30%
2016-12-06,23.857,+0.26%
2016-12-05,23.776,-0.08%
2016-12-02,23.638,-0.07%
2016-12-01,23.760,+0.08%
2016-11-30,23.712,+0.20%
2016-11-29,24.251,+3.59%
2016-11-28,24.219,+3.45%
2016-11-25,24.347,+4.06%
2016-11-23,24.252,+3.77%
2016-11-22,24.232,+3.56%
2016-11-21,24.180,+3.33%
2016-11-18,24.001,+2.84%
2016-11-17,24.058,+4.75%
2016-11-16,23.946,+4.13%
2016-11-15,23.984,+5.85%
2016-11-14,23.806,+5.06%
2016-11-11,23.809,+2.44%
2016-11-10,23.842,+2.25%
2016-11-09,23.796,+2.21%
2016-11-08,23.535,+0.09%
2016-11-07,23.446,-0.28%
2016-11-04,22.937,-2.59%
2016-11-03,22.975,-2.78%
2016-11-02,23.077,-2.08%
2016-11-01,23.350,-1.35%
2016-10-31,23.387,+1.97%
2016-10-28,23.868,+3.52%
2016-10-27,23.943,+5.07%
2016-10-26,24.014,+5.11%
2016-10-25,24.056,+5.10%
2016-10-24,24.148,+5.50%
2016-10-21,24.034,+7.93%
2016-10-20,24.036,+7.30%
2016-10-19,24.069,+7.30%
2016-10-18,24.016,+7.09%
2016-10-17,23.869,+6.43%
2016-10-14,23.942,+8.84%
2016-10-13,23.937,+8.31%
2016-10-12,24.011,+7.90%
2016-10-11,23.984,+7.91%
2016-10-10,24.286,+9.27%
2016-10-07,24.175,+9.82%
2016-10-06,24.254,+11.06%
2016-10-05,24.242,+10.60%
2016-10-04,24.138,+12.14%
2016-10-03,24.259,+12.71%
2016-10-01,23.570,+3.92%
2016-09-30,24.338,+14.92%
2016-09-29,24.342,+18.97%
2016-09-28,24.571,+20.23%
2016-09-27,24.442,+16.53%
2016-09-26,24.285,+15.78%
2016-09-23,24.496,+16.34%
2016-09-22,24.637,+16.77%
2016-09-21,24.478,+14.59%
2016-09-20,24.214,+13.87%
2016-09-19,24.206,+13.84%
2016-09-16,24.207,+11.71%
2016-09-15,24.299,+13.11%
2016-09-14,24.055,+13.41%
2016-09-13,24.069,+13.02%
2016-09-12,24.432,+14.72%
2016-09-09,24.078,+14.16%
2016-09-08,24.684,+15.41%
2016-09-07,24.739,+18.57%
2016-09-06,24.742,+18.58%
2016-09-02,24.669,+16.56%
2016-09-01,24.220,+12.91%
2016-08-31,24.567,+14.70%
2016-08-30,24.830,+16.72%
2016-08-29,24.879,+16.95%
2016-08-26,24.749,+19.24%
2016-08-25,24.789,+24.09%
2016-08-24,24.822,+22.58%
2016-08-23,24.953,+18.37%
2016-08-22,24.905,+18.14%
2016-08-19,24.919,+12.03%
2016-08-18,24.955,+11.26%
2016-08-17,24.900,+10.73%
2016-08-16,24.853,+11.09%
2016-08-15,24.990,+11.70%
2016-08-12,24.921,+11.69%
2016-08-11,24.941,+11.88%
2016-08-10,24.823,+10.29%
2016-08-09,24.894,+12.02%
2016-08-08,24.885,+11.98%
2016-08-05,24.907,+10.89%
2016-08-04,24.695,+10.29%
2016-08-03,24.690,+10.02%
2016-08-02,24.612,+11.12%
2016-08-01,24.570,+10.93%
2016-07-29,25.007,+12.56%
2016-07-28,24.966,+13.20%
2016-07-27,24.926,+14.42%
2016-07-26,24.956,+13.89%
2016-07-25,24.948,+13.86%
2016-07-22,25.023,+12.34%
2016-07-21,24.910,+11.56%
2016-07-20,25.000,+11.49%
2016-07-19,24.894,+11.10%
2016-07-18,24.930,+11.26%
2016-07-15,24.870,+12.01%
2016-07-14,24.894,+12.03%
2016-07-13,24.763,+11.94%
2016-07-12,24.760,+13.16%
2016-07-11,24.588,+12.38%
2016-07-08,24.504,+13.63%
2016-07-07,24.136,+10.06%
2016-07-06,24.157,+10.83%
2016-07-05,24.028,+9.81%
2016-07-01,24.520,+9.46%
2016-06-30,24.147,+11.08%
2016-06-29,23.868,+11.77%
2016-06-28,23.468,+7.61%
2016-06-27,23.058,+5.73%
2016-06-24,23.483,+7.32%
2016-06-23,24.358,+10.50%
2016-06-22,24.037,+9.11%
2016-06-21,24.077,+9.96%
2016-06-20,24.012,+9.66%
2016-06-17,23.873,+9.52%
2016-06-16,23.951,+10.09%
2016-06-15,23.876,+10.37%
2016-06-14,23.920,+10.07%
2016-06-13,23.963,+10.27%
2016-06-10,24.159,+10.58%
2016-06-09,24.383,+12.95%
2016-06-08,24.425,+13.19%
2016-06-07,24.345,+12.09%
2016-06-06,24.313,+11.94%
2016-06-03,24.195,+10.28%
2016-06-02,24.265,+10.83%
2016-06-01,23.970,+8.36%
2016-05-31,24.170,+12.17%
2016-05-27,24.239,+11.64%
2016-05-26,24.135,+12.18%
2016-05-25,24.140,+11.04%
2016-05-24,23.973,+10.28%
2016-05-23,23.649,+8.79%
2016-05-20,23.699,+9.03%
2016-05-19,23.557,+8.27%
2016-05-18,23.645,+8.61%
2016-05-17,23.640,+8.91%
2016-05-16,23.864,+9.95%
2016-05-13,23.633,+10.14%
2016-05-12,23.835,+11.05%
2016-05-11,23.839,+10.74%
2016-05-10,24.069,+11.24%
2016-05-09,23.772,+9.87%
2016-05-06,23.755,+11.69%
2016-05-05,23.679,+10.83%
2016-05-04,23.685,+9.55%
2016-05-03,23.826,+8.70%
2016-05-02,24.035,+9.65%
2016-05-01,23.810,+8.62%
2016-04-29,23.893,+12.55%
2016-04-28,24.014,+12.70%
2016-04-27,24.238,+14.07%
2016-04-26,24.198,+13.41%
2016-04-25,24.153,+13.20%
2016-04-22,24.197,+13.93%
2016-04-21,24.196,+14.50%
2016-04-20,24.322,+14.93%
2016-04-19,24.304,+15.90%
2016-04-18,24.229,+15.55%
2016-04-15,24.071,+13.41%
2016-04-14,24.095,+14.10%
2016-04-13,24.091,+14.27%
2016-04-12,23.851,+12.62%
2016-04-11,23.623,+11.54%
2016-04-08,23.688,+12.93%
2016-04-07,23.622,+12.92%
2016-04-06,23.909,+14.05%
2016-04-05,23.660,+13.61%
2016-04-04,23.902,+14.77%
2016-04-01,23.970,+11.90%
2016-03-31,23.829,+14.37%
2016-03-30,23.869,+14.72%
2016-03-29,23.766,+15.62%
2016-03-28,23.558,+14.61%
2016-03-24,23.545,+12.88%
2016-03-23,23.554,+12.23%
2016-03-22,23.705,+12.75%
2016-03-21,23.726,+12.85%
2016-03-18,23.703,+13.21%
2016-03-17,23.599,+14.08%
2016-03-16,23.444,+12.95%
2016-03-15,23.314,+13.84%
2016-03-14,23.357,+14.05%
2016-03-11,23.386,+14.94%
2016-03-10,23.009,+12.86%
2016-03-09,23.005,+10.93%
2016-03-08,22.890,+10.81%
2016-03-07,23.150,+12.07%
2016-03-04,23.129,+10.51%
2016-03-03,23.053,+9.67%
2016-03-02,22.973,+8.79%
2016-03-01,23.390,+11.59%
2016-02-29,22.346,+6.61%
2016-02-26,22.521,+8.07%
2016-02-25,22.563,+8.12%
2016-02-24,22.310,+6.82%
2016-02-23,22.211,+6.64%
2016-02-22,22.491,+7.95%
2016-02-19,22.171,+7.07%
2016-02-18,22.171,+6.96%
2016-02-17,22.275,+7.42%
2016-02-16,21.914,+5.85%
2016-02-12,21.558,+4.55%
2016-02-11,21.145,+3.54%
2016-02-10,21.409,+4.83%
2016-02-09,21.413,+5.97%
2016-02-08,21.427,+5.59%
2016-02-05,21.735,+6.74%
2016-02-04,22.144,+9.87%
2016-02-03,22.110,+9.24%
2016-02-02,22.000,+10.27%
2016-02-01,22.020,+6.02%
2016-01-29,22.423,+13.50%
2016-01-28,21.881,+11.81%
2016-01-27,21.761,+9.70%
2016-01-26,22.000,+9.42%
2016-01-25,21.693,+8.17%
2016-01-22,22.037,+9.28%
2016-01-21,21.599,+8.75%
2016-01-20,21.488,+8.70%
2016-01-19,21.742,+10.15%
2016-01-15,21.730,+11.57%
2016-01-14,22.210,+12.98%
2016-01-13,21.845,+10.47%
2016-01-12,22.405,+13.01%
2016-01-11,22.231,+11.23%
2016-01-08,22.212,+10.20%
2016-01-07,22.456,+13.40%
2016-01-06,23.001,+17.51%
2016-01-05,23.306,+18.01%
2016-01-04,23.260,+15.62%
2016-01-01,22.180,+10.79%
2015-12-31,23.621,+17.38%
2015-12-30,23.471,+16.81%
2015-12-29,23.642,+17.08%
2015-12-28,23.393,+15.94%
2015-12-24,23.444,+16.58%
2015-12-23,23.482,+16.76%
2015-12-22,23.194,+15.53%
2015-12-21,22.991,+14.95%
2015-12-18,22.814,+14.59%
2015-12-17,23.227,+19.46%
2015-12-16,23.582,+23.76%
2015-12-15,23.244,+20.95%
2015-12-14,23.000,+18.92%
2015-12-11,22.891,+16.44%
2015-12-10,23.345,+19.28%
2015-12-09,23.292,+17.07%
2015-12-08,23.474,+17.95%
2015-12-07,23.627,+17.86%
2015-12-04,23.794,+18.89%
2015-12-03,23.315,+16.37%
2015-12-02,23.655,+18.51%
2015-12-01,23.740,+18.23%
2015-11-30,23.665,+19.88%
2015-11-27,23.411,+18.30%
2015-11-25,23.397,+18.56%
2015-11-24,23.400,+18.43%
2015-11-23,23.371,+18.63%
2015-11-20,23.400,+19.39%
2015-11-19,23.311,+19.18%
2015-11-18,23.338,+19.14%
2015-11-17,22.966,+17.84%
2015-11-16,22.997,+18.08%
2015-11-13,22.659,+16.38%
2015-11-12,22.916,+17.76%
2015-11-11,23.241,+19.34%
2015-11-10,23.317,+19.82%
2015-11-09,23.282,+20.01%
2015-11-06,23.513,+21.24%
2015-11-05,23.521,+21.74%
2015-11-04,23.547,+22.58%
2015-11-03,23.631,+22.66%
2015-11-02,23.567,+19.33%
2015-11-01,23.670,+19.85%
2015-10-30,22.936,+21.84%
2015-10-29,23.047,+23.19%
2015-10-28,23.057,+23.08%
2015-10-27,22.787,+23.09%
2015-10-26,22.846,+23.22%
2015-10-23,22.889,+24.32%
2015-10-22,22.640,+24.48%
2015-10-21,22.269,+21.55%
2015-10-20,22.400,+24.66%
2015-10-19,22.432,+25.98%
2015-10-16,22.426,+27.57%
2015-10-15,22.324,+27.01%
2015-10-14,21.997,+24.13%
2015-10-13,22.101,+24.91%
2015-10-12,22.253,+23.70%
2015-10-09,22.225,+22.13%
2015-10-08,22.209,+19.53%
2015-10-07,22.014,+20.54%
2015-10-06,21.839,+17.77%
2015-10-05,21.918,+18.02%
2015-10-02,21.524,+17.19%
2015-10-01,22.680,+22.59%
2015-09-30,21.178,+13.77%
2015-09-29,20.461,+8.64%
2015-09-28,20.436,+8.23%
2015-09-25,20.975,+12.03%
2015-09-24,20.984,+10.27%
2015-09-23,21.055,+11.51%
2015-09-22,21.098,+11.09%
2015-09-21,21.362,+11.58%
2015-09-18,21.264,+11.02%
2015-09-17,21.614,+13.39%
2015-09-16,21.669,+13.83%
2015-09-15,21.482,+13.69%
2015-09-14,21.210,+12.17%
2015-09-11,21.297,+11.96%
2015-09-10,21.202,+11.56%
2015-09-09,21.091,+11.38%
2015-09-08,21.388,+12.21%
2015-09-04,20.865,+9.68%
2015-09-03,21.190,+11.22%
2015-09-02,21.165,+11.00%
2015-09-01,21.450,+14.04%
2015-08-31,21.418,+11.26%
2015-08-28,21.274,+10.88%
2015-08-27,21.261,+10.62%
2015-08-26,20.756,+8.00%
2015-08-25,19.977,+4.06%
2015-08-24,20.250,+5.99%
2015-08-21,21.081,+10.11%
2015-08-20,21.775,+14.08%
2015-08-19,22.244,+16.82%
2015-08-18,22.429,+18.38%
2015-08-17,22.488,+19.71%
2015-08-14,22.372,+19.08%
2015-08-13,22.285,+19.13%
2015-08-12,22.313,+20.09%
2015-08-11,22.292,+19.77%
2015-08-10,22.507,+21.27%
2015-08-07,22.222,+21.11%
2015-08-06,22.286,+20.78%
2015-08-05,22.461,+21.73%
2015-08-04,22.391,+20.17%
2015-08-03,22.441,+20.13%
2015-08-01,22.150,+18.58%
2015-07-31,22.503,+21.30%
2015-07-30,22.217,+16.29%
2015-07-29,22.217,+16.30%
2015-07-28,22.055,+14.93%
2015-07-27,21.785,+13.55%
2015-07-24,21.912,+13.66%
2015-07-23,22.149,+14.95%
2015-07-22,22.275,+15.80%
2015-07-21,22.329,+16.67%
2015-07-20,22.424,+16.89%
2015-07-17,22.407,+18.00%
2015-07-16,22.382,+16.48%
2015-07-15,22.204,+16.03%
2015-07-14,22.221,+15.90%
2015-07-13,22.122,+15.94%
2015-07-10,21.880,+14.84%
2015-07-09,21.613,+12.97%
2015-07-08,21.564,+13.24%
2015-07-07,21.930,+14.35%
2015-07-06,21.797,+13.21%
2015-07-02,21.882,+14.27%
2015-07-01,22.400,+18.14%
2015-06-30,21.738,+14.36%
2015-06-29,21.354,+11.47%
2015-06-26,21.809,+14.06%
2015-06-25,21.817,+13.96%
2015-06-24,21.882,+14.87%
2015-06-23,22.044,+14.97%
2015-06-22,22.030,+14.88%
2015-06-19,21.897,+14.39%
2015-06-18,22.014,+15.14%
2015-06-17,21.798,+14.90%
2015-06-16,21.755,+14.92%
2015-06-15,21.632,+14.36%
2015-06-12,21.732,+15.25%
2015-06-11,21.885,+15.24%
2015-06-10,21.847,+14.63%
2015-06-09,21.587,+13.24%
2015-06-08,21.578,+13.30%
2015-06-05,21.719,+14.57%
2015-06-04,21.750,+15.48%
2015-06-03,21.939,+16.70%
2015-06-02,21.893,+16.41%
2015-06-01,22.120,+17.16%
2015-05-29,21.548,+14.03%
2015-05-28,21.685,+15.38%
2015-05-27,21.712,+15.39%
2015-05-26,21.515,+15.03%
2015-05-22,21.739,+16.72%
2015-05-21,21.788,+17.26%
2015-05-20,21.737,+17.93%
2015-05-19,21.757,+17.28%
2015-05-18,21.771,+17.80%
2015-05-15,21.705,+17.89%
2015-05-14,21.688,+16.69%
2015-05-13,21.457,+14.90%
2015-05-12,21.463,+14.98%
2015-05-11,21.527,+16.44%
2015-05-08,21.637,+17.22%
2015-05-07,21.350,+15.51%
2015-05-06,21.269,+15.71%
2015-05-05,21.365,+15.19%
2015-05-04,21.621,+16.79%
2015-05-01,21.920,+18.74%
2015-04-30,21.324,+15.01%
2015-04-29,21.228,+13.98%
2015-04-28,21.307,+14.94%
2015-04-27,21.249,+15.00%
2015-04-24,21.337,+14.54%
2015-04-23,21.289,+14.48%
2015-04-22,21.239,+13.96%
2015-04-21,21.131,+13.85%
2015-04-20,21.163,+14.45%
2015-04-17,20.969,+13.40%
2015-04-16,21.209,+14.85%
2015-04-15,21.225,+16.15%
2015-04-14,21.117,+16.33%
2015-04-13,21.082,+17.10%
2015-04-10,21.179,+16.52%
2015-04-09,21.070,+13.50%
2015-04-08,20.976,+14.22%
2015-04-07,20.920,+14.35%
2015-04-06,20.963,+13.35%
2015-04-02,20.826,+11.07%
2015-04-01,21.420,+16.73%
2015-03-31,20.835,+12.22%
2015-03-30,20.806,+12.71%
2015-03-27,20.555,+11.86%
2015-03-26,20.506,+11.39%
2015-03-25,20.555,+10.87%
2015-03-24,20.859,+13.01%
2015-03-23,20.988,+13.16%
2015-03-20,21.024,+13.01%
2015-03-19,20.836,+12.68%
2015-03-18,20.938,+12.54%
2015-03-17,20.687,+11.99%
2015-03-16,20.756,+13.45%
2015-03-13,20.479,+11.61%
2015-03-12,20.604,+10.98%
2015-03-11,20.347,+9.63%
2015-03-10,20.387,+9.29%
2015-03-09,20.738,+11.12%
2015-03-06,20.657,+10.74%
2015-03-05,20.954,+12.53%
2015-03-04,20.929,+12.39%
2015-03-03,21.021,+14.61%
2015-03-02,21.117,+14.27%
2015-03-01,20.960,+13.42%
2015-02-27,20.777,+12.52%
2015-02-26,20.839,+13.42%
2015-02-25,20.869,+13.58%
2015-02-24,20.885,+13.51%
2015-02-23,20.828,+13.90%
2015-02-20,20.834,+13.72%
2015-02-19,20.707,+13.71%
2015-02-18,20.729,+13.08%
2015-02-17,20.736,+13.26%
2015-02-13,20.703,+13.62%
2015-02-12,20.619,+13.81%
2015-02-11,20.422,+12.70%
2015-02-10,20.422,+13.94%
2015-02-09,20.207,+12.92%
2015-02-06,20.293,+14.91%
2015-02-05,20.363,+16.74%
2015-02-04,20.155,+15.31%
2015-02-03,20.239,+16.68%
2015-02-02,19.951,+10.47%
2015-02-01,20.770,+15.01%
2015-01-30,19.499,+8.90%
2015-01-29,19.756,+11.57%
2015-01-28,19.570,+9.40%
2015-01-27,19.837,+11.57%
2015-01-26,20.106,+12.53%
2015-01-23,20.055,+9.90%
2015-01-22,20.166,+9.53%
2015-01-21,19.862,+7.94%
2015-01-20,19.769,+7.73%
2015-01-16,19.738,+7.14%
2015-01-15,19.477,+5.58%
2015-01-14,19.659,+7.12%
2015-01-13,19.774,+8.91%
2015-01-12,19.825,+7.82%
2015-01-09,19.986,+8.95%
2015-01-08,20.156,+9.91%
2015-01-07,19.802,+7.96%
2015-01-06,19.574,+7.37%
2015-01-05,19.750,+8.06%
2015-01-02,20.117,+10.03%
2015-01-01,20.020,+10.30%
2014-12-31,20.124,+9.09%
2014-12-30,20.094,+7.24%
2014-12-29,20.193,+7.75%
2014-12-26,20.176,+7.63%
2014-12-24,20.109,+7.78%
2014-12-23,20.112,+8.11%
2014-12-22,20.077,+8.50%
2014-12-19,20.000,+8.60%
2014-12-18,19.909,+8.04%
2014-12-17,19.443,+7.27%
2014-12-16,19.055,+4.80%
2014-12-15,19.218,+6.36%
2014-12-12,19.341,+7.04%
2014-12-11,19.659,+8.39%
2014-12-10,19.571,+6.68%
2014-12-09,19.896,+8.11%
2014-12-08,19.901,+8.33%
2014-12-05,20.046,+10.35%
2014-12-04,20.013,+9.68%
2014-12-03,20.036,+9.67%
2014-12-02,19.961,+8.91%
2014-12-01,20.080,+11.31%
2014-11-28,19.740,+5.20%
2014-11-26,19.790,+5.73%
2014-11-25,19.735,+5.45%
2014-11-24,19.758,+5.44%
2014-11-21,19.701,+5.65%
2014-11-20,19.599,+5.96%
2014-11-19,19.560,+5.37%
2014-11-18,19.589,+5.31%
2014-11-17,19.489,+4.38%
2014-11-14,19.475,+4.75%
2014-11-13,19.470,+5.23%
2014-11-12,19.460,+6.03%
2014-11-11,19.474,+5.85%
2014-11-10,19.460,+5.85%
2014-11-07,19.400,+6.94%
2014-11-06,19.393,+5.49%
2014-11-05,19.320,+5.54%
2014-11-04,19.210,+4.65%
2014-11-03,19.265,+6.14%
2014-11-01,19.750,+8.82%
2014-10-31,19.267,+5.64%
2014-10-30,18.825,+0.75%
2014-10-29,18.708,-0.37%
2014-10-28,18.734,+0.33%
2014-10-27,18.513,-0.72%
2014-10-24,18.541,-0.13%
2014-10-23,18.411,-0.51%
2014-10-22,18.187,-2.19%
2014-10-21,18.321,-0.90%
2014-10-20,17.969,-2.80%
2014-10-17,17.806,-3.04%
2014-10-16,17.580,-3.63%
2014-10-15,17.577,-2.32%
2014-10-14,17.721,-2.21%
2014-10-13,17.693,-1.97%
2014-10-10,17.989,+0.30%
2014-10-09,18.198,+3.68%
2014-10-08,18.581,+5.92%
2014-10-07,18.263,+2.83%
2014-10-06,18.543,+3.51%
2014-10-03,18.572,+4.41%
2014-10-02,18.367,+2.33%
2014-10-01,18.500,+3.58%
2014-09-30,18.614,+4.46%
2014-09-29,18.834,+3.79%
2014-09-26,18.882,+3.63%
2014-09-25,18.722,+3.11%
2014-09-24,19.030,+4.52%
2014-09-23,18.882,+3.44%
2014-09-22,18.991,+3.54%
2014-09-19,19.145,+3.63%
2014-09-18,19.154,+3.49%
2014-09-17,19.061,+4.24%
2014-09-16,19.036,+4.54%
2014-09-15,18.895,+4.36%
2014-09-12,18.908,+4.71%
2014-09-11,19.022,+4.99%
2014-09-10,19.005,+5.22%
2014-09-09,18.936,+5.60%
2014-09-08,19.060,+7.36%
2014-09-05,19.119,+7.69%
2014-09-04,19.023,+7.29%
2014-09-03,19.053,+8.33%
2014-09-02,19.068,+6.64%
2014-09-01,18.810,+5.20%
2014-08-29,19.250,+8.21%
2014-08-28,19.187,+8.07%
2014-08-27,19.219,+8.55%
2014-08-26,19.218,+6.82%
2014-08-25,19.198,+6.28%
2014-08-22,19.106,+6.19%
2014-08-21,19.145,+7.32%
2014-08-20,19.088,+6.38%
2014-08-19,19.041,+6.53%
2014-08-18,18.946,+5.37%
2014-08-15,18.786,+4.14%
2014-08-14,18.787,+2.65%
2014-08-13,18.706,+1.68%
2014-08-12,18.581,+1.28%
2014-08-11,18.612,+1.33%
2014-08-08,18.560,+0.69%
2014-08-07,18.349,-0.07%
2014-08-06,18.451,+0.10%
2014-08-05,18.451,-0.47%
2014-08-04,18.632,+0.36%
2014-08-01,18.680,+4.30%
2014-07-31,18.552,+1.35%
2014-07-30,19.105,+3.06%
2014-07-29,19.103,+3.09%
2014-07-28,19.190,+3.17%
2014-07-25,19.185,+3.23%
2014-07-24,19.278,+4.00%
2014-07-23,19.269,+3.55%
2014-07-22,19.235,+3.18%
2014-07-21,19.139,+2.87%
2014-07-18,19.184,+3.28%
2014-07-17,18.989,+2.74%
2014-07-16,19.216,+4.26%
2014-07-15,19.136,+3.44%
2014-07-14,19.173,+3.78%
2014-07-11,19.080,+3.60%
2014-07-10,19.052,+4.85%
2014-07-09,19.131,+5.31%
2014-07-08,19.043,+5.58%
2014-07-07,19.178,+6.88%
2014-07-03,19.254,+8.40%
2014-07-02,19.149,+7.90%
2014-07-01,18.960,+4.64%
2014-06-30,19.009,+6.36%
2014-06-27,19.157,+6.72%
2014-06-26,19.121,+7.18%
2014-06-25,19.144,+8.34%
2014-06-24,19.050,+8.83%
2014-06-23,19.174,+8.21%
2014-06-20,19.176,+8.51%
2014-06-19,19.143,+5.62%
2014-06-18,19.119,+4.02%
2014-06-17,18.972,+4.02%
2014-06-16,18.931,+4.59%
2014-06-13,18.915,+3.88%
2014-06-12,18.856,+5.09%
2014-06-11,18.991,+4.96%
2014-06-10,19.058,+4.26%
2014-06-09,19.063,+4.25%
2014-06-06,19.045,+5.48%
2014-06-05,18.957,+5.89%
2014-06-04,18.834,+3.75%
2014-06-03,18.799,+2.99%
2014-06-02,18.806,+5.65%
2014-06-01,18.880,+6.07%
2014-05-30,18.931,+1.59%
2014-05-29,18.896,+1.77%
2014-05-28,18.795,+0.51%
2014-05-27,18.816,+1.26%
2014-05-23,18.704,+0.61%
2014-05-22,18.625,-0.11%
2014-05-21,18.581,-1.17%
2014-05-20,18.432,-1.80%
2014-05-19,18.552,-1.22%
2014-05-16,18.481,-0.59%
2014-05-15,18.412,-1.46%
2014-05-14,18.586,-0.02%
2014-05-13,18.674,+1.48%
2014-05-12,18.666,+1.43%
2014-05-09,18.487,+0.90%
2014-05-08,18.459,+0.38%
2014-05-07,18.484,+0.93%
2014-05-06,18.381,+0.89%
2014-05-05,18.548,+2.00%
2014-05-02,18.513,+2.88%
2014-05-01,18.460,+1.15%
2014-04-30,18.541,+3.03%
2014-04-29,18.625,+2.50%
2014-04-28,18.537,+2.74%
2014-04-25,18.477,+2.22%
2014-04-24,18.628,+3.48%
2014-04-23,18.596,+3.30%
2014-04-22,18.637,+4.61%
2014-04-21,18.561,+4.66%
2014-04-17,18.491,+4.49%
2014-04-16,18.466,+2.85%
2014-04-15,18.274,+3.24%
2014-04-14,18.152,+0.19%
2014-04-11,18.004,-0.90%
2014-04-10,18.176,+0.40%
2014-04-09,18.564,+3.79%
2014-04-08,18.364,+3.04%
2014-04-07,18.295,+3.30%
2014-04-04,18.494,+3.97%
2014-04-03,18.729,+5.72%
2014-04-02,18.750,+4.72%
2014-04-01,18.350,+3.73%
2014-03-31,18.566,+3.29%
2014-03-28,18.460,+2.70%
2014-03-27,18.375,+2.64%
2014-03-26,18.410,+2.77%
2014-03-25,18.539,+4.30%
2014-03-24,18.458,+3.50%
2014-03-21,18.548,+4.75%
2014-03-20,18.603,+4.19%
2014-03-19,18.491,+4.26%
2014-03-18,18.605,+4.65%
2014-03-17,18.472,+3.33%
2014-03-14,18.296,+2.18%
2014-03-13,18.348,+3.04%
2014-03-12,18.565,+4.40%
2014-03-11,18.559,+4.11%
2014-03-10,18.654,+4.99%
2014-03-07,18.663,+5.51%
2014-03-06,18.653,+5.64%
2014-03-05,18.621,+5.57%
2014-03-04,18.622,+6.59%
2014-03-03,18.342,+3.74%
2014-03-01,18.480,+4.52%
2014-02-28,18.478,+6.50%
2014-02-27,18.465,+5.86%
2014-02-26,18.374,+6.68%
2014-02-25,18.374,+7.33%
2014-02-24,18.399,+5.50%
2014-02-21,18.286,+5.78%
2014-02-20,18.321,+5.31%
2014-02-19,18.211,+3.38%
2014-02-18,18.331,+4.83%
2014-02-14,18.309,+4.59%
2014-02-13,18.222,+4.17%
2014-02-12,18.117,+3.63%
2014-02-11,18.121,+3.82%
2014-02-10,17.923,+2.62%
2014-02-07,17.895,+3.04%
2014-02-06,17.660,+1.50%
2014-02-05,17.443,+0.31%
2014-02-04,17.479,+1.56%
2014-02-03,17.346,+0.15%
2014-02-01,18.060,+4.27%
2014-01-31,17.751,+2.98%
2014-01-30,17.906,+3.13%
2014-01-29,17.707,+1.59%
2014-01-28,17.889,+3.16%
2014-01-27,17.780,+2.34%
2014-01-24,17.867,+3.40%
2014-01-23,18.248,+5.61%
2014-01-22,18.412,+6.72%
2014-01-21,18.401,+7.13%
2014-01-17,18.350,+7.19%
2014-01-16,18.422,+8.22%
2014-01-15,18.447,+8.39%
2014-01-14,18.352,+7.95%
2014-01-13,18.156,+6.70%
2014-01-10,18.387,+8.05%
2014-01-09,18.345,+8.63%
2014-01-08,18.338,+8.87%
2014-01-07,18.342,+8.54%
2014-01-06,18.231,+7.55%
2014-01-03,18.277,+8.35%
2014-01-02,18.283,+8.15%
2014-01-01,18.150,+6.58%
2013-12-31,18.447,+11.89%
2013-12-30,18.737,+15.58%
2013-12-27,18.740,+14.32%
2013-12-26,18.746,+14.22%
2013-12-24,18.658,+13.14%
2013-12-23,18.604,+12.53%
2013-12-20,18.505,+10.89%
2013-12-19,18.416,+10.96%
2013-12-18,18.427,+10.18%
2013-12-17,18.125,+9.62%
2013-12-16,18.182,+11.27%
2013-12-13,18.068,+10.12%
2013-12-12,18.069,+9.43%
2013-12-11,18.138,+9.89%
2013-12-10,18.345,+11.87%
2013-12-09,18.404,+12.27%
2013-12-06,18.371,+12.40%
2013-12-05,18.166,+11.52%
2013-12-04,18.246,+12.18%
2013-12-03,18.269,+12.13%
2013-12-02,18.328,+11.48%
2013-12-01,18.040,+9.73%
2013-11-29,18.750,+14.55%
2013-11-27,18.765,+16.03%
2013-11-26,18.718,+15.13%
2013-11-25,18.715,+14.88%
2013-11-22,18.739,+16.53%
2013-11-21,18.647,+15.96%
2013-11-20,18.496,+15.28%
2013-11-19,18.564,+15.79%
2013-11-18,18.602,+18.33%
2013-11-15,18.671,+19.34%
2013-11-14,18.592,+18.65%
2013-11-13,18.503,+16.44%
2013-11-12,18.354,+15.04%
2013-11-11,18.398,+15.33%
2013-11-08,18.384,+15.44%
2013-11-07,18.141,+12.52%
2013-11-06,18.383,+11.32%
2013-11-05,18.305,+11.72%
2013-11-04,18.357,+12.28%
2013-11-01,18.150,+12.59%
2013-10-31,18.238,+11.71%
2013-10-30,18.685,+14.47%
2013-10-29,18.777,+15.03%
2013-10-28,18.672,+14.39%
2013-10-25,18.648,+14.16%
2013-10-24,18.566,+14.00%
2013-10-23,18.506,+13.28%
2013-10-22,18.594,+12.17%
2013-10-21,18.487,+11.58%
2013-10-18,18.486,+9.72%
2013-10-17,18.365,+8.74%
2013-10-16,18.242,+8.45%
2013-10-15,17.994,+8.08%
2013-10-14,18.122,+9.73%
2013-10-11,18.048,+8.95%
2013-10-10,17.935,+8.30%
2013-10-09,17.552,+5.32%
2013-10-08,17.542,+4.22%
2013-10-07,17.761,+5.16%
2013-10-04,17.914,+6.03%
2013-10-03,17.788,+6.05%
2013-10-02,17.949,+7.39%
2013-10-01,17.860,+7.46%
2013-09-30,17.819,+7.57%
2013-09-27,18.146,+9.05%
2013-09-26,18.220,+10.55%
2013-09-25,18.157,+9.54%
2013-09-24,18.207,+8.69%
2013-09-23,18.254,+8.73%
2013-09-20,18.341,+9.24%
2013-09-19,18.474,+9.97%
2013-09-18,18.508,+10.30%
2013-09-17,18.286,+8.84%
2013-09-16,18.209,+8.04%
2013-09-13,18.106,+7.86%
2013-09-12,18.057,+9.32%
2013-09-11,18.118,+9.92%
2013-09-10,18.063,+9.93%
2013-09-09,17.931,+8.45%
2013-09-06,17.754,+7.82%
2013-09-05,17.753,+10.01%
2013-09-04,17.731,+9.76%
2013-09-03,17.588,+5.38%
2013-09-01,17.880,+7.13%
2013-08-30,17.732,+10.80%
2013-08-29,17.789,+10.29%
2013-08-28,17.754,+10.17%
2013-08-27,17.705,+9.77%
2013-08-26,17.991,+11.50%
2013-08-23,18.064,+12.67%
2013-08-22,17.993,+11.32%
2013-08-21,17.839,+10.39%
2013-08-20,17.943,+10.65%
2013-08-19,17.874,+10.22%
2013-08-16,17.981,+11.08%
2013-08-15,18.040,+12.24%
2013-08-14,18.302,+14.00%
2013-08-13,18.397,+14.58%
2013-08-12,18.346,+14.12%
2013-08-09,18.367,+14.50%
2013-08-08,18.433,+14.95%
2013-08-07,18.361,+14.58%
2013-08-06,18.432,+15.61%
2013-08-05,18.538,+16.55%
2013-08-02,18.565,+18.94%
2013-08-01,17.910,+10.97%
2013-07-31,18.305,+16.05%
2013-07-30,18.537,+17.65%
2013-07-29,18.530,+17.55%
2013-07-26,18.600,+20.24%
2013-07-25,18.584,+22.13%
2013-07-24,18.537,+21.78%
2013-07-23,18.608,+21.14%
2013-07-22,18.642,+20.28%
2013-07-19,18.605,+18.84%
2013-07-18,18.575,+18.96%
2013-07-17,18.482,+19.16%
2013-07-16,18.431,+19.71%
2013-07-15,18.499,+19.87%
2013-07-12,18.474,+21.68%
2013-07-11,18.417,+20.70%
2013-07-10,18.171,+19.09%
2013-07-09,18.167,+18.10%
2013-07-08,18.037,+17.06%
2013-07-05,17.943,+15.35%
2013-07-03,17.762,+13.65%
2013-07-02,17.747,+14.27%
2013-07-01,18.120,+16.53%
2013-06-28,17.873,+18.52%
2013-06-27,17.950,+18.78%
2013-06-26,17.840,+19.11%
2013-06-25,17.670,+18.53%
2013-06-24,17.504,+15.55%
2013-06-21,17.719,+17.81%
2013-06-20,17.672,+14.88%
2013-06-19,18.125,+17.63%
2013-06-18,18.380,+20.45%
2013-06-17,18.238,+19.70%
2013-06-14,18.101,+20.03%
2013-06-13,18.208,+22.04%
2013-06-12,17.943,+19.42%
2013-06-11,18.094,+21.83%
2013-06-10,18.280,+21.53%
2013-06-07,18.286,+22.55%
2013-06-06,18.055,+20.99%
2013-06-05,17.903,+22.74%
2013-06-04,18.153,+25.17%
2013-06-03,18.253,+21.28%
2013-06-01,17.800,+18.27%
2013-05-31,18.146,+22.05%
2013-05-30,18.635,+25.34%
2013-05-29,18.567,+23.08%
2013-05-28,18.699,+25.34%
2013-05-24,18.581,+24.27%
2013-05-23,18.591,+24.51%
2013-05-22,18.646,+25.09%
2013-05-21,18.801,+26.19%
2013-05-20,18.769,+28.00%
2013-05-17,18.782,+27.14%
2013-05-16,18.591,+23.96%
2013-05-15,18.684,+24.02%
2013-05-14,18.589,+22.68%
2013-05-13,18.402,+20.10%
2013-05-10,18.402,+19.70%
2013-05-09,18.322,+19.48%
2013-05-08,18.390,+19.11%
2013-05-07,18.314,+18.12%
2013-05-06,18.219,+17.54%
2013-05-03,18.185,+15.43%
2013-05-02,17.995,+13.35%
2013-05-01,18.250,+19.91%
2013-04-30,17.995,+13.71%
2013-04-29,18.171,+14.64%
2013-04-26,18.042,+14.10%
2013-04-25,18.075,+15.08%
2013-04-24,18.002,+16.18%
2013-04-23,18.002,+16.60%
2013-04-22,17.816,+14.43%
2013-04-19,17.734,+14.04%
2013-04-18,17.578,+12.36%
2013-04-17,17.697,+12.66%
2013-04-16,17.954,+16.07%
2013-04-15,17.701,+14.38%
2013-04-12,18.117,+15.60%
2013-04-11,18.168,+17.52%
2013-04-10,18.104,+17.99%
2013-04-09,17.886,+14.57%
2013-04-08,17.823,+12.88%
2013-04-05,17.711,+12.17%
2013-04-04,17.788,+12.58%
2013-04-03,17.716,+10.98%
2013-04-02,17.905,+11.72%
2013-04-01,17.690,+12.68%
2013-03-28,17.975,+12.55%
2013-03-27,17.902,+11.54%
2013-03-26,17.913,+11.30%
2013-03-25,17.774,+11.97%
2013-03-22,17.834,+12.70%
2013-03-21,17.707,+11.09%
2013-03-20,17.855,+11.80%
2013-03-19,17.736,+10.73%
2013-03-18,17.779,+11.43%
2013-03-15,17.877,+12.17%
2013-03-14,17.906,+13.03%
2013-03-13,17.807,+12.27%
2013-03-12,17.783,+14.15%
2013-03-11,17.826,+14.45%
2013-03-08,17.768,+14.48%
2013-03-07,17.689,+15.10%
2013-03-06,17.657,+15.68%
2013-03-05,17.638,+13.78%
2013-03-04,17.471,+12.27%
2013-03-01,17.680,+12.68%
2013-02-28,17.350,+10.61%
2013-02-27,17.443,+11.58%
2013-02-26,17.224,+10.33%
2013-02-25,17.119,+9.65%
2013-02-22,17.439,+12.36%
2013-02-21,17.287,+11.01%
2013-02-20,17.397,+11.81%
2013-02-19,17.615,+13.21%
2013-02-15,17.487,+13.88%
2013-02-14,17.505,+13.39%
2013-02-13,17.493,+13.21%
2013-02-12,17.483,+13.91%
2013-02-11,17.455,+13.73%
2013-02-08,17.466,+13.18%
2013-02-07,17.367,+12.79%
2013-02-06,17.399,+13.22%
2013-02-05,17.389,+13.11%
2013-02-04,17.210,+11.94%
2013-02-01,17.320,+12.69%
2013-01-31,17.237,+14.90%
2013-01-30,17.362,+14.97%
2013-01-29,17.430,+15.13%
2013-01-28,17.341,+14.55%
2013-01-25,17.373,+13.91%
2013-01-24,17.279,+14.28%
2013-01-23,17.279,+14.17%
2013-01-22,17.253,+14.05%
2013-01-18,17.177,+14.18%
2013-01-17,17.119,+15.06%
2013-01-16,17.023,+14.82%
2013-01-15,17.019,+14.79%
2013-01-14,17.000,+14.66%
2013-01-11,17.016,+14.47%
2013-01-10,17.017,+14.52%
2013-01-09,16.888,+14.66%
2013-01-08,16.844,+14.62%
2013-01-07,16.899,+14.99%
2013-01-04,16.951,+15.39%
2013-01-03,16.869,+14.86%
2013-01-02,16.905,+13.69%
2013-01-01,17.030,+14.53%
2012-12-31,16.486,+14.00%
2012-12-28,16.211,+12.81%
2012-12-27,16.392,+12.64%
2012-12-26,16.412,+12.79%
2012-12-24,16.491,+13.33%
2012-12-21,16.532,+15.59%
2012-12-20,16.688,+16.91%
2012-12-19,16.597,+19.74%
2012-12-18,16.724,+19.24%
2012-12-17,16.534,+17.88%
2012-12-14,16.340,+17.26%
2012-12-13,16.408,+16.41%
2012-12-12,16.512,+16.13%
2012-12-11,16.505,+14.35%
2012-12-10,16.398,+13.61%
2012-12-07,16.392,+13.04%
2012-12-06,16.344,+12.94%
2012-12-05,16.290,+12.69%
2012-12-04,16.265,+13.67%
2012-12-03,16.292,+13.86%
2012-12-01,16.440,+14.97%
2012-11-30,16.370,+14.16%
2012-11-29,16.369,+19.11%
2012-11-28,16.300,+18.87%
2012-11-27,16.173,+21.39%
2012-11-26,16.258,+22.03%
2012-11-23,16.291,+21.95%
2012-11-21,16.081,+17.23%
2012-11-20,16.044,+14.78%
2012-11-19,16.033,+14.70%
2012-11-16,15.721,+10.54%
2012-11-15,15.645,+8.17%
2012-11-14,15.670,+8.87%
2012-11-13,15.891,+9.35%
2012-11-12,15.954,+9.79%
2012-11-09,15.952,+12.88%
2012-11-08,15.925,+8.55%
2012-11-07,16.122,+11.18%
2012-11-06,16.513,+14.59%
2012-11-05,16.385,+13.71%
2012-11-02,16.349,+14.86%
2012-11-01,16.120,+14.33%
2012-10-31,16.326,+13.29%
2012-10-26,16.323,+14.31%
2012-10-25,16.335,+15.61%
2012-10-24,16.286,+12.95%
2012-10-23,16.337,+14.76%
2012-10-22,16.576,+16.44%
2012-10-19,16.569,+19.12%
2012-10-18,16.848,+19.59%
2012-10-17,16.889,+22.33%
2012-10-16,16.820,+19.47%
2012-10-15,16.649,+18.25%
2012-10-12,16.515,+18.98%
2012-10-11,16.565,+20.52%
2012-10-10,16.561,+20.55%
2012-10-09,16.665,+25.45%
2012-10-08,16.831,+26.70%
2012-10-05,16.889,+28.40%
2012-10-04,16.895,+30.75%
2012-10-03,16.774,+32.73%
2012-10-02,16.714,+20.42%
2012-10-01,16.620,+19.74%
2012-09-28,16.565,+23.67%
2012-09-27,16.640,+21.66%
2012-09-26,16.481,+21.79%
2012-09-25,16.576,+25.35%
2012-09-24,16.752,+26.68%
2012-09-21,16.789,+23.67%
2012-09-20,16.790,+20.03%
2012-09-19,16.799,+19.90%
2012-09-18,16.780,+18.59%
2012-09-17,16.801,+18.73%
2012-09-14,16.854,+21.85%
2012-09-13,16.787,+23.00%
2012-09-12,16.518,+22.14%
2012-09-11,16.483,+22.72%
2012-09-10,16.432,+22.34%
2012-09-07,16.534,+18.55%
2012-09-06,16.467,+21.45%
2012-09-05,16.137,+18.13%
2012-09-04,16.154,+18.26%
2012-09-01,16.690,+23.63%
2012-08-31,16.173,+14.03%
2012-08-30,16.003,+12.03%
2012-08-29,16.129,+13.18%
2012-08-28,16.115,+16.28%
2012-08-27,16.129,+16.38%
2012-08-24,16.136,+16.35%
2012-08-23,16.033,+17.12%
2012-08-22,16.163,+22.12%
2012-08-21,16.160,+22.13%
2012-08-20,16.216,+22.55%
2012-08-17,16.217,+15.33%
2012-08-16,16.187,+15.23%
2012-08-15,16.072,+13.30%
2012-08-14,16.054,+15.64%
2012-08-13,16.056,+15.65%
2012-08-10,16.076,+21.80%
2012-08-09,16.041,+16.16%
2012-08-08,16.035,+21.62%
2012-08-07,16.025,+13.45%
2012-08-06,15.943,+12.87%
2012-08-03,15.906,+7.16%
2012-08-02,15.609,+5.69%
2012-08-01,16.140,+17.04%
2012-07-31,15.773,+2.37%
2012-07-30,15.756,+2.26%
2012-07-27,15.764,+1.32%
2012-07-26,15.469,-2.59%
2012-07-25,15.217,-4.57%
2012-07-24,15.222,-5.08%
2012-07-23,15.361,-4.22%
2012-07-20,15.499,-1.95%
2012-07-19,15.656,-1.03%
2012-07-18,15.614,+0.31%
2012-07-17,15.510,-1.17%
2012-07-16,15.396,-1.89%
2012-07-13,15.432,-1.78%
2012-07-12,15.182,-3.07%
2012-07-11,15.258,-3.02%
2012-07-10,15.258,-4.77%
2012-07-09,15.383,-3.99%
2012-07-06,15.408,-3.51%
2012-07-05,15.555,-2.49%
2012-07-03,15.628,+0.12%
2012-07-02,15.531,-0.51%
2012-07-01,15.550,-0.38%
2012-06-29,15.456,-1.85%
2012-06-28,15.080,-3.45%
2012-06-27,15.112,-1.99%
2012-06-26,14.978,-1.97%
2012-06-25,14.907,-2.43%
2012-06-22,15.148,-2.30%
2012-06-21,15.040,-3.62%
2012-06-20,15.383,-0.10%
2012-06-19,15.409,+0.61%
2012-06-18,15.259,-0.37%
2012-06-15,15.237,-0.03%
2012-06-14,15.081,-2.78%
2012-06-13,14.920,-2.61%
2012-06-12,15.025,-1.86%
2012-06-11,14.852,-2.99%
2012-06-08,15.042,-2.41%
2012-06-07,14.921,-3.59%
2012-06-06,14.923,-3.67%
2012-06-05,14.586,-6.86%
2012-06-04,14.503,-7.39%
2012-06-01,15.050,-1.95%
2012-05-31,14.868,-8.24%
2012-05-30,14.868,-8.23%
2012-05-29,15.085,-6.89%
2012-05-25,14.919,-7.17%
2012-05-24,14.952,-6.67%
2012-05-23,14.931,-6.88%
2012-05-22,14.906,-8.15%
2012-05-21,14.899,-8.19%
2012-05-18,14.663,-10.14%
2012-05-17,14.773,-8.67%
2012-05-16,14.998,-7.31%
2012-05-15,15.065,-7.47%
2012-05-14,15.152,-6.94%
2012-05-11,15.322,-6.20%
2012-05-10,15.374,-6.93%
2012-05-09,15.335,-6.41%
2012-05-08,15.439,-5.35%
2012-05-07,15.505,-4.95%
2012-05-04,15.500,-5.48%
2012-05-03,15.754,-4.59%
2012-05-02,15.876,-4.18%
2012-05-01,15.220,-5.58%
2012-04-30,15.826,-5.63%
2012-04-27,15.850,-4.94%
2012-04-26,15.812,-4.57%
2012-04-25,15.707,-4.35%
2012-04-24,15.495,-5.79%
2012-04-23,15.439,-6.13%
2012-04-20,15.570,-4.84%
2012-04-19,15.551,-3.67%
2012-04-18,15.644,-2.54%
2012-04-17,15.708,-3.22%
2012-04-16,15.468,-4.70%
2012-04-13,15.476,-4.26%
2012-04-12,15.672,-3.03%
2012-04-11,15.459,-5.10%
2012-04-10,15.344,-6.07%
2012-04-09,15.611,-4.43%
2012-04-05,15.790,-3.65%
2012-04-04,15.800,-3.61%
2012-04-03,15.963,-1.52%
2012-04-02,16.027,-1.13%
2012-04-01,15.700,-3.15%
2012-03-30,16.004,-3.62%
2012-03-29,15.945,-3.33%
2012-03-28,15.970,-2.50%
2012-03-27,16.050,-2.28%
2012-03-26,16.095,-2.01%
2012-03-23,15.874,-2.14%
2012-03-22,15.825,-2.16%
2012-03-21,15.940,-1.80%
2012-03-20,15.970,-0.14%
2012-03-19,16.018,+0.16%
2012-03-16,15.955,+1.54%
2012-03-15,15.937,-0.55%
2012-03-14,15.842,-2.25%
2012-03-13,15.861,-2.73%
2012-03-12,15.579,-4.46%
2012-03-09,15.576,-5.61%
2012-03-08,15.520,-6.08%
2012-03-07,15.369,-6.17%
2012-03-06,15.264,-7.58%
2012-03-05,15.502,-6.14%
2012-03-02,15.562,-4.87%
2012-03-01,15.690,-2.18%
2012-02-29,15.517,-3.26%
2012-02-28,15.686,-5.46%
2012-02-27,15.633,-6.82%
2012-02-24,15.612,-5.96%
2012-02-23,15.586,-6.22%
2012-02-22,15.520,-7.18%
2012-02-21,15.572,-8.78%
2012-02-17,15.560,-8.68%
2012-02-16,15.524,-8.61%
2012-02-15,15.355,-9.04%
2012-02-14,15.438,-8.85%
2012-02-13,15.452,-8.54%
2012-02-10,15.348,-8.66%
2012-02-09,15.454,-7.96%
2012-02-08,15.432,-8.34%
2012-02-07,15.398,-8.16%
2012-02-06,15.367,-7.78%
2012-02-03,15.374,-7.47%
2012-02-02,15.152,-8.59%
2012-02-01,15.370,-6.96%
2012-01-31,15.002,-8.23%
2012-01-30,15.101,-8.48%
2012-01-27,15.139,-9.89%
2012-01-26,15.163,-9.54%
2012-01-25,15.251,-8.64%
2012-01-24,15.120,-9.40%
2012-01-23,15.135,-8.78%
2012-01-20,15.128,-8.60%
2012-01-19,15.118,-8.78%
2012-01-18,15.044,-10.14%
2012-01-17,14.878,-11.01%
2012-01-13,14.826,-10.67%
2012-01-12,14.899,-10.38%
2012-01-11,14.865,-9.78%
2012-01-10,14.860,-9.48%
2012-01-09,14.729,-10.40%
2012-01-06,14.696,-10.77%
2012-01-05,14.733,-10.73%
2012-01-04,14.690,-10.54%
2012-01-03,14.687,-10.68%
2012-01-01,14.870,-8.77%
2011-12-30,14.462,-13.17%
2011-12-29,14.524,-12.93%
2011-12-28,14.370,-13.77%
2011-12-27,14.552,-12.61%
2011-12-23,14.551,-12.56%
2011-12-22,14.420,-13.49%
2011-12-21,14.302,-13.91%
2011-12-20,14.274,-13.56%
2011-12-19,13.861,-15.85%
2011-12-16,14.026,-14.77%
2011-12-15,13.981,-14.52%
2011-12-14,13.935,-15.24%
2011-12-13,14.095,-14.19%
2011-12-12,14.219,-13.43%
2011-12-09,14.434,-11.59%
2011-12-08,14.194,-12.73%
2011-12-07,14.501,-10.51%
2011-12-06,14.472,-10.64%
2011-12-05,14.456,-10.86%
2011-12-02,14.309,-11.54%
2011-12-01,14.300,-10.90%
2011-11-30,14.339,-8.27%
2011-11-29,13.743,-14.74%
2011-11-28,13.712,-15.05%
2011-11-25,13.323,-18.07%
2011-11-23,13.359,-16.63%
2011-11-22,13.660,-15.96%
2011-11-21,13.717,-15.75%
2011-11-18,13.978,-13.93%
2011-11-17,13.983,-12.57%
2011-11-16,14.222,-11.06%
2011-11-15,14.463,-11.02%
2011-11-14,14.393,-11.56%
2011-11-11,14.532,-11.76%
2011-11-10,14.254,-13.81%
2011-11-09,14.132,-14.17%
2011-11-08,14.671,-11.62%
2011-11-07,14.501,-12.83%
2011-11-04,14.410,-13.04%
2011-11-03,14.501,-10.80%
2011-11-02,14.234,-12.12%
2011-11-01,14.100,-11.21%
2011-10-31,14.411,-12.48%
2011-10-28,14.775,-10.31%
2011-10-27,14.769,-10.25%
2011-10-26,14.279,-13.46%
2011-10-25,14.130,-14.36%
2011-10-24,14.419,-12.42%
2011-10-21,14.236,-13.32%
2011-10-20,13.973,-14.77%
2011-10-19,13.910,-14.27%
2011-10-18,14.088,-14.55%
2011-10-17,13.806,-15.65%
2011-10-14,14.079,-13.81%
2011-10-13,13.838,-15.59%
2011-10-12,13.880,-14.73%
2011-10-11,13.745,-15.24%
2011-10-10,13.738,-15.27%
2011-10-07,13.284,-17.57%
2011-10-06,13.394,-17.02%
2011-10-05,13.153,-18.57%
2011-10-04,12.922,-18.33%
2011-10-03,12.638,-20.52%
2011-10-01,13.880,-12.70%
2011-09-30,13.008,-18.09%
2011-09-29,13.502,-17.11%
2011-09-28,13.394,-17.99%
2011-09-27,13.677,-15.85%
2011-09-26,13.532,-17.22%
2011-09-23,13.224,-17.39%
2011-09-22,13.144,-18.57%
2011-09-21,13.576,-16.30%
2011-09-20,13.988,-13.98%
2011-09-19,14.011,-12.53%
2011-09-16,14.150,-11.59%
2011-09-15,14.069,-12.13%
2011-09-14,13.832,-13.30%
2011-09-13,13.648,-14.52%
2011-09-12,13.524,-14.35%
2011-09-09,13.431,-14.52%
2011-09-08,13.799,-11.76%
2011-09-07,13.947,-10.24%
2011-09-06,13.559,-13.74%
2011-09-02,13.660,-11.94%
2011-09-01,13.500,-13.52%
2011-08-31,14.183,-5.02%
2011-08-30,14.285,-6.45%
2011-08-29,14.251,-8.05%
2011-08-26,13.859,-9.10%
2011-08-25,13.653,-11.14%
2011-08-24,13.869,-9.43%
2011-08-23,13.689,-11.91%
2011-08-22,13.235,-15.17%
2011-08-19,13.232,-15.50%
2011-08-18,13.434,-15.66%
2011-08-17,14.061,-11.59%
2011-08-16,14.047,-10.61%
2011-08-15,14.185,-9.72%
2011-08-12,13.883,-11.99%
2011-08-11,13.810,-12.93%
2011-08-10,13.199,-19.13%
2011-08-09,13.809,-15.90%
2011-08-08,13.184,-19.26%
2011-08-05,14.125,-13.82%
2011-08-04,14.133,-13.88%
2011-08-03,14.843,-9.01%
2011-08-02,14.769,-9.89%
2011-08-01,13.790,-10.86%
2011-07-29,15.408,-6.14%
2011-07-28,15.508,-5.93%
2011-07-27,15.558,-6.28%
2011-07-26,15.881,-4.43%
2011-07-25,15.946,-2.96%
2011-07-22,16.037,-1.61%
2011-07-21,16.022,+0.51%
2011-07-20,15.808,-2.10%
2011-07-19,15.819,-0.91%
2011-07-18,15.565,-1.92%
2011-07-15,15.693,-3.97%
2011-07-14,15.606,-4.38%
2011-07-13,15.711,-3.76%
2011-07-12,15.663,-2.58%
2011-07-11,15.733,-2.07%
2011-07-08,16.022,+0.45%
2011-07-07,16.135,+2.11%
2011-07-06,15.968,+4.22%
2011-07-05,15.952,+4.67%
2011-07-01,15.610,-0.70%
2011-06-30,15.746,+2.51%
2011-06-29,15.748,-1.63%
2011-06-28,15.619,-5.47%
2011-06-27,15.419,-6.86%
2011-06-24,15.279,-7.44%
2011-06-23,15.460,-7.92%
2011-06-22,15.504,-7.94%
2011-06-21,15.605,-8.83%
2011-06-20,15.398,-10.38%
2011-06-17,15.316,-10.74%
2011-06-16,15.269,-10.90%
2011-06-15,15.242,-11.11%
2011-06-14,15.513,-7.40%
2011-06-13,15.320,-8.72%
2011-06-10,15.309,-8.38%
2011-06-09,15.526,-4.34%
2011-06-08,15.413,-5.60%
2011-06-07,15.477,-4.17%
2011-06-06,15.492,-5.38%
2011-06-03,15.661,-7.64%
2011-06-02,15.815,-6.35%
2011-06-01,15.350,-4.95%
2011-05-31,16.203,-6.31%
2011-05-27,16.201,-7.49%
2011-05-26,16.135,-4.83%
2011-05-25,16.072,-5.74%
2011-05-24,16.021,-6.01%
2011-05-23,16.034,-7.15%
2011-05-20,16.228,-4.61%
2011-05-19,16.353,-7.62%
2011-05-18,16.318,-8.29%
2011-05-17,16.176,-10.38%
2011-05-16,16.181,-10.26%
2011-05-13,16.282,-11.39%
2011-05-12,16.415,-11.75%
2011-05-11,16.335,-10.98%
2011-05-10,16.519,-10.28%
2011-05-09,16.386,-7.09%
2011-05-06,16.312,-8.92%
2011-05-05,16.250,-12.20%
2011-05-04,16.399,-11.98%
2011-05-03,16.512,-13.49%
2011-05-02,16.568,-4.23%
2011-05-01,16.120,-6.82%
2011-04-29,16.771,-15.32%
2011-04-28,16.732,-14.43%
2011-04-27,16.673,-14.18%
2011-04-26,16.569,-16.71%
2011-04-25,16.422,-17.80%
2011-04-21,16.448,-16.90%
2011-04-20,16.362,-17.41%
2011-04-19,16.143,-17.86%
2011-04-18,16.051,-17.96%
2011-04-15,16.230,-18.38%
2011-04-14,16.167,-18.64%
2011-04-13,16.165,-17.74%
2011-04-12,16.162,-17.70%
2011-04-11,16.289,-16.90%
2011-04-08,16.335,-16.11%
2011-04-07,16.400,-15.49%
2011-04-06,16.425,-15.86%
2011-04-05,16.389,-15.91%
2011-04-04,16.392,-13.77%
2011-04-01,16.210,-14.73%
2011-03-31,16.306,-15.04%
2011-03-30,16.605,-18.47%
2011-03-29,16.495,-19.00%
2011-03-28,16.379,-19.12%
2011-03-25,16.425,-18.83%
2011-03-24,16.373,-19.22%
2011-03-23,16.221,-20.41%
2011-03-22,16.174,-20.07%
2011-03-21,16.232,-19.38%
2011-03-18,15.992,-20.98%
2011-03-17,15.923,-21.34%
2011-03-16,15.713,-21.93%
2011-03-15,16.025,-19.76%
2011-03-14,16.207,-18.81%
2011-03-11,16.306,-18.33%
2011-03-10,16.191,-18.58%
2011-03-09,16.502,-16.64%
2011-03-08,16.525,-16.38%
2011-03-07,16.379,-17.14%
2011-03-04,16.516,-15.27%
2011-03-03,16.639,-14.32%
2011-03-02,16.358,-15.73%
2011-03-01,16.040,-15.18%
2011-02-28,16.592,-18.44%
2011-02-25,16.777,-17.42%
2011-02-24,16.602,-18.45%
2011-02-23,16.619,-17.57%
2011-02-22,16.721,-18.07%
2011-02-18,17.071,-16.26%
2011-02-17,17.039,-15.87%
2011-02-16,16.986,-15.77%
2011-02-15,16.881,-14.79%
2011-02-14,16.936,-14.51%
2011-02-11,16.895,-14.95%
2011-02-10,16.803,-14.60%
2011-02-09,16.790,-14.85%
2011-02-08,16.837,-13.50%
2011-02-07,16.767,-14.62%
2011-02-04,16.663,-14.91%
2011-02-03,16.615,-17.79%
2011-02-02,16.576,-18.44%
2011-02-01,16.520,-12.64%
2011-01-31,16.348,-22.41%
2011-01-28,16.501,-22.45%
2011-01-27,16.801,-21.97%
2011-01-26,16.763,-21.77%
2011-01-25,16.693,-22.42%
2011-01-24,16.688,-22.09%
2011-01-21,16.591,-24.26%
2011-01-20,16.552,-25.87%
2011-01-19,16.573,-26.56%
2011-01-18,16.742,-24.88%
2011-01-14,16.719,-25.80%
2011-01-13,16.597,-26.16%
2011-01-12,16.625,-25.42%
2011-01-11,16.477,-26.78%
2011-01-10,16.416,-26.92%
2011-01-07,16.438,-26.61%
2011-01-06,16.469,-26.18%
2011-01-05,16.504,-25.98%
2011-01-04,16.421,-26.13%
2011-01-03,16.443,-20.57%
2011-01-01,16.300,-21.26%
2010-12-31,16.259,-25.68%
2010-12-30,16.656,-43.57%
2010-12-29,16.681,-43.48%
2010-12-28,16.665,-43.61%
2010-12-27,16.652,-43.59%
2010-12-23,16.642,-43.33%
2010-12-22,16.669,-43.11%
2010-12-21,16.613,-43.09%
2010-12-20,16.513,-42.84%
2010-12-17,16.471,-42.66%
2010-12-16,16.457,-43.38%
2010-12-15,16.356,-43.67%
2010-12-14,16.441,-43.69%
2010-12-13,16.426,-43.35%
2010-12-10,16.425,-43.14%
2010-12-09,16.327,-43.15%
2010-12-08,16.264,-43.16%
2010-12-07,16.204,-43.95%
2010-12-06,16.196,-44.12%
2010-12-03,16.217,-43.74%
2010-12-02,16.175,-44.35%
2010-12-01,16.050,-26.31%
2010-11-30,15.632,-45.55%
2010-11-29,16.118,-62.57%
2010-11-26,16.141,-63.16%
2010-11-24,16.262,-62.71%
2010-11-23,16.023,-63.28%
2010-11-22,16.255,-62.24%
2010-11-19,16.281,-62.30%
2010-11-18,16.240,-62.90%
2010-11-17,15.994,-63.48%
2010-11-16,15.991,-63.46%
2010-11-15,16.254,-62.32%
2010-11-12,16.274,-62.06%
2010-11-11,16.468,-62.00%
2010-11-10,16.538,-61.64%
2010-11-09,16.466,-61.81%
2010-11-08,16.600,-60.65%
2010-11-05,16.635,-60.46%
2010-11-04,16.570,-59.86%
2010-11-03,16.257,-60.58%
2010-11-02,16.197,-60.63%
2010-11-01,15.880,-44.30%
2010-10-29,16.466,-80.63%
2010-10-28,16.473,-80.19%
2010-10-27,16.455,-80.60%
2010-10-26,16.499,-80.61%
2010-10-25,16.499,-80.84%
2010-10-22,16.464,-81.11%
2010-10-21,16.424,-80.95%
2010-10-20,16.395,-81.16%
2010-10-19,16.225,-81.47%
2010-10-18,16.486,-80.99%
2010-10-15,16.368,-81.28%
2010-10-14,16.335,-81.24%
2010-10-13,16.394,-80.84%
2010-10-12,16.278,-81.03%
2010-10-11,16.217,-81.02%
2010-10-08,16.214,-80.92%
2010-10-07,16.116,-80.89%
2010-10-06,16.142,-80.81%
2010-10-05,16.153,-80.53%
2010-10-04,15.823,-80.65%
2010-10-01,15.900,-62.25%
2010-09-30,15.881,-81.16%
2010-09-29,16.290,-83.32%
2010-09-28,16.333,-83.31%
2010-09-27,16.254,-83.10%
2010-09-24,16.347,-83.11%
2010-09-23,16.007,-83.61%
2010-09-22,16.142,-83.64%
2010-09-21,16.220,-83.45%
2010-09-20,16.262,-83.47%
2010-09-17,16.018,-83.67%
2010-09-16,16.005,-83.74%
2010-09-15,16.011,-83.48%
2010-09-14,15.954,-83.49%
2010-09-13,15.966,-83.37%
2010-09-10,15.790,-83.58%
2010-09-09,15.713,-83.49%
2010-09-08,15.638,-83.44%
2010-09-07,15.538,-83.40%
2010-09-03,15.718,-82.99%
2010-09-02,15.513,-83.06%
2010-09-01,15.610,-81.26%
2010-08-31,14.933,-84.11%
2010-08-30,15.270,-86.36%
2010-08-27,15.498,-86.19%
2010-08-26,15.246,-86.37%
2010-08-25,15.364,-86.27%
2010-08-24,15.313,-86.28%
2010-08-23,15.539,-86.08%
2010-08-20,15.602,-85.77%
2010-08-19,15.659,-85.56%
2010-08-18,15.929,-85.21%
2010-08-17,15.905,-85.08%
2010-08-16,15.714,-85.62%
2010-08-13,15.712,-85.74%
2010-08-12,15.775,-85.59%
2010-08-11,15.861,-85.34%
2010-08-10,16.321,-85.11%
2010-08-09,16.419,-85.07%
2010-08-06,16.329,-84.95%
2010-08-05,16.390,-84.98%
2010-08-04,16.411,-85.00%
2010-08-03,16.312,-85.05%
2010-08-02,16.390,-82.37%
2010-08-01,15.470,-83.36%
2010-07-30,16.417,-87.51%
2010-07-29,16.416,-87.36%
2010-07-28,16.485,-87.36%
2010-07-27,16.600,-87.31%
2010-07-26,16.617,-87.26%
2010-07-23,16.433,-87.36%
2010-07-22,16.299,-87.17%
2010-07-21,15.940,-87.46%
2010-07-20,16.147,-87.25%
2010-07-19,15.965,-87.25%
2010-07-16,15.870,-87.33%
2010-07-15,16.341,-86.84%
2010-07-14,16.321,-86.47%
2010-07-13,16.324,-86.39%
2010-07-12,16.077,-86.27%
2010-07-09,16.065,-86.33%
2010-07-08,15.950,-86.38%
2010-07-07,15.801,-86.53%
2010-07-06,15.321,-87.20%
2010-07-02,15.240,-87.23%
2010-07-01,15.720,-84.56%
2010-06-30,15.361,-87.45%
2010-06-29,16.009,-87.41%
2010-06-28,16.522,-86.89%
2010-06-25,16.555,-86.89%
2010-06-24,16.508,-86.64%
2010-06-23,16.790,-86.33%
2010-06-22,16.841,-86.25%
2010-06-21,17.116,-86.46%
2010-06-18,17.182,-86.36%
2010-06-17,17.159,-86.26%
2010-06-16,17.137,-86.30%
2010-06-15,17.147,-86.47%
2010-06-14,16.753,-87.09%
2010-06-11,16.784,-87.05%
2010-06-10,16.710,-87.03%
2010-06-09,16.231,-87.44%
2010-06-08,16.328,-87.33%
2010-06-07,16.151,-87.48%
2010-06-04,16.373,-87.34%
2010-06-03,16.956,-86.73%
2010-06-02,16.888,-86.97%
2010-06-01,16.150,-86.90%
2010-05-28,17.295,-86.50%
2010-05-27,17.512,-86.12%
2010-05-26,16.954,-86.81%
2010-05-25,17.051,-86.39%
2010-05-24,17.045,-86.39%
2010-05-21,17.268,-86.24%
2010-05-20,17.012,-86.67%
2010-05-19,17.702,-86.20%
2010-05-18,17.793,-86.15%
2010-05-17,18.050,-85.53%
2010-05-14,18.030,-85.71%
2010-05-13,18.375,-85.28%
2010-05-12,18.601,-85.50%
2010-05-11,18.349,-85.71%
2010-05-10,18.411,-85.97%
2010-05-07,17.636,-86.24%
2010-05-06,17.910,-86.21%
2010-05-05,18.509,-85.50%
2010-05-04,18.632,-85.46%
2010-05-03,19.087,-84.58%
2010-05-01,17.300,-86.02%
2010-04-30,18.839,-84.72%
2010-04-29,19.806,-84.45%
2010-04-28,19.553,-84.31%
2010-04-27,19.427,-84.46%
2010-04-26,19.892,-84.25%
2010-04-23,19.978,-83.91%
2010-04-22,19.837,-83.87%
2010-04-21,19.792,-84.03%
2010-04-20,19.812,-83.67%
2010-04-19,19.654,-84.50%
2010-04-16,19.566,-84.49%
2010-04-15,19.886,-83.99%
2010-04-14,19.870,-83.80%
2010-04-13,19.650,-84.30%
2010-04-12,19.637,-84.27%
2010-04-09,19.602,-84.30%
2010-04-08,19.472,-83.81%
2010-04-07,19.407,-83.68%
2010-04-06,19.521,-83.97%
2010-04-05,19.489,-84.13%
2010-04-01,19.010,-84.13%
2010-03-31,19.193,-83.50%
2010-03-30,20.366,-75.35%
2010-03-29,20.365,-76.21%
2010-03-26,20.250,-76.83%
2010-03-25,20.235,-76.31%
2010-03-24,20.269,-76.04%
2010-03-23,20.381,-76.40%
2010-03-22,20.236,-74.91%
2010-03-19,20.134,-75.53%
2010-03-18,20.237,-75.72%
2010-03-17,20.243,-75.21%
2010-03-16,20.126,-74.56%
2010-03-15,19.971,-74.84%
2010-03-12,19.962,-74.66%
2010-03-11,19.966,-73.62%
2010-03-10,19.886,-73.66%
2010-03-09,19.796,-72.11%
2010-03-08,19.762,-72.44%
2010-03-05,19.766,-72.40%
2010-03-04,19.493,-73.94%
2010-03-03,19.420,-73.42%
2010-03-02,19.412,-73.60%
2010-03-01,18.910,-82.87%
2010-02-26,20.344,-67.00%
2010-02-25,20.316,-67.57%
2010-02-24,20.358,-67.85%
2010-02-23,20.162,-66.88%
2010-02-22,20.409,-67.64%
2010-02-19,20.430,-67.98%
2010-02-18,20.386,-68.43%
2010-02-17,20.253,-68.66%
2010-02-16,20.167,-70.22%
2010-02-12,19.810,-71.04%
2010-02-11,19.865,-70.91%
2010-02-10,19.675,-70.96%
2010-02-09,19.719,-72.32%
2010-02-08,19.465,-72.64%
2010-02-05,19.639,-71.65%
2010-02-04,19.582,-71.27%
2010-02-03,20.211,-70.57%
2010-02-02,20.323,-69.94%
2010-02-01,18.910,-77.62%
2010-01-29,21.069,-62.90%
2010-01-28,21.278,-63.78%
2010-01-27,21.532,-62.11%
2010-01-26,21.428,-61.89%
2010-01-25,21.518,-61.51%
2010-01-22,21.420,-61.48%
2010-01-21,21.905,-61.21%
2010-01-20,22.328,-58.74%
2010-01-19,22.567,-60.50%
2010-01-15,22.288,-60.69%
2010-01-14,22.532,-60.21%
2010-01-13,22.478,-61.63%
2010-01-12,22.292,-61.88%
2010-01-11,22.503,-62.39%
2010-01-08,22.464,-63.26%
2010-01-07,22.399,-63.24%
2010-01-06,22.310,-64.48%
2010-01-05,22.298,-64.23%
2010-01-04,22.229,-64.50%
2010-01-01,20.700,-70.80%
2009-12-31,21.878,-63.96%
2009-12-30,29.518,-16.35%
2009-12-29,29.513,-14.32%
2009-12-28,29.554,-14.53%
2009-12-24,29.520,-14.18%
2009-12-23,29.366,-14.13%
2009-12-22,29.298,-15.16%
2009-12-21,29.194,-17.01%
2009-12-18,28.891,-17.63%
2009-12-17,28.723,-19.84%
2009-12-16,29.067,-19.66%
2009-12-15,29.034,-15.63%
2009-12-14,29.196,-16.24%
2009-12-11,28.994,-16.23%
2009-12-10,28.888,-18.92%
2009-12-09,28.720,-18.43%
2009-12-08,28.615,-20.61%
2009-12-07,28.911,-16.71%
2009-12-04,28.983,-13.45%
2009-12-03,28.824,-16.45%
2009-12-02,29.068,-13.57%
2009-12-01,21.780,-63.07%
2009-11-30,28.711,+14.01%
2009-11-27,43.057,+72.63%
2009-11-25,43.812,+81.86%
2009-11-24,43.615,+82.23%
2009-11-23,43.639,+94.13%
2009-11-20,43.052,+103.63%
2009-11-19,43.191,+90.58%
2009-11-18,43.779,+81.36%
2009-11-17,43.800,+83.23%
2009-11-16,43.759,+78.33%
2009-11-13,43.135,+68.46%
2009-11-12,42.889,+79.09%
2009-11-11,43.334,+71.57%
2009-11-10,43.117,+66.94%
2009-11-09,43.120,+64.84%
2009-11-06,42.181,+65.90%
2009-11-05,42.076,+57.17%
2009-11-04,41.282,+46.08%
2009-11-03,41.239,+51.89%
2009-11-02,41.139,+17.57%
2009-11-01,28.510,-18.52%
2009-10-30,82.631,+297.95%
2009-10-29,85.017,+320.02%
2009-10-28,83.144,+306.21%
2009-10-27,84.801,+359.00%
2009-10-26,85.084,+345.91%
2009-10-23,86.093,+335.63%
2009-10-22,87.154,+346.58%
2009-10-21,86.236,+314.90%
2009-10-20,87.006,+305.72%
2009-10-19,87.553,+327.73%
2009-10-16,86.737,+321.11%
2009-10-15,87.445,+342.60%
2009-10-14,87.083,+300.95%
2009-10-13,85.581,+291.93%
2009-10-12,85.821,+338.53%
2009-10-09,85.446,+331.50%
2009-10-08,84.967,+296.39%
2009-10-07,84.337,+288.99%
2009-10-06,84.108,+265.67%
2009-10-05,82.971,+246.84%
2009-10-02,81.755,+237.13%
2009-10-01,42.120,+54.74%
2009-09-30,84.297,+232.10%
2009-09-29,97.662,+321.57%
2009-09-28,97.880,+285.38%
2009-09-25,96.168,+279.84%
2009-09-24,96.757,+289.68%
2009-09-23,97.686,+292.64%
2009-09-22,98.680,+290.44%
2009-09-21,98.035,+273.05%
2009-09-18,98.370,+289.40%
2009-09-17,98.111,+305.20%
2009-09-16,98.413,+287.30%
2009-09-15,96.927,+288.13%
2009-09-14,96.624,+268.68%
2009-09-11,96.016,+267.13%
2009-09-10,96.145,+272.71%
2009-09-09,95.154,+271.13%
2009-09-08,94.419,+255.69%
2009-09-04,93.591,+261.40%
2009-09-03,92.379,+246.04%
2009-09-02,91.598,+242.42%
2009-09-01,83.300,+214.58%
2009-08-31,93.980,+263.08%
2009-08-28,111.962,+326.60%
2009-08-27,112.185,+333.80%
2009-08-26,111.874,+336.05%
2009-08-25,111.861,+337.61%
2009-08-24,111.596,+328.01%
2009-08-21,111.657,+333.10%
2009-08-20,109.616,+326.24%
2009-08-19,108.429,+324.23%
2009-08-18,107.690,+317.42%
2009-08-17,106.608,+306.98%
2009-08-14,109.259,+318.81%
2009-08-13,110.199,+324.74%
2009-08-12,109.446,+320.61%
2009-08-11,108.199,+310.81%
2009-08-10,109.587,+318.96%
2009-08-07,109.954,+330.42%
2009-08-06,108.496,+317.08%
2009-08-05,109.110,+320.85%
2009-08-04,109.429,+334.21%
2009-08-03,109.100,+306.63%
2009-08-01,92.980,+246.55%
2009-07-31,107.452,+320.18%
2009-07-30,131.391,+425.56%
2009-07-29,129.847,+428.05%
2009-07-28,130.442,+442.85%
2009-07-27,130.783,+434.16%
2009-07-24,130.394,+434.77%
2009-07-23,129.999,+420.83%
2009-07-22,127.040,+411.04%
2009-07-21,127.108,+418.22%
2009-07-20,126.648,+416.07%
2009-07-17,125.217,+410.38%
2009-07-16,125.265,+416.71%
2009-07-15,124.192,+425.12%
2009-07-14,120.618,+404.45%
2009-07-13,119.980,+397.24%
2009-07-10,117.061,+379.78%
2009-07-09,117.534,+385.08%
2009-07-08,117.119,+372.35%
2009-07-07,117.314,+381.23%
2009-07-06,119.670,+386.78%
2009-07-02,119.364,+386.05%
2009-07-01,101.830,+301.38%
2009-06-30,122.413,+391.28%
2009-06-29,127.192,+441.06%
2009-06-26,126.049,+434.20%
2009-06-25,126.236,+419.28%
2009-06-24,123.586,+411.34%
2009-06-23,122.785,+406.60%
2009-06-22,122.502,+405.45%
2009-06-19,126.369,+411.76%
2009-06-18,125.977,+412.08%
2009-06-17,124.926,+402.88%
2009-06-16,125.099,+400.16%
2009-06-15,126.711,+406.64%
2009-06-12,129.796,+426.79%
2009-06-11,129.615,+427.79%
2009-06-10,128.827,+415.70%
2009-06-09,129.277,+416.24%
2009-06-08,128.826,+414.85%
2009-06-05,128.956,+399.46%
2009-06-04,129.281,+410.49%
2009-06-03,127.813,+404.51%
2009-06-02,129.594,+408.59%
2009-06-01,123.320,+372.31%
2009-05-29,129.822,+432.76%
2009-05-28,128.083,+428.42%
2009-05-27,126.138,+422.46%
2009-05-26,128.578,+436.21%
2009-05-22,125.282,+415.56%
2009-05-21,125.470,+417.68%
2009-05-20,127.609,+418.06%
2009-05-19,128.267,+415.90%
2009-05-18,128.490,+417.25%
2009-05-15,124.701,+402.62%
2009-05-14,126.140,+413.81%
2009-05-13,124.847,+410.58%
2009-05-12,128.298,+424.50%
2009-05-11,128.424,+430.81%
2009-05-08,131.247,+438.83%
2009-05-07,128.162,+428.09%
2009-05-06,129.877,+425.46%
2009-05-05,127.655,+420.42%
2009-05-04,128.141,+420.03%
2009-05-01,123.790,+379.81%
2009-04-30,123.278,+410.51%
2009-04-29,127.353,+452.92%
2009-04-28,124.659,+439.11%
2009-04-27,125.001,+440.03%
2009-04-24,126.273,+449.06%
2009-04-23,124.187,+443.49%
2009-04-22,122.966,+439.70%
2009-04-21,123.918,+439.08%
2009-04-20,121.340,+427.04%
2009-04-17,126.764,+460.60%
2009-04-16,126.137,+458.18%
2009-04-15,124.207,+462.10%
2009-04-14,122.668,+457.68%
2009-04-13,125.179,+467.19%
2009-04-09,124.863,+456.70%
2009-04-08,120.286,+431.96%
2009-04-07,118.885,+423.08%
2009-04-06,121.790,+436.71%
2009-04-03,122.813,+441.65%
2009-04-02,121.630,+437.12%
2009-04-01,119.800,+401.68%
2009-03-31,116.308,+431.01%
2009-03-30,82.637,+291.57%
2009-03-27,85.618,+302.47%
2009-03-26,87.393,+306.10%
2009-03-25,85.402,+293.38%
2009-03-24,84.588,+290.53%
2009-03-23,86.350,+304.75%
2009-03-20,80.644,+278.01%
2009-03-19,82.271,+294.87%
2009-03-18,83.353,+290.36%
2009-03-17,81.650,+298.58%
2009-03-16,79.107,+282.71%
2009-03-13,79.386,+276.09%
2009-03-12,78.776,+275.11%
2009-03-11,75.694,+257.20%
2009-03-10,75.509,+269.54%
2009-03-09,70.990,+242.05%
2009-03-06,71.708,+242.61%
2009-03-05,71.621,+234.66%
2009-03-04,74.803,+251.37%
2009-03-03,73.067,+242.03%
2009-03-02,73.538,+237.18%
2009-03-01,110.370,+406.05%
2009-02-27,60.204,+180.29%
2009-02-26,61.657,+186.79%
2009-02-25,62.645,+193.41%
2009-02-24,63.320,+200.66%
2009-02-23,60.879,+189.07%
2009-02-20,63.067,+197.94%
2009-02-19,63.795,+203.89%
2009-02-18,64.572,+207.31%
2009-02-17,64.633,+207.60%
2009-02-13,67.718,+218.22%
2009-02-12,68.402,+225.82%
2009-02-11,68.283,+227.62%
2009-02-10,67.744,+226.95%
2009-02-09,71.244,+243.84%
2009-02-06,71.138,+244.58%
2009-02-05,69.275,+232.99%
2009-02-04,68.160,+217.16%
2009-02-03,68.674,+215.89%
2009-02-02,67.604,+210.97%
2009-02-01,84.490,+288.64%
2009-01-30,55.503,+170.92%
2009-01-29,56.797,+175.91%
2009-01-28,58.743,+187.13%
2009-01-27,56.835,+182.68%
2009-01-26,56.221,+179.62%
2009-01-23,55.911,+176.42%
2009-01-22,55.612,+180.84%
2009-01-21,56.468,+182.00%
2009-01-20,54.114,+170.25%
2009-01-16,57.132,+175.35%
2009-01-15,56.703,+171.74%
2009-01-14,56.628,+164.62%
2009-01-13,58.588,+176.75%
2009-01-12,58.485,+176.26%
2009-01-09,59.835,+181.02%
2009-01-08,61.138,+191.05%
2009-01-07,60.931,+184.74%
2009-01-06,62.816,+194.50%
2009-01-05,62.329,+192.21%
2009-01-02,62.621,+186.37%
2009-01-01,70.890,+230.34%
2008-12-31,60.702,+173.59%
2008-12-30,35.287,+67.83%
2008-12-29,34.446,+63.83%
2008-12-26,34.580,+62.36%
2008-12-24,34.396,+61.63%
2008-12-23,34.198,+62.00%
2008-12-22,34.534,+63.59%
2008-12-19,35.177,+70.24%
2008-12-18,35.074,+69.51%
2008-12-17,35.833,+74.27%
2008-12-16,36.180,+73.32%
2008-12-15,34.412,+64.85%
2008-12-12,34.855,+64.88%
2008-12-11,34.611,+64.71%
2008-12-10,35.628,+65.27%
2008-12-09,35.209,+64.55%
2008-12-08,36.042,+68.44%
2008-12-05,34.710,+64.36%
2008-12-04,33.487,+60.98%
2008-12-03,34.498,+64.75%
2008-12-02,33.630,+50.47%
2008-12-01,58.980,+163.89%
2008-11-28,25.182,+27.64%
2008-11-26,24.942,+31.98%
2008-11-25,24.091,+24.51%
2008-11-24,23.934,+23.70%
2008-11-21,22.479,+18.14%
2008-11-20,21.142,+9.35%
2008-11-19,22.663,+17.74%
2008-11-18,24.139,+23.21%
2008-11-17,23.904,+22.02%
2008-11-14,24.538,+24.24%
2008-11-13,25.605,+28.73%
2008-11-12,23.948,+23.90%
2008-11-11,25.258,+29.38%
2008-11-10,25.828,+32.30%
2008-11-07,26.159,+32.00%
2008-11-06,25.425,+24.53%
2008-11-05,26.771,+32.70%
2008-11-04,28.259,+39.38%
2008-11-03,27.151,+33.91%
2008-11-01,34.990,+68.14%
2008-10-31,27.220,+30.82%
2008-10-30,20.764,+6.60%
2008-10-29,20.241,+3.24%
2008-10-28,20.468,+4.79%
2008-10-27,18.475,-5.42%
2008-10-24,19.081,-1.06%
2008-10-23,19.763,+2.22%
2008-10-22,19.516,+1.83%
2008-10-21,20.785,+8.87%
2008-10-20,21.445,+12.32%
2008-10-17,20.469,+4.39%
2008-10-16,20.597,+5.23%
2008-10-15,19.757,+0.27%
2008-10-14,21.719,+9.31%
2008-10-13,21.836,+9.89%
2008-10-10,19.570,-1.55%
2008-10-09,19.802,-0.56%
2008-10-08,21.435,+8.52%
2008-10-07,21.681,+9.41%
2008-10-06,23.001,+16.07%
2008-10-03,23.922,+22.13%
2008-10-02,24.250,+23.24%
2008-10-01,27.220,+31.62%
2008-09-30,25.383,+34.19%
2008-09-29,23.166,+22.47%
2008-09-26,25.398,+34.38%
2008-09-25,25.318,+34.68%
2008-09-24,24.830,+32.04%
2008-09-23,24.879,+31.61%
2008-09-22,25.274,+33.70%
2008-09-19,26.279,+38.71%
2008-09-18,25.262,+34.16%
2008-09-17,24.213,+32.34%
2008-09-16,25.410,+38.17%
2008-09-15,24.973,+35.80%
2008-09-12,26.208,+43.74%
2008-09-11,26.153,+43.45%
2008-09-10,25.796,+43.41%
2008-09-09,25.639,+42.36%
2008-09-08,26.545,+47.39%
2008-09-05,26.012,+42.59%
2008-09-04,25.897,+40.33%
2008-09-03,26.696,+40.14%
2008-09-02,26.750,+40.42%
2008-09-01,26.480,+39.00%
2008-08-29,25.884,+46.44%
2008-08-28,26.245,+51.73%
2008-08-27,25.861,+46.00%
2008-08-26,25.656,+43.61%
2008-08-25,25.562,+43.08%
2008-08-22,26.073,+47.47%
2008-08-21,25.781,+47.53%
2008-08-20,25.717,+47.32%
2008-08-19,25.559,+46.38%
2008-08-18,25.799,+47.75%
2008-08-15,26.195,+54.21%
2008-08-14,26.088,+51.44%
2008-08-13,25.945,+47.88%
2008-08-12,26.021,+48.23%
2008-08-11,26.338,+50.04%
2008-08-08,26.157,+44.65%
2008-08-07,25.546,+43.25%
2008-08-06,26.013,+46.78%
2008-08-05,25.926,+49.82%
2008-08-04,25.202,+45.63%
2008-08-01,26.830,+48.89%
2008-07-31,25.573,+45.52%
2008-07-30,25.000,+44.04%
2008-07-29,24.590,+43.13%
2008-07-28,24.029,+39.87%
2008-07-25,24.484,+36.96%
2008-07-24,24.383,+37.03%
2008-07-23,24.960,+37.50%
2008-07-22,24.859,+37.61%
2008-07-21,24.528,+35.78%
2008-07-18,24.541,+34.79%
2008-07-17,24.534,+34.47%
2008-07-16,24.243,+32.86%
2008-07-15,23.650,+29.36%
2008-07-14,23.911,+30.79%
2008-07-11,24.129,+34.91%
2008-07-10,24.399,+37.20%
2008-07-09,24.230,+34.32%
2008-07-08,24.795,+37.58%
2008-07-07,24.378,+35.27%
2008-07-03,24.584,+36.90%
2008-07-02,24.558,+37.26%
2008-07-01,25.370,+38.18%
2008-06-30,24.917,+39.77%
2008-06-27,23.508,+31.61%
2008-06-26,23.596,+33.29%
2008-06-25,24.310,+36.88%
2008-06-24,24.169,+35.64%
2008-06-23,24.237,+36.03%
2008-06-20,24.236,+35.09%
2008-06-19,24.693,+35.77%
2008-06-18,24.601,+35.51%
2008-06-17,24.842,+36.66%
2008-06-16,25.012,+37.59%
2008-06-13,25.010,+39.15%
2008-06-12,24.639,+39.17%
2008-06-11,24.558,+37.23%
2008-06-10,24.981,+39.73%
2008-06-09,25.042,+40.07%
2008-06-06,25.022,+39.07%
2008-06-05,25.819,+42.22%
2008-06-04,25.325,+38.75%
2008-06-03,25.334,+42.09%
2008-06-02,25.481,+42.91%
2008-06-01,26.110,+46.44%
2008-05-30,24.405,+33.55%
2008-05-29,24.368,+34.41%
2008-05-28,24.239,+33.92%
2008-05-27,24.143,+33.39%
2008-05-23,23.979,+31.90%
2008-05-22,24.300,+33.51%
2008-05-21,24.237,+33.08%
2008-05-20,24.632,+35.46%
2008-05-19,24.863,+36.73%
2008-05-16,24.841,+37.39%
2008-05-15,24.810,+38.39%
2008-05-14,24.550,+36.77%
2008-05-13,24.452,+35.98%
2008-05-12,24.461,+36.03%
2008-05-09,24.194,+33.94%
2008-05-08,24.358,+35.28%
2008-05-07,24.269,+34.63%
2008-05-06,24.717,+37.47%
2008-05-05,24.529,+36.42%
2008-05-02,24.641,+37.94%
2008-05-01,25.800,+43.97%
2008-04-30,24.148,+36.41%
2008-04-29,23.033,+28.19%
2008-04-28,23.123,+28.69%
2008-04-25,23.147,+28.70%
2008-04-24,22.998,+29.17%
2008-04-23,22.850,+28.30%
2008-04-22,22.784,+27.63%
2008-04-21,22.987,+28.77%
2008-04-18,23.023,+30.01%
2008-04-17,22.612,+27.77%
2008-04-16,22.598,+27.96%
2008-04-15,22.097,+26.46%
2008-04-14,21.996,+25.89%
2008-04-11,22.070,+27.54%
2008-04-10,22.529,+29.34%
2008-04-09,22.429,+29.10%
2008-04-08,22.612,+30.23%
2008-04-07,22.728,+30.90%
2008-04-04,22.692,+31.08%
2008-04-03,22.674,+31.13%
2008-04-02,22.645,+32.18%
2008-04-01,23.880,+36.61%
2008-03-31,21.903,+27.33%
2008-03-28,21.104,+23.00%
2008-03-27,21.273,+22.99%
2008-03-26,21.520,+23.66%
2008-03-25,21.710,+24.87%
2008-03-24,21.660,+24.58%
2008-03-20,21.334,+24.89%
2008-03-19,20.835,+22.75%
2008-03-18,21.353,+27.17%
2008-03-17,20.485,+22.00%
2008-03-14,20.670,+23.08%
2008-03-13,21.108,+26.53%
2008-03-12,21.001,+23.32%
2008-03-11,21.191,+24.77%
2008-03-10,20.433,+20.31%
2008-03-07,20.754,+23.15%
2008-03-06,20.930,+23.89%
2008-03-05,21.401,+28.64%
2008-03-04,21.289,+26.77%
2008-03-03,21.363,+27.21%
2008-03-01,21.810,+28.90%
2008-02-29,21.352,+26.19%
2008-02-28,21.287,+24.98%
2008-02-27,21.479,+25.98%
2008-02-26,21.499,+21.72%
2008-02-25,21.351,+20.74%
2008-02-22,21.060,+18.66%
2008-02-21,20.895,+17.63%
2008-02-20,21.168,+19.00%
2008-02-19,20.993,+18.35%
2008-02-15,21.012,+18.36%
2008-02-14,20.994,+18.38%
2008-02-13,21.280,+20.91%
2008-02-12,20.994,+20.19%
2008-02-11,20.842,+18.93%
2008-02-08,20.720,+17.40%
2008-02-07,20.808,+17.76%
2008-02-06,20.645,+17.00%
2008-02-05,20.804,+17.98%
2008-02-04,21.491,+21.76%
2008-02-01,21.740,+24.30%
2008-01-31,21.456,+22.42%
2008-01-30,20.487,+16.87%
2008-01-29,20.585,+18.11%
2008-01-28,20.459,+17.26%
2008-01-25,20.106,+15.10%
2008-01-24,20.430,+15.63%
2008-01-23,20.227,+15.46%
2008-01-22,19.802,+13.43%
2008-01-18,20.024,+14.43%
2008-01-17,20.146,+14.79%
2008-01-16,20.749,+18.11%
2008-01-15,20.867,+18.88%
2008-01-14,21.400,+21.92%
2008-01-11,21.170,+21.19%
2008-01-10,21.462,+23.64%
2008-01-09,21.292,+22.90%
2008-01-08,21.006,+21.19%
2008-01-07,21.399,+23.73%
2008-01-04,21.330,+22.58%
2008-01-03,21.867,+25.82%
2008-01-02,21.867,+25.96%
2008-01-01,21.460,+23.62%
2007-12-31,22.187,+25.98%
2007-12-28,21.025,+18.84%
2007-12-27,20.995,+18.50%
2007-12-26,21.298,+21.05%
2007-12-24,21.281,+21.48%
2007-12-21,21.110,+19.86%
2007-12-20,20.764,+17.46%
2007-12-19,20.663,+16.73%
2007-12-18,20.691,+17.14%
2007-12-17,20.562,+16.03%
2007-12-14,20.875,+17.93%
2007-12-13,21.166,+20.61%
2007-12-12,21.140,+20.61%
2007-12-11,21.013,+19.75%
2007-12-10,21.558,+23.14%
2007-12-07,21.397,+22.44%
2007-12-06,21.435,+22.17%
2007-12-05,21.118,+20.21%
2007-12-04,20.802,+18.88%
2007-12-03,20.939,+20.48%
2007-12-01,22.350,+28.60%
2007-11-30,21.063,+21.10%
2007-11-29,19.738,+12.20%
2007-11-28,19.729,+13.18%
2007-11-27,19.181,+10.42%
2007-11-26,18.899,+7.31%
2007-11-23,19.349,+9.46%
2007-11-21,19.027,+7.90%
2007-11-20,19.335,+9.83%
2007-11-19,19.249,+9.28%
2007-11-16,19.591,+11.34%
2007-11-15,19.489,+11.01%
2007-11-14,19.750,+12.77%
2007-11-13,19.891,+14.30%
2007-11-12,19.328,+11.34%
2007-11-09,19.523,+12.67%
2007-11-08,19.806,+13.70%
2007-11-07,19.818,+14.01%
2007-11-06,20.417,+17.71%
2007-11-05,20.174,+17.63%
2007-11-02,20.275,+17.96%
2007-11-01,20.810,+20.71%
2007-10-31,20.808,+20.12%
2007-10-30,19.479,+11.07%
2007-10-29,19.605,+11.84%
2007-10-26,19.533,+10.48%
2007-10-25,19.267,+9.52%
2007-10-24,19.286,+10.01%
2007-10-23,19.333,+10.31%
2007-10-22,19.165,+10.02%
2007-10-19,19.092,+9.74%
2007-10-18,19.594,+12.71%
2007-10-17,19.609,+12.95%
2007-10-16,19.574,+12.33%
2007-10-15,19.704,+13.37%
2007-10-12,19.870,+14.56%
2007-10-11,19.776,+15.10%
2007-10-10,19.879,+15.40%
2007-10-09,19.913,+15.83%
2007-10-08,19.753,+15.00%
2007-10-05,19.817,+15.06%
2007-10-04,19.629,+14.22%
2007-10-03,19.588,+15.36%
2007-10-02,19.677,+16.13%
2007-10-01,20.680,+20.65%
2007-09-28,18.916,+9.06%
2007-09-27,18.974,+9.61%
2007-09-26,18.900,+9.20%
2007-09-25,18.798,+9.42%
2007-09-24,18.805,+10.43%
2007-09-21,18.904,+10.74%
2007-09-20,18.817,+9.64%
2007-09-19,18.945,+10.96%
2007-09-18,18.830,+10.04%
2007-09-17,18.296,+7.03%
2007-09-14,18.390,+7.87%
2007-09-13,18.386,+7.70%
2007-09-12,18.233,+7.21%
2007-09-11,18.232,+8.32%
2007-09-10,17.987,+6.92%
2007-09-07,18.010,+7.46%
2007-09-06,18.319,+8.78%
2007-09-05,18.242,+7.25%
2007-09-04,18.454,+10.04%
2007-09-01,19.050,+13.60%
2007-08-31,18.263,+8.15%
2007-08-30,17.602,+2.37%
2007-08-29,17.676,+2.79%
2007-08-28,17.297,+0.78%
2007-08-27,17.713,+3.74%
2007-08-24,17.865,+4.55%
2007-08-23,17.661,+3.60%
2007-08-22,17.680,+3.25%
2007-08-21,17.475,+2.16%
2007-08-20,17.456,+1.67%
2007-08-17,17.461,+2.08%
2007-08-16,17.042,-0.22%
2007-08-15,16.987,+0.22%
2007-08-14,17.227,+3.03%
2007-08-13,17.545,+5.05%
2007-08-10,17.554,+4.69%
2007-08-09,17.547,+5.13%
2007-08-08,18.083,+7.87%
2007-08-07,17.833,+6.02%
2007-08-06,17.723,+5.07%
2007-08-03,17.305,+2.52%
2007-08-02,17.778,+5.47%
2007-08-01,18.020,+8.10%
2007-07-31,17.574,+4.41%
2007-07-30,17.356,+1.12%
2007-07-27,17.180,+1.31%
2007-07-26,17.459,+2.53%
2007-07-25,17.877,+4.95%
2007-07-24,17.794,+5.12%
2007-07-23,18.153,+9.03%
2007-07-20,18.065,+7.73%
2007-07-19,18.289,+8.14%
2007-07-18,18.207,+9.65%
2007-07-17,18.245,+10.09%
2007-07-16,18.247,+9.95%
2007-07-13,18.282,+9.62%
2007-07-12,18.225,+7.87%
2007-07-11,17.885,+4.69%
2007-07-10,17.783,+4.52%
2007-07-09,18.039,+6.18%
2007-07-06,18.022,+5.37%
2007-07-05,17.963,+5.29%
2007-07-03,17.957,+4.49%
2007-07-02,17.892,+7.72%
2007-07-01,18.360,+10.54%
2007-06-29,17.827,+3.47%
2007-06-28,17.855,+5.87%
2007-06-27,17.862,+6.49%
2007-06-26,17.703,+4.58%
2007-06-25,17.760,+5.43%
2007-06-22,17.818,+5.68%
2007-06-21,18.050,+6.50%
2007-06-20,17.940,+6.87%
2007-06-19,18.187,+8.35%
2007-06-18,18.155,+7.17%
2007-06-15,18.178,+6.91%
2007-06-14,18.060,+8.47%
2007-06-13,17.973,+8.51%
2007-06-12,17.704,+5.79%
2007-06-11,17.895,+5.58%
2007-06-08,17.878,+5.00%
2007-06-07,17.677,+3.96%
2007-06-06,17.993,+5.18%
2007-06-05,18.154,+6.00%
2007-06-04,18.252,+4.67%
2007-06-01,17.830,+6.00%
2007-05-31,18.150,+5.58%
2007-05-30,18.274,+6.29%
2007-05-29,18.129,+3.78%
2007-05-25,18.100,+4.20%
2007-05-24,18.002,+4.82%
2007-05-23,18.179,+6.01%
2007-05-22,18.201,+5.68%
2007-05-21,18.212,+5.33%
2007-05-18,18.184,+5.60%
2007-05-17,18.065,+4.21%
2007-05-16,18.081,+2.55%
2007-05-15,17.927,+1.48%
2007-05-14,17.950,+1.87%
2007-05-11,17.982,+0.90%
2007-05-10,17.811,-1.34%
2007-05-09,18.063,-0.11%
2007-05-08,18.005,-0.40%
2007-05-07,18.026,-0.36%
2007-05-04,17.980,+0.41%
2007-05-03,17.941,+0.53%
2007-05-02,17.864,-0.31%
2007-05-01,17.920,+2.63%
2007-04-30,17.702,-1.85%
2007-04-27,17.968,-0.31%
2007-04-26,17.971,+0.04%
2007-04-25,17.985,+0.40%
2007-04-24,17.804,-1.09%
2007-04-23,17.810,-1.30%
2007-04-20,17.851,-1.09%
2007-04-19,17.688,-1.88%
2007-04-18,17.709,-1.58%
2007-04-17,17.697,+0.06%
2007-04-16,17.660,-0.45%
2007-04-13,17.473,-1.50%
2007-04-12,17.412,-1.77%
2007-04-11,17.305,-2.25%
2007-04-10,17.419,-2.37%
2007-04-09,17.374,-2.54%
2007-04-05,17.363,-3.80%
2007-04-04,17.311,-3.67%
2007-04-03,17.291,-3.18%
2007-04-02,17.132,-3.59%
2007-04-01,17.480,-1.63%
2007-03-30,17.202,-5.12%
2007-03-29,17.222,-5.20%
2007-03-28,17.158,-4.85%
2007-03-27,17.296,-4.69%
2007-03-26,17.403,-4.21%
2007-03-23,17.386,-4.20%
2007-03-22,17.367,-4.56%
2007-03-21,17.373,-3.95%
2007-03-20,17.082,-6.13%
2007-03-19,16.974,-6.87%
2007-03-16,16.791,-7.74%
2007-03-15,16.856,-7.22%
2007-03-14,16.794,-7.17%
2007-03-13,16.682,-6.83%
2007-03-12,17.029,-4.70%
2007-03-09,16.984,-4.26%
2007-03-08,16.972,-4.79%
2007-03-07,16.852,-5.27%
2007-03-06,16.894,-5.21%
2007-03-05,16.636,-7.31%
2007-03-02,16.794,-6.57%
2007-03-01,16.920,-4.94%
2007-02-28,17.032,-4.61%
2007-02-27,17.049,-6.75%
2007-02-26,17.662,-3.05%
2007-02-23,17.684,-2.80%
2007-02-22,17.748,-2.82%
2007-02-21,17.763,-2.01%
2007-02-20,17.788,-2.19%
2007-02-16,17.738,-2.63%
2007-02-15,17.753,-1.83%
2007-02-14,17.735,-1.59%
2007-02-13,17.600,-1.36%
2007-02-12,17.467,-2.42%
2007-02-09,17.524,-1.85%
2007-02-08,17.649,-1.30%
2007-02-07,17.670,-0.33%
2007-02-06,17.646,-1.27%
2007-02-05,17.633,-1.27%
2007-02-02,17.650,-1.70%
2007-02-01,17.490,-1.74%
2007-01-31,17.527,-3.09%
2007-01-30,17.529,-4.76%
2007-01-29,17.429,-5.19%
2007-01-26,17.448,-4.35%
2007-01-25,17.469,-3.54%
2007-01-24,17.668,-2.61%
2007-01-23,17.519,-3.20%
2007-01-22,17.457,-3.37%
2007-01-19,17.550,-4.63%
2007-01-18,17.499,-4.38%
2007-01-17,17.551,-4.47%
2007-01-16,17.567,-4.73%
2007-01-12,17.553,-4.69%
2007-01-11,17.468,-5.75%
2007-01-10,17.358,-6.02%
2007-01-09,17.324,-6.24%
2007-01-08,17.333,-5.84%
2007-01-05,17.295,-5.17%
2007-01-04,17.401,-4.58%
2007-01-03,17.379,-4.35%
2007-01-01,17.360,-3.93%
2006-12-29,17.612,-3.53%
2006-12-28,17.692,-3.38%
2006-12-27,17.718,-3.12%
2006-12-26,17.595,-4.71%
2006-12-22,17.518,-5.08%
2006-12-21,17.612,-4.17%
2006-12-20,17.677,-3.57%
2006-12-19,17.702,-3.46%
2006-12-18,17.664,-4.23%
2006-12-15,17.721,-4.20%
2006-12-14,17.701,-4.44%
2006-12-13,17.549,-4.86%
2006-12-12,17.528,-4.45%
2006-12-11,17.547,-4.27%
2006-12-08,17.507,-4.21%
2006-12-07,17.475,-4.51%
2006-12-06,17.545,-4.61%
2006-12-05,17.568,-4.36%
2006-12-04,17.498,-4.96%
2006-12-01,17.380,-3.82%
2006-11-30,17.393,-4.36%
2006-11-29,17.592,-5.44%
2006-11-28,17.432,-6.30%
2006-11-27,17.371,-7.42%
2006-11-24,17.611,-5.95%
2006-11-22,17.676,-5.27%
2006-11-21,17.634,-5.02%
2006-11-20,17.605,-4.67%
2006-11-17,17.614,-4.20%
2006-11-16,17.596,-3.40%
2006-11-15,17.556,-3.45%
2006-11-14,17.514,-4.05%
2006-11-13,17.403,-4.74%
2006-11-10,17.359,-4.68%
2006-11-09,17.327,-4.06%
2006-11-08,17.419,-3.38%
2006-11-07,17.383,-3.92%
2006-11-06,17.345,-3.92%
2006-11-03,17.150,-4.98%
2006-11-02,17.188,-4.36%
2006-11-01,17.240,-4.28%
2006-10-31,17.322,-3.00%
2006-10-30,17.538,-2.72%
2006-10-27,17.530,-1.16%
2006-10-26,17.680,-1.36%
2006-10-25,17.592,-2.27%
2006-10-24,17.531,-2.84%
2006-10-23,17.526,-1.24%
2006-10-20,17.419,-1.69%
2006-10-19,17.398,-3.29%
2006-10-18,17.385,-1.91%
2006-10-17,17.361,-3.03%
2006-10-16,17.425,-2.39%
2006-10-13,17.381,-1.83%
2006-10-12,17.345,-2.10%
2006-10-11,17.181,-3.62%
2006-10-10,17.226,-3.57%
2006-10-09,17.191,-4.45%
2006-10-06,17.177,-4.17%
2006-10-05,17.223,-4.31%
2006-10-04,17.185,-5.94%
2006-10-03,16.980,-7.99%
2006-10-02,16.944,-3.95%
2006-10-01,17.140,-2.83%
2006-09-29,17.302,-7.83%
2006-09-28,17.344,-6.79%
2006-09-27,17.311,-6.87%
2006-09-26,17.308,-6.89%
2006-09-25,17.179,-7.55%
2006-09-22,17.029,-8.31%
2006-09-21,17.071,-7.75%
2006-09-20,17.163,-8.10%
2006-09-19,17.074,-9.29%
2006-09-18,17.112,-9.59%
2006-09-15,17.095,-8.94%
2006-09-14,17.048,-9.15%
2006-09-13,17.071,-9.32%
2006-09-12,17.007,-10.34%
2006-09-11,16.831,-11.34%
2006-09-08,16.823,-10.67%
2006-09-07,16.760,-11.35%
2006-09-06,16.841,-10.70%
2006-09-05,17.009,-8.67%
2006-09-01,16.770,-9.06%
2006-08-31,16.887,-9.50%
2006-08-30,17.195,-8.46%
2006-08-29,17.196,-8.75%
2006-08-28,17.163,-8.38%
2006-08-25,17.074,-9.40%
2006-08-24,17.087,-9.13%
2006-08-23,17.047,-9.93%
2006-08-22,17.124,-9.84%
2006-08-21,17.106,-9.78%
2006-08-18,17.169,-9.39%
2006-08-17,17.106,-9.82%
2006-08-16,17.079,-9.89%
2006-08-15,16.949,-11.63%
2006-08-14,16.720,-12.58%
2006-08-11,16.701,-13.21%
2006-08-10,16.767,-12.25%
2006-08-09,16.690,-12.81%
2006-08-08,16.763,-11.83%
2006-08-07,16.820,-11.78%
2006-08-04,16.867,-12.20%
2006-08-03,16.879,-12.79%
2006-08-02,16.856,-12.84%
2006-08-01,16.670,-10.95%
2006-07-31,16.831,-13.73%
2006-07-28,17.164,-12.70%
2006-07-27,16.958,-13.26%
2006-07-26,17.028,-12.51%
2006-07-25,17.034,-12.32%
2006-07-24,16.927,-13.20%
2006-07-21,16.650,-14.16%
2006-07-20,16.769,-14.12%
2006-07-19,16.912,-12.97%
2006-07-18,16.604,-13.98%
2006-07-17,16.573,-14.62%
2006-07-14,16.596,-14.40%
2006-07-13,16.677,-13.76%
2006-07-12,16.896,-12.55%
2006-07-11,17.083,-11.38%
2006-07-10,17.014,-11.19%
2006-07-07,16.989,-10.28%
2006-07-06,17.104,-9.45%
2006-07-05,17.061,-10.43%
2006-07-03,17.186,-9.55%
2006-07-01,16.610,-12.58%
2006-06-30,17.052,-9.45%
2006-06-29,17.229,-10.61%
2006-06-28,16.865,-12.63%
2006-06-27,16.773,-12.31%
2006-06-26,16.927,-11.57%
2006-06-23,16.845,-12.67%
2006-06-22,16.860,-13.54%
2006-06-21,16.949,-13.06%
2006-06-20,16.786,-14.08%
2006-06-19,16.786,-14.14%
2006-06-16,16.940,-12.92%
2006-06-15,17.003,-12.28%
2006-06-14,16.649,-13.91%
2006-06-13,16.563,-14.14%
2006-06-12,16.735,-13.05%
2006-06-09,16.950,-12.14%
2006-06-08,17.027,-11.28%
2006-06-07,17.003,-11.59%
2006-06-06,17.107,-11.07%
2006-06-05,17.126,-10.86%
2006-06-02,17.437,-9.87%
2006-06-01,16.820,-11.47%
2006-05-31,17.191,-10.19%
2006-05-30,17.192,-12.19%
2006-05-26,17.469,-10.69%
2006-05-25,17.370,-10.63%
2006-05-24,17.175,-11.93%
2006-05-23,17.148,-12.05%
2006-05-22,17.223,-11.33%
2006-05-19,17.290,-11.12%
2006-05-18,17.219,-11.07%
2006-05-17,17.335,-9.57%
2006-05-16,17.632,-7.39%
2006-05-15,17.665,-6.28%
2006-05-12,17.621,-6.94%
2006-05-11,17.821,-6.82%
2006-05-10,18.052,-5.22%
2006-05-09,18.083,-6.08%
2006-05-08,18.077,-5.50%
2006-05-05,18.092,-5.53%
2006-05-04,17.907,-6.74%
2006-05-03,17.847,-5.89%
2006-05-02,17.920,-5.58%
2006-05-01,17.460,-7.77%
2006-04-28,18.035,-5.00%
2006-04-27,18.023,-6.14%
2006-04-26,17.964,-6.08%
2006-04-25,17.913,-7.18%
2006-04-24,18.001,-5.91%
2006-04-21,18.044,-6.32%
2006-04-20,18.047,-4.46%
2006-04-19,18.026,-5.84%
2006-04-18,17.994,-5.44%
2006-04-17,17.687,-6.78%
2006-04-13,17.739,-8.99%
2006-04-12,17.726,-10.13%
2006-04-11,17.704,-9.74%
2006-04-10,17.842,-9.04%
2006-04-07,17.827,-9.87%
2006-04-06,18.013,-8.39%
2006-04-05,18.048,-8.00%
2006-04-04,17.971,-7.98%
2006-04-03,17.859,-6.10%
2006-04-01,17.770,-6.57%
2006-03-31,17.818,-9.12%
2006-03-30,18.130,-8.44%
2006-03-29,18.166,-7.00%
2006-03-28,18.032,-8.39%
2006-03-27,18.148,-7.57%
2006-03-24,18.167,-7.48%
2006-03-23,18.149,-7.66%
2006-03-22,18.196,-7.35%
2006-03-21,18.087,-8.84%
2006-03-20,18.197,-8.74%
2006-03-17,18.227,-8.64%
2006-03-16,18.200,-8.61%
2006-03-15,18.168,-9.50%
2006-03-14,18.091,-10.56%
2006-03-13,17.905,-10.99%
2006-03-10,17.869,-11.84%
2006-03-09,17.739,-12.32%
2006-03-08,17.826,-12.79%
2006-03-07,17.790,-13.38%
2006-03-06,17.823,-12.99%
2006-03-03,17.948,-11.54%
2006-03-02,17.975,-11.38%
2006-03-01,17.800,-10.28%
2006-02-28,17.856,-11.49%
2006-02-27,18.284,-10.78%
2006-02-24,18.217,-10.28%
2006-02-23,18.194,-9.68%
2006-02-22,18.263,-8.84%
2006-02-21,18.127,-10.83%
2006-02-17,18.186,-10.48%
2006-02-16,18.217,-11.03%
2006-02-15,18.084,-11.66%
2006-02-14,18.021,-11.68%
2006-02-13,17.842,-12.50%
2006-02-10,17.900,-11.61%
2006-02-09,17.855,-11.46%
2006-02-08,17.881,-12.09%
2006-02-07,17.728,-12.80%
2006-02-06,17.873,-12.18%
2006-02-03,17.859,-11.28%
2006-02-02,17.955,-11.05%
2006-02-01,17.800,-11.49%
2006-01-31,18.085,-9.50%
2006-01-30,18.405,-8.00%
2006-01-27,18.384,-8.36%
2006-01-26,18.242,-9.03%
2006-01-25,18.111,-9.25%
2006-01-24,18.142,-8.72%
2006-01-23,18.099,-9.26%
2006-01-20,18.065,-10.01%
2006-01-19,18.402,-9.05%
2006-01-18,18.301,-10.41%
2006-01-17,18.372,-9.19%
2006-01-13,18.439,-8.31%
2006-01-12,18.417,-9.21%
2006-01-11,18.533,-8.28%
2006-01-10,18.469,-9.15%
2006-01-09,18.476,-8.80%
2006-01-06,18.408,-9.27%
2006-01-05,18.237,-9.80%
2006-01-04,18.237,-10.12%
2006-01-03,18.170,-11.50%
2006-01-01,18.070,-9.60%
2005-12-30,18.168,-12.73%
2005-12-29,18.257,-12.30%
2005-12-28,18.311,-12.05%
2005-12-27,18.288,-11.53%
2005-12-23,18.464,-11.06%
2005-12-22,18.456,-11.06%
2005-12-21,18.379,-11.13%
2005-12-20,18.332,-10.55%
2005-12-19,18.337,-10.50%
2005-12-16,18.444,-10.65%
2005-12-15,18.497,-10.58%
2005-12-14,18.523,-10.28%
2005-12-13,18.446,-10.30%
2005-12-12,18.344,-9.99%
2005-12-09,18.329,-10.16%
2005-12-08,18.277,-9.93%
2005-12-07,18.300,-9.37%
2005-12-06,18.392,-9.93%
2005-12-05,18.368,-10.11%
2005-12-02,18.412,-9.84%
2005-12-01,18.070,-11.77%
2005-11-30,18.185,-9.70%
2005-11-29,18.605,-8.39%
2005-11-28,18.604,-8.71%
2005-11-25,18.764,-7.86%
2005-11-23,18.725,-7.68%
2005-11-22,18.660,-8.02%
2005-11-21,18.566,-7.94%
2005-11-18,18.468,-9.45%
2005-11-17,18.387,-9.73%
2005-11-16,18.216,-10.07%
2005-11-15,18.183,-10.87%
2005-11-14,18.254,-10.55%
2005-11-11,18.268,-9.66%
2005-11-10,18.212,-9.12%
2005-11-09,18.060,-9.97%
2005-11-08,18.029,-10.19%
2005-11-07,18.092,-9.97%
2005-11-04,18.052,-9.82%
2005-11-03,18.049,-8.38%
2005-11-02,17.972,-7.75%
2005-11-01,18.010,-10.17%
2005-10-31,17.858,-8.72%
2005-10-28,18.029,-7.62%
2005-10-27,17.736,-8.96%
2005-10-26,17.924,-6.81%
2005-10-25,18.001,-5.01%
2005-10-24,18.044,-4.87%
2005-10-21,17.746,-7.35%
2005-10-20,17.719,-7.25%
2005-10-19,17.989,-5.80%
2005-10-18,17.724,-8.09%
2005-10-17,17.904,-6.67%
2005-10-14,17.851,-6.53%
2005-10-13,17.705,-8.15%
2005-10-12,17.717,-8.76%
2005-10-11,17.826,-8.41%
2005-10-10,17.863,-8.04%
2005-10-07,17.992,-8.07%
2005-10-06,17.925,-9.33%
2005-10-05,17.999,-8.35%
2005-10-04,18.271,-7.02%
2005-10-03,18.455,-4.13%
2005-10-01,17.640,-8.36%
2005-09-30,18.487,-4.18%
2005-09-29,18.772,-3.63%
2005-09-28,18.607,-4.07%
2005-09-27,18.588,-3.60%
2005-09-26,18.588,-4.17%
2005-09-23,18.582,-4.05%
2005-09-22,18.572,-4.55%
2005-09-21,18.505,-6.22%
2005-09-20,18.675,-4.76%
2005-09-19,18.823,-4.55%
2005-09-16,18.928,-3.58%
2005-09-15,18.773,-4.11%
2005-09-14,18.764,-4.83%
2005-09-13,18.826,-4.30%
2005-09-12,18.969,-3.41%
2005-09-09,18.983,-2.86%
2005-09-08,18.833,-3.45%
2005-09-07,18.905,-3.51%
2005-09-06,18.859,-3.08%
2005-09-02,18.624,-4.69%
2005-09-01,18.440,-4.70%
2005-08-31,18.659,-3.30%
2005-08-30,18.785,-3.12%
2005-08-29,18.845,-3.56%
2005-08-26,18.733,-3.90%
2005-08-25,18.846,-3.31%
2005-08-24,18.803,-2.76%
2005-08-23,18.927,-2.07%
2005-08-22,18.992,-1.98%
2005-08-19,18.960,-1.50%
2005-08-18,18.949,-1.92%
2005-08-17,18.968,-0.59%
2005-08-16,18.954,-0.45%
2005-08-15,19.180,+2.11%
2005-08-12,19.126,+1.98%
2005-08-11,19.242,+1.40%
2005-08-10,19.107,+0.38%
2005-08-09,19.142,+1.87%
2005-08-08,19.013,+1.31%
2005-08-05,19.065,+0.01%
2005-08-04,19.211,-0.87%
2005-08-03,19.354,-0.23%
2005-08-02,19.340,-0.93%
2005-08-01,18.720,-1.63%
2005-07-29,19.510,-0.45%
2005-07-28,19.660,+0.77%
2005-07-27,19.551,+0.27%
2005-07-26,19.462,+0.80%
2005-07-25,19.428,+0.43%
2005-07-22,19.502,-0.16%
2005-07-21,19.397,-0.43%
2005-07-20,19.526,-1.11%
2005-07-19,19.433,-0.88%
2005-07-18,19.303,-1.59%
2005-07-15,19.411,-1.52%
2005-07-14,19.388,-2.06%
2005-07-13,19.337,-2.63%
2005-07-12,19.320,-2.65%
2005-07-11,19.277,-2.73%
2005-07-08,19.157,-3.02%
2005-07-07,18.936,-4.93%
2005-07-06,18.889,-4.98%
2005-07-05,19.048,-4.96%
2005-07-01,19.000,-2.61%
2005-06-30,18.832,-7.31%
2005-06-29,19.275,-7.09%
2005-06-28,19.302,-6.72%
2005-06-27,19.128,-7.65%
2005-06-24,19.142,-8.09%
2005-06-23,19.289,-7.66%
2005-06-22,19.500,-5.85%
2005-06-21,19.496,-5.53%
2005-06-20,19.536,-5.73%
2005-06-17,19.550,-5.41%
2005-06-16,19.453,-6.01%
2005-06-15,19.383,-6.22%
2005-06-14,19.340,-5.87%
2005-06-13,19.290,-7.04%
2005-06-10,19.247,-7.24%
2005-06-09,19.292,-6.60%
2005-06-08,19.191,-7.97%
2005-06-07,19.233,-7.63%
2005-06-06,19.237,-6.14%
2005-06-03,19.213,-5.76%
2005-06-02,19.346,-5.81%
2005-06-01,19.000,-5.80%
2005-05-31,19.141,-8.83%
2005-05-27,19.578,-6.80%
2005-05-26,19.559,-6.36%
2005-05-25,19.435,-6.79%
2005-05-24,19.501,-4.97%
2005-05-23,19.498,-4.82%
2005-05-20,19.423,-4.81%
2005-05-19,19.453,-4.62%
2005-05-18,19.362,-5.31%
2005-05-17,19.170,-5.61%
2005-05-16,19.038,-7.25%
2005-05-13,18.848,-8.24%
2005-05-12,18.935,-7.89%
2005-05-11,19.126,-6.80%
2005-05-10,19.047,-6.48%
2005-05-09,19.253,-6.46%
2005-05-06,19.130,-8.33%
2005-05-05,19.151,-8.85%
2005-05-04,19.201,-8.45%
2005-05-03,18.964,-9.41%
2005-05-02,18.980,-5.71%
2005-05-01,18.930,-5.96%
2005-04-29,19.210,-10.32%
2005-04-28,18.984,-12.05%
2005-04-27,19.203,-12.26%
2005-04-26,19.126,-12.41%
2005-04-25,19.298,-12.02%
2005-04-22,19.132,-12.73%
2005-04-21,19.262,-10.89%
2005-04-20,18.889,-12.16%
2005-04-19,19.143,-12.36%
2005-04-18,19.030,-12.78%
2005-04-15,18.974,-12.59%
2005-04-14,19.297,-11.06%
2005-04-13,19.492,-10.26%
2005-04-12,19.724,-10.44%
2005-04-11,19.615,-10.47%
2005-04-08,19.615,-10.47%
2005-04-07,19.780,-9.82%
2005-04-06,19.662,-10.95%
2005-04-05,19.618,-11.34%
2005-04-04,19.530,-11.06%
2005-04-01,19.020,-10.41%
2005-03-31,19.605,-9.48%
2005-03-30,19.802,-10.55%
2005-03-29,19.533,-11.41%
2005-03-28,19.683,-9.57%
2005-03-24,19.635,-8.40%
2005-03-23,19.654,-8.53%
2005-03-22,19.640,-8.72%
2005-03-21,19.842,-8.98%
2005-03-18,19.940,-9.55%
2005-03-17,19.950,-9.62%
2005-03-16,19.914,-8.72%
2005-03-15,20.076,-7.46%
2005-03-14,20.228,-8.10%
2005-03-11,20.115,-7.47%
2005-03-10,20.269,-8.19%
2005-03-09,20.231,-9.70%
2005-03-08,20.440,-9.29%
2005-03-07,20.538,-9.62%
2005-03-04,20.485,-9.70%
2005-03-03,20.289,-10.26%
2005-03-02,20.283,-10.14%
2005-03-01,19.840,-8.23%
2005-02-28,20.174,-12.20%
2005-02-25,20.493,-10.71%
2005-02-24,20.305,-11.18%
2005-02-23,20.145,-12.02%
2005-02-22,20.033,-12.75%
2005-02-18,20.328,-12.06%
2005-02-17,20.314,-12.51%
2005-02-16,20.476,-10.95%
2005-02-15,20.472,-10.97%
2005-02-14,20.405,-11.26%
2005-02-11,20.391,-12.24%
2005-02-10,20.251,-11.91%
2005-02-09,20.166,-11.84%
2005-02-08,20.340,-11.31%
2005-02-07,20.330,-11.35%
2005-02-04,20.352,-9.97%
2005-02-03,20.130,-11.70%
2005-02-02,20.186,-11.40%
2005-02-01,20.110,-10.46%
2005-01-31,19.984,-13.89%
2005-01-28,20.006,-13.59%
2005-01-27,20.061,-14.54%
2005-01-26,20.052,-15.41%
2005-01-25,19.956,-14.79%
2005-01-24,19.876,-15.14%
2005-01-21,19.947,-15.28%
2005-01-20,20.075,-14.08%
2005-01-19,20.233,-13.48%
2005-01-18,20.427,-12.65%
2005-01-14,20.231,-12.78%
2005-01-13,20.110,-12.58%
2005-01-12,20.285,-12.29%
2005-01-11,20.205,-12.22%
2005-01-10,20.329,-11.68%
2005-01-07,20.259,-12.33%
2005-01-06,20.288,-12.00%
2005-01-05,20.218,-12.19%
2005-01-04,20.291,-10.78%
2005-01-03,20.531,-9.73%
2005-01-01,19.990,-12.05%
2004-12-31,20.699,-9.27%
2004-12-30,20.819,-14.91%
2004-12-29,20.817,-14.91%
2004-12-28,20.819,-13.85%
2004-12-27,20.671,-14.46%
2004-12-23,20.761,-14.10%
2004-12-22,20.751,-13.90%
2004-12-21,20.680,-13.85%
2004-12-20,20.495,-14.63%
2004-12-17,20.488,-13.69%
2004-12-16,20.642,-12.93%
2004-12-15,20.685,-12.17%
2004-12-14,20.645,-12.84%
2004-12-13,20.564,-13.18%
2004-12-10,20.381,-12.73%
2004-12-09,20.402,-12.73%
2004-12-08,20.292,-13.94%
2004-12-07,20.193,-13.73%
2004-12-06,20.419,-12.77%
2004-12-03,20.435,-12.96%
2004-12-02,20.421,-13.18%
2004-12-01,20.480,-7.62%
2004-11-30,20.138,-20.13%
2004-11-29,20.310,-19.45%
2004-11-26,20.380,-19.19%
2004-11-24,20.365,-18.76%
2004-11-23,20.282,-17.78%
2004-11-22,20.287,-17.76%
2004-11-19,20.168,-18.80%
2004-11-18,20.395,-17.23%
2004-11-17,20.368,-18.09%
2004-11-16,20.256,-19.06%
2004-11-15,20.400,-18.48%
2004-11-12,20.406,-19.09%
2004-11-11,20.222,-18.90%
2004-11-10,20.040,-19.68%
2004-11-09,20.060,-20.06%
2004-11-08,20.074,-20.00%
2004-11-05,20.096,-19.81%
2004-11-04,20.018,-20.23%
2004-11-03,19.700,-21.93%
2004-11-02,19.482,-15.84%
2004-11-01,20.050,-13.39%
2004-10-29,19.564,-27.99%
2004-10-28,19.516,-28.07%
2004-10-27,19.481,-27.11%
2004-10-26,19.233,-27.89%
2004-10-25,18.951,-28.94%
2004-10-22,18.967,-28.98%
2004-10-21,19.153,-29.36%
2004-10-20,19.104,-29.45%
2004-10-19,19.097,-29.11%
2004-10-18,19.284,-28.42%
2004-10-15,19.183,-29.30%
2004-10-14,19.098,-29.79%
2004-10-13,19.277,-28.86%
2004-10-12,19.419,-27.83%
2004-10-11,19.463,-27.67%
2004-10-08,19.424,-27.51%
2004-10-07,19.572,-27.34%
2004-10-06,19.769,-26.27%
2004-10-05,19.638,-26.43%
2004-10-04,19.650,-26.39%
2004-10-01,19.250,-22.22%
2004-09-30,19.293,-25.27%
2004-09-29,19.479,-27.94%
2004-09-28,19.396,-27.54%
2004-09-27,19.282,-27.97%
2004-09-24,19.397,-28.44%
2004-09-23,19.367,-29.91%
2004-09-22,19.458,-29.16%
2004-09-21,19.733,-29.09%
2004-09-20,19.609,-29.54%
2004-09-17,19.720,-28.42%
2004-09-16,19.631,-28.98%
2004-09-15,19.577,-28.16%
2004-09-14,19.716,-27.92%
2004-09-13,19.672,-28.08%
2004-09-10,19.639,-27.65%
2004-09-09,19.542,-28.87%
2004-09-08,19.505,-29.59%
2004-09-07,19.593,-28.56%
2004-09-03,19.459,-29.39%
2004-09-02,19.541,-28.79%
2004-09-01,19.350,-26.76%
2004-08-31,19.295,-31.30%
2004-08-30,19.389,-30.97%
2004-08-27,19.541,-29.64%
2004-08-26,19.494,-29.81%
2004-08-25,19.491,-29.60%
2004-08-24,19.337,-30.12%
2004-08-23,19.328,-30.15%
2004-08-20,19.375,-30.48%
2004-08-19,19.249,-31.08%
2004-08-18,19.319,-30.65%
2004-08-17,19.081,-30.87%
2004-08-16,19.039,-31.03%
2004-08-13,18.783,-31.49%
2004-08-12,18.755,-32.03%
2004-08-11,18.977,-30.54%
2004-08-10,19.034,-30.12%
2004-08-09,18.790,-31.02%
2004-08-06,18.768,-30.35%
2004-08-05,19.063,-29.14%
2004-08-04,19.380,-29.23%
2004-08-03,19.398,-26.99%
2004-08-02,19.521,-26.53%
2004-08-01,19.030,-28.38%
2004-07-30,19.621,-31.35%
2004-07-29,19.598,-31.55%
2004-07-28,19.509,-32.36%
2004-07-27,19.498,-32.54%
2004-07-26,19.307,-33.21%
2004-07-23,19.345,-32.39%
2004-07-22,19.534,-31.70%
2004-07-21,19.481,-31.24%
2004-07-20,19.745,-31.32%
2004-07-19,19.606,-31.81%
2004-07-16,19.615,-31.82%
2004-07-15,19.710,-31.93%
2004-07-14,19.795,-31.87%
2004-07-13,19.860,-31.26%
2004-07-12,19.846,-31.30%
2004-07-09,19.819,-31.68%
2004-07-08,19.753,-32.28%
2004-07-07,19.917,-31.49%
2004-07-06,19.879,-30.32%
2004-07-02,20.042,-30.32%
2004-07-01,19.510,-29.46%
2004-06-30,20.318,-27.96%
2004-06-29,20.745,-29.58%
2004-06-28,20.693,-29.75%
2004-06-25,20.713,-29.62%
2004-06-24,20.826,-29.82%
2004-06-23,20.888,-29.48%
2004-06-22,20.712,-31.06%
2004-06-21,20.637,-31.31%
2004-06-18,20.723,-32.01%
2004-06-17,20.669,-32.29%
2004-06-16,20.697,-32.14%
2004-06-15,20.668,-30.72%
2004-06-14,20.546,-31.13%
2004-06-10,20.750,-30.18%
2004-06-09,20.656,-29.86%
2004-06-08,20.854,-30.03%
2004-06-07,20.822,-30.14%
2004-06-04,20.495,-31.13%
2004-06-03,20.388,-30.46%
2004-06-02,20.540,-29.61%
2004-06-01,20.170,-29.48%
2004-05-28,20.994,-30.12%
2004-05-27,21.006,-29.95%
2004-05-26,20.887,-28.98%
2004-05-25,20.851,-29.10%
2004-05-24,20.521,-30.23%
2004-05-21,20.486,-29.61%
2004-05-20,20.404,-29.61%
2004-05-19,20.395,-29.72%
2004-05-18,20.448,-31.29%
2004-05-17,20.309,-31.76%
2004-05-14,20.526,-30.66%
2004-05-13,20.540,-30.83%
2004-05-12,20.556,-30.99%
2004-05-11,20.522,-30.24%
2004-05-10,20.366,-30.77%
2004-05-07,20.583,-29.75%
2004-05-06,20.869,-29.13%
2004-05-05,21.010,-28.05%
2004-05-04,20.973,-28.45%
2004-05-03,20.935,-28.58%
2004-05-01,20.130,-28.72%
2004-04-30,20.744,-28.22%
2004-04-29,21.421,-29.24%
2004-04-28,21.585,-28.46%
2004-04-27,21.887,-26.17%
2004-04-26,21.837,-26.34%
2004-04-23,21.935,-27.63%
2004-04-22,21.922,-27.07%
2004-04-21,21.617,-26.52%
2004-04-20,21.503,-27.04%
2004-04-19,21.843,-25.89%
2004-04-16,21.819,-24.82%
2004-04-15,21.708,-26.11%
2004-04-14,21.696,-25.69%
2004-04-13,21.720,-24.16%
2004-04-12,22.023,-23.10%
2004-04-08,21.910,-24.36%
2004-04-07,21.933,-24.42%
2004-04-06,22.080,-23.83%
2004-04-05,22.126,-23.67%
2004-04-02,21.958,-24.42%
2004-04-01,21.230,-24.31%
2004-03-31,21.658,-22.58%
2004-03-30,22.137,-24.60%
2004-03-29,22.048,-24.91%
2004-03-26,21.765,-26.42%
2004-03-25,21.787,-26.75%
2004-03-24,21.436,-27.05%
2004-03-23,21.488,-29.45%
2004-03-22,21.516,-29.36%
2004-03-19,21.799,-26.65%
2004-03-18,22.045,-25.17%
2004-03-17,22.073,-24.76%
2004-03-16,21.817,-23.00%
2004-03-15,21.695,-23.43%
2004-03-12,22.011,-19.50%
2004-03-11,21.740,-20.15%
2004-03-10,22.076,-19.59%
2004-03-09,22.404,-20.51%
2004-03-08,22.534,-20.05%
2004-03-05,22.724,-19.47%
2004-03-04,22.685,-18.83%
2004-03-03,22.609,-20.35%
2004-03-02,22.571,-19.16%
2004-03-01,21.620,-22.56%
2004-02-27,22.977,-21.79%
2004-02-26,22.976,-20.87%
2004-02-25,22.951,-22.00%
2004-02-24,22.860,-21.75%
2004-02-23,22.898,-23.06%
2004-02-20,22.960,-21.83%
2004-02-19,23.019,-22.37%
2004-02-18,23.115,-22.60%
2004-02-17,23.219,-20.74%
2004-02-13,22.994,-19.83%
2004-02-12,23.121,-19.51%
2004-02-11,23.234,-20.14%
2004-02-10,22.989,-21.62%
2004-02-09,22.874,-21.43%
2004-02-06,22.933,-22.02%
2004-02-05,22.649,-23.48%
2004-02-04,22.607,-24.04%
2004-02-03,22.798,-24.48%
2004-02-02,22.783,-19.95%
2004-02-01,22.460,-21.08%
2004-01-30,23.207,-24.19%
2004-01-29,23.269,-25.73%
2004-01-28,23.153,-25.60%
2004-01-27,23.473,-23.58%
2004-01-26,23.705,-24.07%
2004-01-23,23.421,-27.18%
2004-01-22,23.470,-26.28%
2004-01-21,23.546,-26.81%
2004-01-20,23.364,-28.52%
2004-01-16,23.386,-29.45%
2004-01-15,23.226,-30.21%
2004-01-14,23.195,-31.31%
2004-01-13,23.004,-31.48%
2004-01-12,23.127,-31.21%
2004-01-09,23.017,-31.54%
2004-01-08,23.224,-29.58%
2004-01-07,23.109,-30.92%
2004-01-06,23.054,-31.53%
2004-01-05,23.025,-30.08%
2004-01-02,22.743,-30.97%
2004-01-01,22.730,-27.68%
2003-12-31,22.813,-28.46%
2003-12-30,24.468,-20.95%
2003-12-29,24.465,-20.60%
2003-12-26,24.165,-22.83%
2003-12-24,24.124,-23.21%
2003-12-23,24.168,-23.49%
2003-12-22,24.100,-23.56%
2003-12-19,24.006,-22.87%
2003-12-18,24.017,-23.43%
2003-12-17,23.737,-25.32%
2003-12-16,23.707,-26.02%
2003-12-15,23.551,-24.78%
2003-12-12,23.686,-25.36%
2003-12-11,23.621,-25.85%
2003-12-10,23.353,-26.65%
2003-12-09,23.378,-25.54%
2003-12-08,23.579,-26.57%
2003-12-05,23.407,-26.65%
2003-12-04,23.588,-26.97%
2003-12-03,23.478,-27.56%
2003-12-02,23.520,-28.50%
2003-12-01,22.170,-31.97%
2003-11-28,25.213,-21.53%
2003-11-26,25.219,-19.31%
2003-11-25,25.111,-21.35%
2003-11-24,25.067,-21.29%
2003-11-21,24.667,-22.81%
2003-11-20,24.628,-21.28%
2003-11-19,24.838,-19.07%
2003-11-18,24.640,-20.03%
2003-11-17,24.866,-20.14%
2003-11-14,25.026,-19.13%
2003-11-13,25.218,-16.50%
2003-11-12,25.222,-16.53%
2003-11-11,24.936,-16.84%
2003-11-10,24.949,-18.52%
2003-11-07,25.094,-18.77%
2003-11-06,25.210,-20.26%
2003-11-05,25.061,-20.00%
2003-11-04,25.095,-19.27%
2003-11-03,25.233,-21.22%
2003-11-01,23.150,-27.72%
2003-10-31,25.035,-17.41%
2003-10-30,27.137,-8.48%
2003-10-29,27.167,-7.49%
2003-10-28,27.133,-8.44%
2003-10-27,26.727,-10.56%
2003-10-24,26.670,-9.21%
2003-10-23,26.795,-10.18%
2003-10-22,26.707,-9.87%
2003-10-21,27.113,-9.48%
2003-10-20,27.078,-8.02%
2003-10-17,26.939,-7.96%
2003-10-16,27.218,-4.93%
2003-10-15,27.132,-7.52%
2003-10-14,27.203,-2.88%
2003-10-13,27.096,-2.56%
2003-10-10,26.907,+0.54%
2003-10-09,26.924,+4.12%
2003-10-08,26.796,+0.80%
2003-10-07,26.938,+3.05%
2003-10-06,26.811,+0.60%
2003-10-03,26.694,-2.08%
2003-10-02,26.445,-4.05%
2003-10-01,24.750,-15.38%
2003-09-30,25.816,-4.88%
2003-09-29,27.030,-5.45%
2003-09-26,26.768,-9.39%
2003-09-25,26.941,-7.14%
2003-09-24,27.105,-4.26%
2003-09-23,27.632,-4.08%
2003-09-22,27.466,-5.98%
2003-09-19,27.828,-4.50%
2003-09-18,27.916,-7.08%
2003-09-17,27.550,-8.73%
2003-09-16,27.640,-10.23%
2003-09-15,27.251,-11.37%
2003-09-12,27.353,-10.75%
2003-09-11,27.294,-13.15%
2003-09-10,27.146,-13.63%
2003-09-09,27.475,-11.94%
2003-09-08,27.702,-10.32%
2003-09-05,27.427,-9.71%
2003-09-04,27.604,-10.58%
2003-09-03,27.558,-9.17%
2003-09-02,27.443,-5.01%
2003-09-01,26.420,-8.55%
2003-08-29,28.086,-14.81%
2003-08-28,27.942,-15.25%
2003-08-27,27.773,-17.29%
2003-08-26,27.772,-18.44%
2003-08-25,27.688,-18.07%
2003-08-22,27.670,-19.98%
2003-08-21,27.954,-18.03%
2003-08-20,27.871,-17.23%
2003-08-19,27.928,-18.22%
2003-08-18,27.856,-16.50%
2003-08-15,27.603,-17.39%
2003-08-14,27.598,-16.45%
2003-08-13,27.418,-13.67%
2003-08-12,27.594,-15.00%
2003-08-11,27.322,-16.29%
2003-08-08,27.239,-16.25%
2003-08-07,27.142,-13.82%
2003-08-06,26.946,-12.73%
2003-08-05,26.901,-10.26%
2003-08-04,27.384,-11.79%
2003-08-01,26.570,-15.73%
2003-07-31,27.593,-15.73%
2003-07-30,28.581,-15.34%
2003-07-29,28.633,-14.83%
2003-07-28,28.843,-9.57%
2003-07-25,28.905,-7.84%
2003-07-24,28.411,-9.93%
2003-07-23,28.614,-4.08%
2003-07-22,28.599,-6.72%
2003-07-21,28.330,-10.64%
2003-07-18,28.750,-12.79%
2003-07-17,28.415,-16.14%
2003-07-16,28.770,-14.62%
2003-07-15,28.956,-15.65%
2003-07-14,29.055,-15.68%
2003-07-11,28.890,-16.70%
2003-07-10,28.616,-16.87%
2003-07-09,29.008,-18.59%
2003-07-08,29.170,-20.16%
2003-07-07,29.071,-21.40%
2003-07-03,28.530,-20.03%
2003-07-02,28.763,-18.88%
2003-07-01,27.660,-14.79%
2003-06-30,28.205,-25.74%
2003-06-27,29.457,-22.51%
2003-06-26,29.747,-20.37%
2003-06-25,29.430,-21.43%
2003-06-24,29.676,-22.10%
2003-06-23,29.621,-21.96%
2003-06-20,30.045,-22.19%
2003-06-19,30.015,-23.31%
2003-06-18,30.479,-23.42%
2003-06-17,30.527,-23.22%
2003-06-16,30.499,-21.09%
2003-06-13,29.831,-23.00%
2003-06-12,30.130,-23.04%
2003-06-11,30.099,-22.61%
2003-06-10,29.718,-24.87%
2003-06-09,29.449,-25.31%
2003-06-06,29.806,-24.53%
2003-06-05,29.877,-25.84%
2003-06-04,29.760,-25.48%
2003-06-03,29.317,-26.59%
2003-06-02,29.179,-23.05%
2003-06-01,28.600,-24.58%
2003-05-30,30.368,-27.61%
2003-05-29,29.929,-28.85%
2003-05-28,30.042,-29.04%
2003-05-27,29.987,-29.78%
2003-05-23,29.411,-31.96%
2003-05-22,29.369,-31.36%
2003-05-21,29.102,-31.60%
2003-05-20,28.986,-32.62%
2003-05-19,29.019,-33.44%
2003-05-16,29.760,-31.22%
2003-05-15,29.835,-30.60%
2003-05-14,29.602,-31.53%
2003-05-13,29.697,-29.86%
2003-05-12,29.786,-28.34%
2003-05-09,29.417,-30.42%
2003-05-08,29.003,-32.40%
2003-05-07,29.298,-29.15%
2003-05-06,29.448,-29.00%
2003-05-05,29.201,-30.96%
2003-05-02,29.312,-31.41%
2003-05-01,28.240,-31.80%
2003-04-30,28.898,-31.90%
2003-04-29,30.272,-29.82%
2003-04-28,30.173,-30.76%
2003-04-25,29.644,-32.92%
2003-04-24,30.060,-32.08%
2003-04-23,30.311,-32.00%
2003-04-22,30.058,-32.98%
2003-04-21,29.420,-35.42%
2003-04-17,29.472,-35.35%
2003-04-16,29.021,-36.47%
2003-04-15,29.380,-34.18%
2003-04-14,29.196,-35.09%
2003-04-11,28.638,-35.91%
2003-04-10,28.746,-37.19%
2003-04-09,28.562,-36.89%
2003-04-08,28.967,-36.42%
2003-04-07,29.021,-36.15%
2003-04-04,28.986,-36.44%
2003-04-03,28.907,-36.56%
2003-04-02,29.053,-36.87%
2003-04-01,28.050,-35.97%
2003-03-31,27.974,-39.78%
2003-03-28,29.361,-36.79%
2003-03-27,29.531,-36.27%
2003-03-26,29.580,-35.83%
2003-03-25,29.743,-35.09%
2003-03-24,29.386,-36.81%
2003-03-21,30.459,-34.78%
2003-03-20,29.775,-36.15%
2003-03-19,29.718,-37.28%
2003-03-18,29.461,-37.57%
2003-03-17,29.337,-37.86%
2003-03-14,28.333,-39.31%
2003-03-13,28.286,-39.46%
2003-03-12,27.344,-42.05%
2003-03-11,27.226,-42.44%
2003-03-10,27.456,-41.75%
2003-03-07,28.184,-39.86%
2003-03-06,27.953,-40.62%
2003-03-05,28.217,-39.19%
2003-03-04,27.949,-40.17%
2003-03-03,28.385,-39.23%
2003-03-01,27.920,-40.23%
2003-02-28,28.601,-36.17%
2003-02-27,29.378,-34.65%
2003-02-26,29.037,-35.38%
2003-02-25,29.424,-34.52%
2003-02-24,29.213,-33.82%
2003-02-21,29.760,-32.03%
2003-02-20,29.372,-33.95%
2003-02-19,29.654,-32.42%
2003-02-18,29.866,-33.22%
2003-02-14,29.294,-35.22%
2003-02-13,28.680,-36.69%
2003-02-12,28.726,-35.96%
2003-02-11,29.095,-35.40%
2003-02-10,29.332,-33.94%
2003-02-07,29.112,-33.46%
2003-02-06,29.409,-32.99%
2003-02-05,29.600,-32.95%
2003-02-04,29.761,-32.86%
2003-02-03,30.187,-32.26%
2003-02-01,28.460,-36.13%
2003-01-31,30.025,-34.41%
2003-01-30,30.613,-32.12%
2003-01-29,31.329,-29.72%
2003-01-28,31.118,-32.19%
2003-01-27,30.717,-33.08%
2003-01-24,31.221,-31.91%
2003-01-23,32.162,-29.61%
2003-01-22,31.836,-29.78%
2003-01-21,32.172,-29.56%
2003-01-17,32.685,-29.14%
2003-01-16,33.150,-27.41%
2003-01-15,33.281,-28.31%
2003-01-14,33.768,-26.76%
2003-01-13,33.572,-27.64%
2003-01-10,33.620,-28.23%
2003-01-09,33.620,-28.14%
2003-01-08,32.980,-29.85%
2003-01-07,33.452,-29.10%
2003-01-06,33.672,-29.10%
2003-01-03,32.932,-30.22%
2003-01-02,32.948,-29.55%
2003-01-01,31.430,-31.94%
2002-12-31,31.889,-31.42%
2002-12-30,30.954,-30.95%
2002-12-27,30.813,-31.03%
2002-12-26,31.315,-29.43%
2002-12-24,31.414,-28.92%
2002-12-23,31.587,-28.54%
2002-12-20,31.529,-28.36%
2002-12-19,31.125,-29.87%
2002-12-18,31.366,-28.92%
2002-12-17,31.784,-27.43%
2002-12-16,32.045,-26.10%
2002-12-13,31.309,-27.56%
2002-12-12,31.735,-27.71%
2002-12-11,31.854,-27.42%
2002-12-10,31.836,-27.67%
2002-12-09,31.397,-29.80%
2002-12-06,32.109,-28.74%
2002-12-05,31.910,-29.38%
2002-12-04,32.297,-26.93%
2002-12-03,32.409,-25.71%
2002-12-02,32.894,-29.06%
2002-12-01,32.590,-29.72%
2002-11-29,32.043,-23.84%
2002-11-27,32.131,-24.25%
2002-11-26,31.256,-26.82%
2002-11-25,31.926,-24.79%
2002-11-22,31.846,-24.10%
2002-11-21,31.956,-23.84%
2002-11-20,31.285,-25.80%
2002-11-19,30.689,-27.75%
2002-11-18,30.813,-26.67%
2002-11-15,31.137,-26.13%
2002-11-14,30.947,-26.51%
2002-11-13,30.203,-28.14%
2002-11-12,30.217,-26.78%
2002-11-11,29.986,-27.46%
2002-11-08,30.621,-25.81%
2002-11-07,30.892,-24.97%
2002-11-06,31.614,-23.43%
2002-11-05,31.328,-23.02%
2002-11-04,31.087,-22.51%
2002-11-01,32.030,-26.57%
2002-10-31,30.313,-22.49%
2002-10-30,29.651,-20.79%
2002-10-29,29.366,-22.90%
2002-10-28,29.635,-24.05%
2002-10-25,29.882,-23.10%
2002-10-24,29.377,-23.36%
2002-10-23,29.832,-22.15%
2002-10-22,29.632,-23.03%
2002-10-21,29.951,-21.01%
2002-10-18,29.440,-22.01%
2002-10-17,29.268,-23.07%
2002-10-16,28.629,-26.15%
2002-10-15,29.337,-23.80%
2002-10-14,28.011,-27.36%
2002-10-11,27.807,-28.27%
2002-10-10,26.762,-29.91%
2002-10-09,25.858,-30.73%
2002-10-08,26.583,-29.17%
2002-10-07,26.141,-30.93%
2002-10-04,26.650,-29.47%
2002-10-03,27.262,-28.02%
2002-10-02,27.560,-25.79%
2002-10-01,29.250,-26.38%
2002-09-30,27.140,-18.81%
2002-09-27,28.589,-12.60%
2002-09-26,29.542,-8.65%
2002-09-25,29.014,-10.75%
2002-09-24,28.310,-12.15%
2002-09-23,28.808,-7.12%
2002-09-20,29.212,-7.61%
2002-09-19,29.140,-10.70%
2002-09-18,30.044,-9.41%
2002-09-17,30.184,-9.51%
2002-09-16,30.791,-12.24%
2002-09-13,30.747,-12.36%
2002-09-12,30.647,-12.65%
2002-09-11,31.425,-10.43%
2002-09-10,31.430,-10.42%
2002-09-09,31.201,-10.52%
2002-09-06,30.889,-13.06%
2002-09-05,30.378,-16.42%
2002-09-04,30.871,-15.15%
2002-09-03,30.339,-17.78%
2002-09-01,28.890,-21.71%
2002-08-30,32.905,-1.03%
2002-08-29,32.967,-2.53%
2002-08-28,32.969,-3.61%
2002-08-27,33.578,-3.30%
2002-08-26,34.050,-2.41%
2002-08-23,33.795,-1.24%
2002-08-22,34.580,+0.78%
2002-08-21,34.101,+0.07%
2002-08-20,33.672,-2.38%
2002-08-19,34.149,-0.20%
2002-08-16,33.361,-4.12%
2002-08-15,33.414,-3.67%
2002-08-14,33.032,-5.47%
2002-08-13,31.760,-9.46%
2002-08-12,32.464,-7.37%
2002-08-09,32.638,-6.34%
2002-08-08,32.524,-6.68%
2002-08-07,31.493,-11.20%
2002-08-06,30.875,-12.66%
2002-08-05,29.978,-16.16%
2002-08-02,31.043,-13.64%
2002-08-01,31.530,-16.70%
2002-07-31,32.745,-8.19%
2002-07-30,33.761,+3.12%
2002-07-29,33.619,+2.57%
2002-07-26,31.894,-2.46%
2002-07-25,31.364,-3.07%
2002-07-24,31.542,-0.96%
2002-07-23,29.832,-7.85%
2002-07-22,30.660,-6.84%
2002-07-19,31.704,-4.00%
2002-07-18,32.968,+0.43%
2002-07-17,33.883,+2.64%
2002-07-16,33.697,+3.10%
2002-07-15,34.328,+3.89%
2002-07-12,34.457,+4.93%
2002-07-11,34.681,+8.11%
2002-07-10,34.423,+7.19%
2002-07-09,35.633,+9.36%
2002-07-08,36.536,+12.90%
2002-07-05,36.987,+11.60%
2002-07-03,35.677,+6.33%
2002-07-02,35.456,+5.48%
2002-07-01,32.460,-8.49%
2002-06-28,37.982,+22.88%
2002-06-27,38.014,+24.52%
2002-06-26,37.357,+21.80%
2002-06-25,37.457,+21.94%
2002-06-24,38.094,+23.33%
2002-06-21,37.956,+21.72%
2002-06-20,38.614,+25.24%
2002-06-19,39.140,+28.05%
2002-06-18,39.798,+30.65%
2002-06-17,39.761,+29.89%
2002-06-14,38.652,+25.70%
2002-06-13,38.740,+23.78%
2002-06-12,39.150,+23.67%
2002-06-11,38.895,+23.00%
2002-06-10,39.553,+24.04%
2002-06-07,39.429,+22.49%
2002-06-06,39.492,+23.35%
2002-06-05,40.288,+24.51%
2002-06-04,39.934,+25.02%
2002-06-03,39.934,+18.60%
2002-06-01,37.920,+12.62%
2002-05-31,40.949,+29.35%
2002-05-30,41.949,+43.05%
2002-05-29,42.067,+41.20%
2002-05-28,42.338,+41.00%
2002-05-24,42.704,+40.54%
2002-05-23,43.226,+42.72%
2002-05-22,42.790,+39.08%
2002-05-21,42.548,+37.93%
2002-05-20,43.021,+41.72%
2002-05-17,43.601,+44.02%
2002-05-16,43.271,+43.32%
2002-05-15,42.989,+46.44%
2002-05-14,43.234,+47.33%
2002-05-13,42.339,+44.65%
2002-05-10,41.568,+40.95%
2002-05-09,42.278,+43.32%
2002-05-08,42.902,+44.78%
2002-05-07,41.351,+39.29%
2002-05-06,41.476,+39.36%
2002-05-03,42.294,+44.17%
2002-05-02,42.733,+43.50%
2002-05-01,41.410,+29.33%
2002-04-30,42.432,+44.53%
2002-04-29,43.136,+56.43%
2002-04-26,43.576,+60.39%
2002-04-25,44.189,+63.41%
2002-04-24,44.257,+66.27%
2002-04-23,44.573,+65.42%
2002-04-22,44.851,+63.97%
2002-04-19,45.553,+65.11%
2002-04-18,45.525,+67.08%
2002-04-17,45.590,+73.82%
2002-04-16,45.683,+75.97%
2002-04-15,44.638,+71.39%
2002-04-12,44.980,+72.70%
2002-04-11,44.684,+74.15%
2002-04-10,45.768,+78.00%
2002-04-09,45.255,+80.77%
2002-04-08,45.558,+83.46%
2002-04-05,45.455,+79.38%
2002-04-04,45.601,+87.82%
2002-04-03,45.563,+87.12%
2002-04-02,46.023,+82.51%
2002-04-01,43.810,+56.69%
2002-03-28,46.453,+89.15%
2002-03-27,46.339,+84.07%
2002-03-26,46.093,+87.78%
2002-03-25,45.825,+88.80%
2002-03-22,46.506,+95.41%
2002-03-21,46.704,+95.45%
2002-03-20,46.634,+91.66%
2002-03-19,47.380,+90.04%
2002-03-18,47.188,+92.60%
2002-03-15,47.213,+88.92%
2002-03-14,46.682,+87.89%
2002-03-13,46.724,+83.20%
2002-03-12,47.189,+87.77%
2002-03-11,47.298,+80.08%
2002-03-08,47.138,+75.03%
2002-03-07,46.864,+74.40%
2002-03-06,47.076,+76.32%
2002-03-05,46.402,+75.53%
2002-03-04,46.714,+77.74%
2002-03-01,46.710,+78.97%
2002-02-28,44.807,+69.70%
2002-02-27,44.953,+73.24%
2002-02-26,44.932,+71.84%
2002-02-25,44.934,+74.85%
2002-02-22,44.141,+70.81%
2002-02-21,43.781,+69.08%
2002-02-20,44.471,+68.57%
2002-02-19,43.878,+63.44%
2002-02-15,44.722,+63.43%
2002-02-14,45.220,+66.59%
2002-02-13,45.302,+66.53%
2002-02-12,44.856,+63.47%
2002-02-11,45.036,+66.06%
2002-02-08,44.399,+61.53%
2002-02-07,43.749,+58.17%
2002-02-06,43.885,+57.33%
2002-02-05,44.148,+58.04%
2002-02-04,44.327,+59.24%
2002-02-01,44.560,+60.23%
2002-01-31,45.776,+62.46%
2002-01-30,45.102,+64.16%
2002-01-29,44.578,+63.39%
2002-01-28,45.891,+69.35%
2002-01-25,45.900,+69.06%
2002-01-24,45.855,+68.05%
2002-01-23,45.694,+67.94%
2002-01-22,45.335,+68.80%
2002-01-18,45.670,+69.41%
2002-01-17,46.127,+73.48%
2002-01-16,45.669,+72.12%
2002-01-15,46.423,+76.07%
2002-01-14,46.108,+74.88%
2002-01-11,46.399,+74.85%
2002-01-10,46.843,+78.35%
2002-01-09,46.786,+79.84%
2002-01-08,47.011,+81.39%
2002-01-07,47.181,+81.70%
2002-01-04,47.489,+78.08%
2002-01-03,47.196,+75.12%
2002-01-02,46.767,+82.22%
2002-01-01,46.180,+67.62%
2001-12-31,46.500,+80.43%
2001-12-28,44.827,+72.12%
2001-12-27,44.677,+72.23%
2001-12-26,44.377,+72.86%
2001-12-24,44.195,+73.37%
2001-12-21,44.204,+77.63%
2001-12-20,44.013,+78.28%
2001-12-19,44.385,+74.16%
2001-12-18,44.128,+70.91%
2001-12-17,43.798,+71.00%
2001-12-14,43.363,+65.67%
2001-12-13,43.219,+62.80%
2001-12-12,43.902,+64.03%
2001-12-11,43.890,+62.91%
2001-12-10,44.013,+64.60%
2001-12-07,44.722,+70.53%
2001-12-06,45.062,+70.82%
2001-12-05,45.187,+68.17%
2001-12-04,44.201,+70.90%
2001-12-03,43.625,+63.88%
2001-12-01,46.370,+74.19%
2001-11-30,43.994,+71.40%
2001-11-29,42.074,+64.51%
2001-11-28,41.643,+63.54%
2001-11-27,42.417,+64.99%
2001-11-26,42.709,+67.01%
2001-11-23,42.448,+68.43%
2001-11-21,41.957,+63.40%
2001-11-20,42.165,+64.78%
2001-11-19,42.475,+62.95%
2001-11-16,42.017,+60.65%
2001-11-15,42.149,+59.12%
2001-11-14,42.111,+59.77%
2001-11-13,42.033,+63.22%
2001-11-12,41.267,+58.51%
2001-11-09,41.340,+54.92%
2001-11-08,41.275,+53.67%
2001-11-07,41.173,+50.88%
2001-11-06,41.286,+51.26%
2001-11-05,40.695,+49.66%
2001-11-02,40.118,+47.37%
2001-11-01,43.620,+62.16%
2001-10-31,39.106,+43.55%
2001-10-30,37.435,+43.73%
2001-10-29,38.089,+48.26%
2001-10-26,39.018,+53.56%
2001-10-25,38.859,+52.89%
2001-10-24,38.333,+47.23%
2001-10-23,38.318,+47.42%
2001-10-22,38.499,+47.99%
2001-10-19,37.919,+46.63%
2001-10-18,37.747,+51.03%
2001-10-17,38.046,+51.34%
2001-10-16,38.769,+51.45%
2001-10-15,38.502,+50.46%
2001-10-12,38.561,+55.72%
2001-10-11,38.765,+52.55%
2001-10-10,38.184,+47.83%
2001-10-09,37.328,+42.97%
2001-10-08,37.529,+43.03%
2001-10-05,37.845,+41.50%
2001-10-04,37.783,+41.46%
2001-10-03,37.876,+42.58%
2001-10-02,37.136,+38.85%
2001-10-01,39.730,+49.98%
2001-09-28,33.428,+21.74%
2001-09-27,32.711,+21.78%
2001-09-26,32.339,+20.34%
2001-09-25,32.507,+19.97%
2001-09-24,32.224,+18.13%
2001-09-21,31.015,+13.67%
2001-09-20,31.617,+15.70%
2001-09-19,32.630,+18.71%
2001-09-18,33.164,+21.94%
2001-09-17,33.358,+20.86%
2001-09-10,35.085,+24.68%
2001-09-07,34.868,+23.25%
2001-09-06,35.530,+26.45%
2001-09-05,36.344,+28.08%
2001-09-04,36.382,+33.07%
2001-09-01,36.900,+34.97%
2001-08-31,36.403,+27.39%
2001-08-30,33.246,+16.18%
2001-08-29,33.822,+17.63%
2001-08-28,34.202,+18.62%
2001-08-27,34.723,+21.03%
2001-08-24,34.892,+21.47%
2001-08-23,34.219,+19.31%
2001-08-22,34.314,+20.27%
2001-08-21,34.077,+19.33%
2001-08-20,34.494,+21.42%
2001-08-17,34.216,+20.09%
2001-08-16,34.796,+23.47%
2001-08-15,34.688,+22.71%
2001-08-14,34.945,+23.02%
2001-08-13,35.079,+25.15%
2001-08-10,35.046,+26.02%
2001-08-09,34.848,+24.24%
2001-08-08,34.851,+23.42%
2001-08-07,35.465,+25.89%
2001-08-06,35.350,+26.88%
2001-08-03,35.758,+29.26%
2001-08-02,35.947,+31.20%
2001-08-01,37.850,+35.32%
2001-07-31,35.666,+30.89%
2001-07-30,32.740,+19.72%
2001-07-27,32.776,+17.39%
2001-07-26,32.697,+16.88%
2001-07-25,32.359,+13.94%
2001-07-24,31.847,+12.92%
2001-07-23,32.374,+13.56%
2001-07-20,32.912,+14.26%
2001-07-19,33.026,+15.71%
2001-07-18,32.827,+14.10%
2001-07-17,33.010,+13.46%
2001-07-16,32.684,+12.38%
2001-07-13,33.044,+14.70%
2001-07-12,32.839,+14.21%
2001-07-11,32.079,+12.47%
2001-07-10,32.115,+13.00%
2001-07-09,32.584,+14.39%
2001-07-06,32.362,+15.35%
2001-07-05,33.141,+18.98%
2001-07-03,33.554,+18.55%
2001-07-02,33.615,+19.84%
2001-07-01,35.470,+26.45%
2001-06-29,30.865,+10.42%
2001-06-28,30.910,+9.63%
2001-06-27,30.529,+8.60%
2001-06-26,30.672,+8.75%
2001-06-25,30.718,+9.96%
2001-06-22,30.889,+9.76%
2001-06-21,31.183,+8.78%
2001-06-20,30.833,+7.79%
2001-06-19,30.567,+6.14%
2001-06-18,30.462,+7.33%
2001-06-15,30.612,+6.82%
2001-06-14,30.750,+7.90%
2001-06-13,31.298,+9.90%
2001-06-12,31.657,+12.97%
2001-06-11,31.621,+11.99%
2001-06-08,31.887,+12.57%
2001-06-07,32.190,+12.89%
2001-06-06,32.015,+13.32%
2001-06-05,32.356,+13.76%
2001-06-04,31.941,+11.57%
2001-06-01,33.670,+19.57%
2001-05-31,31.657,+14.99%
2001-05-30,29.325,+5.70%
2001-05-29,29.792,+10.84%
2001-05-25,30.026,+11.43%
2001-05-24,30.385,+11.35%
2001-05-23,30.288,+13.03%
2001-05-22,30.766,+12.61%
2001-05-21,30.847,+12.41%
2001-05-18,30.356,+8.29%
2001-05-17,30.275,+7.21%
2001-05-16,30.192,+5.59%
2001-05-15,29.357,+3.63%
2001-05-14,29.345,+5.88%
2001-05-11,29.269,+6.59%
2001-05-10,29.492,+9.33%
2001-05-09,29.500,+7.11%
2001-05-08,29.633,+6.68%
2001-05-07,29.688,+6.24%
2001-05-04,29.761,+8.25%
2001-05-03,29.337,+6.29%
2001-05-02,29.780,+5.57%
2001-05-01,32.020,+16.48%
2001-04-30,29.358,+2.99%
2001-04-27,27.576,-4.09%
2001-04-26,27.168,-5.26%
2001-04-25,27.041,-6.75%
2001-04-24,26.617,-5.16%
2001-04-23,26.945,-4.30%
2001-04-20,27.354,-2.85%
2001-04-19,27.590,-1.52%
2001-04-18,27.248,-3.70%
2001-04-17,26.228,-4.65%
2001-04-16,25.961,-2.49%
2001-04-12,26.045,-9.55%
2001-04-11,25.658,-12.88%
2001-04-10,25.713,-12.92%
2001-04-09,25.035,-15.88%
2001-04-06,24.833,-15.73%
2001-04-05,25.340,-13.20%
2001-04-04,24.279,-17.24%
2001-04-03,24.350,-17.62%
2001-04-02,25.217,-11.52%
2001-04-01,27.960,-1.89%
2001-03-30,24.709,-16.94%
2001-03-29,24.445,-18.94%
2001-03-28,24.559,-18.53%
2001-03-27,25.174,-17.37%
2001-03-26,24.546,-19.62%
2001-03-23,24.272,-20.51%
2001-03-22,23.799,-20.67%
2001-03-21,23.896,-19.99%
2001-03-20,24.332,-16.45%
2001-03-19,24.932,-14.84%
2001-03-16,24.500,-15.98%
2001-03-15,24.991,-10.21%
2001-03-14,24.845,-8.56%
2001-03-13,25.504,-7.80%
2001-03-12,25.131,-9.89%
2001-03-09,26.265,-6.27%
2001-03-08,26.932,-1.43%
2001-03-07,26.872,-0.85%
2001-03-06,26.699,-4.01%
2001-03-05,26.435,-6.17%
2001-03-02,26.282,-4.86%
2001-03-01,26.100,-7.81%
2001-02-28,26.404,-3.83%
2001-02-27,25.948,-4.45%
2001-02-26,26.148,-3.71%
2001-02-23,25.698,-7.27%
2001-02-22,25.842,-6.16%
2001-02-21,25.893,-5.55%
2001-02-20,26.381,-3.77%
2001-02-16,26.847,-5.01%
2001-02-15,27.364,-4.17%
2001-02-14,27.144,-4.11%
2001-02-13,27.203,-3.71%
2001-02-12,27.440,-2.87%
2001-02-09,27.120,-5.68%
2001-02-08,27.486,-6.39%
2001-02-07,27.659,-4.65%
2001-02-06,27.893,-3.85%
2001-02-05,27.935,-3.71%
2001-02-02,27.836,-3.01%
2001-02-01,27.810,+0.14%
2001-01-31,28.177,-0.79%
2001-01-30,27.475,-2.70%
2001-01-29,27.283,-3.38%
2001-01-26,27.099,-7.03%
2001-01-25,27.150,-7.25%
2001-01-24,27.286,-6.22%
2001-01-23,27.208,-9.07%
2001-01-22,26.858,-10.24%
2001-01-19,26.851,-11.16%
2001-01-18,26.959,-10.76%
2001-01-17,26.589,-12.58%
2001-01-16,26.533,-12.77%
2001-01-12,26.366,-11.32%
2001-01-11,26.536,-11.14%
2001-01-10,26.265,-13.20%
2001-01-09,26.016,-13.06%
2001-01-08,25.917,-13.39%
2001-01-05,25.967,-10.79%
2001-01-04,26.667,-8.21%
2001-01-03,26.951,-10.79%
2001-01-02,25.665,-11.59%
2001-01-01,27.550,-5.10%
2000-12-29,25.772,-17.64%
2000-12-28,26.044,-16.44%
2000-12-27,25.940,-16.74%
2000-12-26,25.672,-17.67%
2000-12-22,25.492,-16.98%
2000-12-21,24.885,-18.80%
2000-12-20,24.687,-18.58%
2000-12-19,25.485,-16.12%
2000-12-18,25.820,-15.02%
2000-12-15,25.613,-15.24%
2000-12-14,26.175,-12.75%
2000-12-13,26.547,-12.27%
2000-12-12,26.765,-11.66%
2000-12-11,26.941,-11.08%
2000-12-08,26.740,-10.92%
2000-12-07,26.226,-12.96%
2000-12-06,26.380,-13.32%
2000-12-05,26.870,-12.32%
2000-12-04,25.863,-15.61%
2000-12-01,26.620,-10.25%
2000-11-30,25.668,-13.57%
2000-11-29,25.575,-17.60%
2000-11-28,25.464,-18.47%
2000-11-27,25.709,-17.68%
2000-11-24,25.572,-18.15%
2000-11-22,25.202,-19.55%
2000-11-21,25.678,-18.09%
2000-11-20,25.588,-18.38%
2000-11-17,26.067,-16.18%
2000-11-16,26.154,-16.46%
2000-11-15,26.488,-13.83%
2000-11-14,26.357,-14.36%
2000-11-13,25.753,-16.32%
2000-11-10,26.034,-14.02%
2000-11-09,26.685,-11.34%
2000-11-08,26.859,-11.52%
2000-11-07,27.289,-9.66%
2000-11-06,27.295,-9.64%
2000-11-03,27.191,-8.97%
2000-11-02,27.222,-8.38%
2000-11-01,26.900,-9.55%
2000-10-31,27.242,-12.13%
2000-10-30,26.046,-15.99%
2000-10-27,25.691,-12.90%
2000-10-26,25.409,-12.87%
2000-10-25,25.417,-13.63%
2000-10-24,26.036,-12.07%
2000-10-23,25.992,-12.22%
2000-10-20,26.014,-11.31%
2000-10-19,25.861,-9.87%
2000-10-18,24.993,-12.39%
2000-10-17,25.139,-11.41%
2000-10-16,25.598,-9.79%
2000-10-13,25.590,-12.49%
2000-10-12,24.763,-17.09%
2000-10-11,25.411,-16.34%
2000-10-10,25.829,-15.01%
2000-10-09,26.109,-14.09%
2000-10-06,26.238,-12.98%
2000-10-05,26.746,-9.65%
2000-10-04,26.710,-10.00%
2000-10-03,26.564,-7.31%
2000-10-02,26.745,-6.68%
2000-10-01,26.490,-7.57%
2000-09-29,27.048,-8.35%
2000-09-28,27.458,-7.96%
2000-09-27,26.861,-10.04%
2000-09-26,26.873,-9.58%
2000-09-25,27.095,-8.83%
2000-09-22,27.278,-10.54%
2000-09-21,27.284,-10.32%
2000-09-20,27.327,-12.06%
2000-09-19,27.488,-11.53%
2000-09-18,27.198,-12.46%
2000-09-15,27.600,-10.00%
2000-09-14,27.883,-10.32%
2000-09-13,27.959,-10.60%
2000-09-12,27.904,-11.27%
2000-09-11,28.041,-10.84%
2000-09-08,28.140,-10.02%
2000-09-07,28.291,-9.96%
2000-09-06,28.097,-11.02%
2000-09-05,28.377,-10.14%
2000-09-01,27.340,-8.84%
2000-08-31,28.576,-6.98%
2000-08-30,28.615,-9.23%
2000-08-29,28.753,-10.43%
2000-08-28,28.834,-10.18%
2000-08-25,28.689,-12.80%
2000-08-24,28.724,-11.52%
2000-08-23,28.680,-11.44%
2000-08-22,28.530,-10.35%
2000-08-21,28.556,-10.27%
2000-08-18,28.408,-10.48%
2000-08-17,28.491,-10.98%
2000-08-16,28.182,-11.06%
2000-08-15,28.269,-10.57%
2000-08-14,28.405,-10.14%
2000-08-11,28.030,-9.57%
2000-08-10,27.809,-8.85%
2000-08-09,28.049,-9.23%
2000-08-08,28.238,-8.79%
2000-08-07,28.172,-9.00%
2000-08-04,27.860,-10.36%
2000-08-03,27.663,-12.13%
2000-08-02,27.399,-13.35%
2000-08-01,27.970,-9.45%
2000-07-31,27.249,-15.88%
2000-07-28,27.348,-17.84%
2000-07-27,27.920,-15.96%
2000-07-26,27.974,-14.86%
2000-07-25,28.399,-14.15%
2000-07-24,28.203,-14.74%
2000-07-21,28.509,-15.21%
2000-07-20,28.805,-14.20%
2000-07-19,28.543,-16.82%
2000-07-18,28.770,-16.82%
2000-07-17,29.093,-15.89%
2000-07-14,29.083,-14.68%
2000-07-13,28.810,-15.20%
2000-07-12,28.754,-15.70%
2000-07-11,28.522,-16.63%
2000-07-10,28.421,-16.92%
2000-07-07,28.484,-16.29%
2000-07-06,28.056,-17.09%
2000-07-05,27.855,-17.87%
2000-07-03,28.304,-16.55%
2000-07-01,28.050,-14.69%
2000-06-30,28.016,-16.28%
2000-06-29,27.953,-16.97%
2000-06-28,28.194,-15.00%
2000-06-27,28.111,-14.21%
2000-06-26,28.204,-13.93%
2000-06-23,27.936,-15.88%
2000-06-22,28.143,-15.44%
2000-06-21,28.665,-14.71%
2000-06-20,28.604,-14.50%
2000-06-19,28.798,-13.92%
2000-06-16,28.381,-14.37%
2000-06-15,28.658,-11.59%
2000-06-14,28.499,-11.60%
2000-06-13,28.478,-11.64%
2000-06-12,28.023,-13.05%
2000-06-09,28.235,-14.05%
2000-06-08,28.327,-13.68%
2000-06-07,28.515,-14.23%
2000-06-06,28.253,-14.59%
2000-06-05,28.442,-14.02%
2000-06-02,28.629,-11.25%
2000-06-01,28.160,-12.66%
2000-05-31,27.531,-16.97%
2000-05-30,27.744,-16.33%
2000-05-26,26.878,-19.12%
2000-05-25,26.946,-17.63%
2000-05-24,27.288,-18.01%
2000-05-23,26.797,-20.92%
2000-05-22,27.320,-19.37%
2000-05-19,27.442,-19.85%
2000-05-18,28.032,-17.46%
2000-05-17,28.239,-17.23%
2000-05-16,28.594,-16.09%
2000-05-15,28.328,-16.87%
2000-05-12,27.715,-20.23%
2000-05-11,27.459,-20.48%
2000-05-10,26.976,-20.98%
2000-05-09,27.543,-19.60%
2000-05-08,27.778,-18.92%
2000-05-05,27.943,-18.58%
2000-05-04,27.493,-18.97%
2000-05-03,27.601,-20.01%
2000-05-02,28.209,-15.01%
2000-05-01,27.490,-17.17%
2000-04-28,28.507,-19.01%
2000-04-27,28.752,-19.03%
2000-04-26,28.675,-19.08%
2000-04-25,28.998,-17.98%
2000-04-24,28.064,-20.62%
2000-04-20,28.156,-17.27%
2000-04-19,28.017,-16.61%
2000-04-18,28.295,-17.67%
2000-04-17,27.506,-19.96%
2000-04-14,26.625,-23.08%
2000-04-13,28.273,-19.61%
2000-04-12,28.796,-18.66%
2000-04-11,29.452,-16.17%
2000-04-10,29.528,-15.95%
2000-04-07,29.762,-13.91%
2000-04-06,29.467,-14.19%
2000-04-05,29.193,-15.19%
2000-04-04,29.337,-13.71%
2000-04-03,29.558,-13.06%
2000-04-01,28.500,-16.18%
2000-03-31,29.413,-12.24%
2000-03-30,29.747,-12.73%
2000-03-29,30.158,-12.16%
2000-03-28,30.143,-10.33%
2000-03-27,30.465,-9.37%
2000-03-24,30.537,-8.14%
2000-03-23,30.535,-7.68%
2000-03-22,30.001,-11.73%
2000-03-21,29.865,-12.29%
2000-03-20,29.121,-14.47%
2000-03-17,29.278,-13.91%
2000-03-16,29.158,-14.83%
2000-03-15,27.832,-18.76%
2000-03-14,27.172,-19.91%
2000-03-13,27.661,-18.46%
2000-03-10,27.890,-17.29%
2000-03-09,28.023,-16.45%
2000-03-08,27.323,-18.72%
2000-03-07,27.102,-18.91%
2000-03-06,27.814,-16.78%
2000-03-03,28.172,-12.43%
2000-03-02,27.624,-13.98%
2000-03-01,28.310,-15.21%
2000-02-29,27.317,-18.19%
2000-02-28,27.455,-15.91%
2000-02-25,27.156,-17.27%
2000-02-24,27.565,-16.58%
2000-02-23,27.713,-17.31%
2000-02-22,27.539,-17.89%
2000-02-18,27.415,-15.96%
2000-02-17,28.274,-12.39%
2000-02-16,28.262,-13.68%
2000-02-15,28.555,-11.95%
2000-02-14,28.308,-12.72%
2000-02-11,28.251,-14.55%
2000-02-10,28.856,-10.55%
2000-02-09,28.752,-10.33%
2000-02-08,29.363,-10.45%
2000-02-07,29.007,-11.23%
2000-02-04,29.010,-11.87%
2000-02-03,29.022,-13.46%
2000-02-02,28.699,-13.74%
2000-02-01,27.770,-15.00%
2000-01-31,28.400,-16.31%
2000-01-28,28.237,-15.85%
2000-01-27,29.034,-11.93%
2000-01-26,29.149,-12.23%
2000-01-25,29.272,-10.55%
2000-01-24,29.095,-10.45%
2000-01-21,29.922,-8.65%
2000-01-20,30.010,-9.94%
2000-01-19,30.224,-8.97%
2000-01-18,30.208,-8.37%
2000-01-14,30.416,-5.38%
2000-01-13,30.095,-8.06%
2000-01-12,29.733,-9.54%
2000-01-11,29.864,-10.90%
2000-01-10,30.259,-10.51%
2000-01-07,29.925,-11.13%
2000-01-06,29.135,-13.65%
2000-01-05,29.108,-11.82%
2000-01-04,29.052,-10.79%
2000-01-03,30.210,-8.23%
2000-01-01,29.030,-11.82%
1999-12-31,30.501,-6.43%
1999-12-30,31.312,-3.82%
1999-12-29,31.291,-4.65%
1999-12-28,31.167,-3.76%
1999-12-27,31.155,-3.86%
1999-12-23,31.181,-3.96%
1999-12-22,30.706,-3.46%
1999-12-21,30.648,-3.59%
1999-12-20,30.321,-3.42%
1999-12-17,30.383,-2.57%
1999-12-16,30.335,-1.21%
1999-12-15,30.219,-1.66%
1999-12-14,30.001,-0.52%
1999-12-13,30.259,-1.84%
1999-12-10,30.298,-1.59%
1999-12-09,30.107,-3.74%
1999-12-08,30.017,-3.85%
1999-12-07,30.130,-4.00%
1999-12-06,30.433,-2.14%
1999-12-03,30.646,+0.83%
1999-12-02,30.127,-2.67%
1999-12-01,29.660,-6.02%
1999-11-30,29.697,-3.43%
1999-11-29,31.037,-1.19%
1999-11-26,31.231,-0.11%
1999-11-24,31.241,+0.25%
1999-11-23,30.966,-1.07%
1999-11-22,31.326,+2.20%
1999-11-19,31.349,+3.24%
1999-11-18,31.414,+4.19%
1999-11-17,31.100,+3.62%
1999-11-16,31.307,+4.63%
1999-11-15,30.741,+3.66%
1999-11-12,30.777,+4.53%
1999-11-11,30.455,+3.13%
1999-11-10,30.279,+1.87%
1999-11-09,30.099,+1.09%
1999-11-08,30.357,+0.99%
1999-11-05,30.208,+1.13%
1999-11-04,30.041,+1.94%
1999-11-03,29.871,+2.08%
1999-11-02,29.712,+1.47%
1999-11-01,29.740,-1.65%
1999-10-29,31.004,+8.75%
1999-10-28,30.538,+8.90%
1999-10-27,29.497,+5.46%
1999-10-26,29.161,+3.58%
1999-10-25,29.427,+4.69%
1999-10-22,29.610,+4.58%
1999-10-21,29.199,+3.95%
1999-10-20,29.332,+5.01%
1999-10-19,28.692,+2.87%
1999-10-18,28.529,+2.86%
1999-10-15,28.376,+3.19%
1999-10-14,29.195,+10.59%
1999-10-13,29.244,+11.97%
1999-10-12,29.869,+14.03%
1999-10-11,30.373,+17.52%
1999-10-08,30.392,+20.66%
1999-10-07,29.974,+17.62%
1999-10-06,30.150,+16.64%
1999-10-05,29.603,+14.06%
1999-10-04,29.677,+12.75%
1999-10-01,28.660,+5.37%
1999-09-30,29.179,+9.28%
1999-09-29,29.511,+7.97%
1999-09-28,29.832,+9.18%
1999-09-27,29.858,+9.69%
1999-09-24,29.720,+9.39%
1999-09-23,29.791,+7.25%
1999-09-22,30.491,+13.66%
1999-09-21,30.423,+14.04%
1999-09-20,31.073,+16.91%
1999-09-17,31.071,+17.04%
1999-09-16,30.677,+12.62%
1999-09-15,30.665,+13.42%
1999-09-14,31.091,+15.88%
1999-09-13,31.273,+18.95%
1999-09-10,31.449,+23.14%
1999-09-09,31.356,+19.60%
1999-09-08,31.274,+17.28%
1999-09-07,31.420,+23.82%
1999-09-03,31.578,+23.39%
1999-09-02,30.691,+18.93%
1999-09-01,29.990,+11.90%
1999-08-31,30.721,+23.17%
1999-08-30,31.524,+18.71%
1999-08-27,32.102,+19.10%
1999-08-26,32.429,+15.69%
1999-08-25,32.900,+16.44%
1999-08-24,32.464,+15.40%
1999-08-23,32.386,+15.86%
1999-08-20,31.824,+12.77%
1999-08-19,31.514,+11.01%
1999-08-18,31.734,+11.47%
1999-08-17,32.004,+14.23%
1999-08-16,31.685,+15.32%
1999-08-13,31.611,+13.75%
1999-08-12,30.909,+10.27%
1999-08-11,30.998,+12.16%
1999-08-10,30.510,+8.95%
1999-08-09,30.900,+9.71%
1999-08-06,30.959,+9.90%
1999-08-05,31.279,+11.88%
1999-08-04,31.079,+12.13%
1999-08-03,31.480,+9.46%
1999-08-02,31.620,+12.93%
1999-08-01,30.890,+10.32%
1999-07-30,32.392,+10.44%
1999-07-29,32.692,+13.22%
1999-07-28,33.286,+14.77%
1999-07-27,33.224,+12.85%
1999-07-26,32.856,+12.24%
1999-07-23,33.080,+13.11%
1999-07-22,33.178,+11.07%
1999-07-21,33.625,+12.47%
1999-07-20,33.571,+10.49%
1999-07-19,34.316,+12.69%
1999-07-16,34.588,+13.84%
1999-07-15,34.364,+13.99%
1999-07-14,34.085,+12.80%
1999-07-13,33.973,+13.62%
1999-07-12,34.108,+14.16%
1999-07-09,34.210,+15.07%
1999-07-08,33.994,+13.58%
1999-07-07,34.029,+14.85%
1999-07-06,33.840,+13.95%
1999-07-02,33.916,+15.29%
1999-07-01,32.880,+9.97%
1999-06-30,33.464,+15.02%
1999-06-29,33.668,+15.81%
1999-06-28,33.168,+14.62%
1999-06-25,32.768,+13.63%
1999-06-24,32.780,+13.31%
1999-06-23,33.210,+16.17%
1999-06-22,33.281,+18.14%
1999-06-21,33.607,+19.57%
1999-06-18,33.454,+18.41%
1999-06-17,33.381,+18.08%
1999-06-16,33.144,+19.34%
1999-06-15,32.416,+17.86%
1999-06-14,32.237,+14.89%
1999-06-11,32.228,+15.30%
1999-06-10,32.457,+14.27%
1999-06-09,32.851,+15.02%
1999-06-08,32.818,+15.19%
1999-06-07,33.247,+16.89%
1999-06-04,33.078,+18.31%
1999-06-03,32.375,+17.09%
1999-06-02,32.257,+15.55%
1999-06-01,32.240,+13.36%
1999-05-28,33.159,+18.88%
1999-05-27,32.639,+17.59%
1999-05-26,33.234,+19.54%
1999-05-25,32.715,+15.93%
1999-05-24,33.282,+17.94%
1999-05-21,33.884,+19.62%
1999-05-20,34.102,+19.91%
1999-05-19,34.239,+21.43%
1999-05-18,33.961,+20.85%
1999-05-17,34.118,+21.09%
1999-05-14,34.075,+20.00%
1999-05-13,34.833,+22.50%
1999-05-12,34.743,+22.52%
1999-05-11,34.529,+22.78%
1999-05-10,34.139,+21.23%
1999-05-07,34.259,+23.10%
1999-05-06,33.929,+20.83%
1999-05-05,34.318,+21.06%
1999-05-04,33.928,+18.98%
1999-05-03,34.504,+21.92%
1999-05-01,33.190,+17.28%
1999-04-30,34.009,+20.37%
1999-04-29,34.988,+26.38%
1999-04-28,35.198,+28.26%
1999-04-27,35.508,+29.21%
1999-04-26,35.436,+26.47%
1999-04-23,35.353,+24.86%
1999-04-22,35.404,+23.82%
1999-04-21,34.813,+22.18%
1999-04-20,34.033,+19.76%
1999-04-19,33.598,+18.32%
1999-04-16,34.367,+22.62%
1999-04-15,34.467,+21.75%
1999-04-14,34.613,+22.66%
1999-04-13,35.170,+25.32%
1999-04-12,35.400,+26.02%
1999-04-09,35.132,+25.07%
1999-04-08,35.018,+25.68%
1999-04-07,34.572,+23.20%
1999-04-06,34.338,+21.07%
1999-04-05,34.422,+21.23%
1999-04-01,34.000,+20.31%
1999-03-31,33.517,+20.29%
1999-03-30,34.087,+23.44%
1999-03-29,34.334,+24.12%
1999-03-26,33.616,+20.93%
1999-03-25,33.805,+21.48%
1999-03-24,33.244,+19.07%
1999-03-23,33.075,+19.56%
1999-03-22,33.989,+22.45%
1999-03-19,34.048,+23.73%
1999-03-18,34.501,+25.86%
1999-03-17,34.010,+24.65%
1999-03-16,34.234,+25.61%
1999-03-15,34.257,+26.95%
1999-03-12,33.925,+25.56%
1999-03-11,34.006,+26.03%
1999-03-10,33.722,+25.48%
1999-03-09,33.539,+26.21%
1999-03-08,33.615,+26.09%
1999-03-05,33.424,+27.88%
1999-03-04,32.669,+23.52%
1999-03-03,32.172,+21.10%
1999-03-02,32.115,+21.39%
1999-03-01,33.390,+22.62%
1999-02-26,32.648,+23.47%
1999-02-25,32.824,+24.83%
1999-02-24,33.045,+27.17%
1999-02-23,33.514,+28.03%
1999-02-22,33.539,+28.62%
1999-02-19,32.671,+26.01%
1999-02-18,32.620,+25.35%
1999-02-17,32.271,+25.14%
1999-02-16,32.741,+27.29%
1999-02-12,32.432,+25.59%
1999-02-11,33.062,+28.55%
1999-02-10,32.258,+25.55%
1999-02-09,32.063,+25.81%
1999-02-08,32.791,+28.45%
1999-02-05,32.676,+29.13%
1999-02-04,32.916,+29.65%
1999-02-03,33.537,+32.21%
1999-02-02,33.272,+31.79%
1999-02-01,32.670,+26.38%
1999-01-29,33.934,+36.77%
1999-01-28,33.555,+36.35%
1999-01-27,32.967,+35.13%
1999-01-26,33.209,+37.84%
1999-01-25,32.723,+35.73%
1999-01-22,32.490,+34.00%
1999-01-21,32.754,+34.01%
1999-01-20,33.323,+35.26%
1999-01-19,33.201,+37.15%
1999-01-15,32.969,+37.74%
1999-01-14,32.145,+33.29%
1999-01-13,32.734,+36.56%
1999-01-12,32.870,+39.01%
1999-01-11,33.516,+43.50%
1999-01-08,33.813,+40.48%
1999-01-07,33.671,+38.74%
1999-01-06,33.740,+38.65%
1999-01-05,33.009,+34.19%
1999-01-04,32.567,+32.67%
1999-01-01,32.920,+35.53%
1998-12-31,32.597,+33.42%
1998-12-30,32.556,+34.23%
1998-12-29,32.817,+37.79%
1998-12-28,32.386,+38.44%
1998-12-24,32.407,+39.09%
1998-12-23,32.467,+38.39%
1998-12-22,31.807,+33.50%
1998-12-21,31.788,+34.40%
1998-12-18,31.396,+31.56%
1998-12-17,31.183,+29.28%
1998-12-16,30.707,+26.98%
1998-12-15,30.730,+27.69%
1998-12-14,30.159,+26.63%
1998-12-11,30.826,+29.22%
1998-12-10,30.788,+27.08%
1998-12-09,31.276,+28.31%
1998-12-08,31.220,+27.22%
1998-12-07,31.387,+27.71%
1998-12-04,31.098,+27.93%
1998-12-03,30.395,+24.56%
1998-12-02,30.953,+27.52%
1998-12-01,31.560,+30.25%
1998-11-30,30.751,+29.81%
1998-11-27,31.410,+33.12%
1998-11-25,31.266,+32.62%
1998-11-24,31.164,+32.77%
1998-11-23,31.302,+31.08%
1998-11-20,30.652,+28.91%
1998-11-19,30.364,+29.64%
1998-11-18,30.150,+29.60%
1998-11-17,30.014,+27.93%
1998-11-16,29.923,+29.99%
1998-11-13,29.655,+30.47%
1998-11-12,29.444,+31.07%
1998-11-11,29.530,+28.92%
1998-11-10,29.722,+30.13%
1998-11-09,29.773,+29.46%
1998-11-06,30.058,+29.23%
1998-11-05,29.870,+27.78%
1998-11-04,29.470,+26.33%
1998-11-03,29.263,+25.68%
1998-11-02,29.283,+24.82%
1998-11-01,30.240,+28.90%
1998-10-30,28.844,+29.72%
1998-10-29,28.510,+26.06%
1998-10-28,28.041,+23.62%
1998-10-27,27.969,+29.61%
1998-10-26,28.152,+21.50%
1998-10-23,28.109,+20.16%
1998-10-22,28.314,+18.81%
1998-10-21,28.089,+17.41%
1998-10-20,27.932,+18.79%
1998-10-19,27.892,+20.06%
1998-10-16,27.735,+18.00%
1998-10-15,27.500,+15.73%
1998-10-14,26.399,+10.57%
1998-10-13,26.117,+9.64%
1998-10-12,26.193,+10.08%
1998-10-09,25.844,+8.21%
1998-10-08,25.189,+5.12%
1998-10-07,25.484,+5.34%
1998-10-06,25.849,+8.00%
1998-10-05,25.953,+9.29%
1998-10-02,26.322,+11.38%
1998-10-01,27.200,+15.35%
1998-09-30,26.700,+14.55%
1998-09-29,27.332,+16.43%
1998-09-28,27.324,+17.39%
1998-09-25,27.221,+17.86%
1998-09-24,27.168,+16.82%
1998-09-23,27.777,+18.50%
1998-09-22,26.827,+14.03%
1998-09-21,26.678,+13.98%
1998-09-18,26.579,+13.94%
1998-09-17,26.547,+14.32%
1998-09-16,27.240,+16.98%
1998-09-15,27.037,+19.37%
1998-09-14,26.830,+17.93%
1998-09-11,26.291,+16.99%
1998-09-10,25.539,+12.85%
1998-09-09,26.217,+14.04%
1998-09-08,26.666,+16.29%
1998-09-04,25.375,+10.70%
1998-09-03,25.593,+12.01%
1998-09-02,25.807,+12.99%
1998-09-01,26.800,+16.22%
1998-08-31,24.942,+12.53%
1998-08-28,26.555,+19.25%
1998-08-27,26.954,+19.71%
1998-08-26,28.030,+24.58%
1998-08-25,28.254,+24.60%
1998-08-24,28.132,+23.61%
1998-08-21,27.953,+22.62%
1998-08-20,28.221,+21.92%
1998-08-19,28.388,+24.41%
1998-08-18,28.469,+26.61%
1998-08-17,28.016,+26.21%
1998-08-14,27.475,+20.56%
1998-08-13,27.790,+22.31%
1998-08-12,28.031,+22.77%
1998-08-11,27.637,+19.69%
1998-08-10,28.003,+21.73%
1998-08-07,28.166,+20.16%
1998-08-06,28.170,+19.04%
1998-08-05,27.958,+19.13%
1998-08-04,27.718,+18.36%
1998-08-03,28.760,+25.97%
1998-08-01,28.000,+22.65%
1998-07-31,28.973,+23.21%
1998-07-30,29.329,+24.89%
1998-07-29,28.874,+24.25%
1998-07-28,29.003,+25.59%
1998-07-27,29.440,+27.17%
1998-07-24,29.274,+26.24%
1998-07-23,29.247,+26.63%
1998-07-22,29.871,+29.69%
1998-07-21,29.897,+32.79%
1998-07-20,30.385,+34.61%
1998-07-17,30.453,+32.55%
1998-07-16,30.382,+31.54%
1998-07-15,30.147,+32.05%
1998-07-14,30.218,+33.42%
1998-07-13,29.900,+32.27%
1998-07-10,29.878,+32.58%
1998-07-09,29.730,+32.84%
1998-07-08,29.930,+32.10%
1998-07-07,29.629,+31.71%
1998-07-06,29.698,+31.34%
1998-07-02,29.418,+31.95%
1998-07-01,29.900,+31.14%
1998-06-30,29.095,+33.29%
1998-06-29,29.073,+32.54%
1998-06-26,28.938,+32.46%
1998-06-25,28.838,+31.21%
1998-06-24,28.930,+30.56%
1998-06-23,28.588,+31.61%
1998-06-22,28.172,+26.80%
1998-06-19,28.106,+26.60%
1998-06-18,28.253,+28.55%
1998-06-17,28.271,+27.85%
1998-06-16,27.773,+25.68%
1998-06-15,27.503,+24.54%
1998-06-12,28.060,+28.47%
1998-06-11,27.951,+30.02%
1998-06-10,28.403,+32.78%
1998-06-09,28.560,+33.88%
1998-06-08,28.491,+34.32%
1998-06-05,28.444,+36.42%
1998-06-04,27.958,+34.61%
1998-06-03,27.649,+32.28%
1998-06-02,27.917,+33.42%
1998-06-01,28.440,+31.61%
1998-05-29,27.721,+32.48%
1998-05-28,27.893,+32.81%
1998-05-27,27.757,+31.77%
1998-05-26,27.802,+32.41%
1998-05-22,28.220,+36.23%
1998-05-21,28.326,+36.14%
1998-05-20,28.439,+36.31%
1998-05-19,28.196,+36.50%
1998-05-18,28.102,+36.62%
1998-05-15,28.176,+35.01%
1998-05-14,28.396,+37.01%
1998-05-13,28.434,+37.67%
1998-05-12,28.356,+36.56%
1998-05-11,28.123,+37.55%
1998-05-08,28.161,+38.49%
1998-05-07,27.831,+37.65%
1998-05-06,28.079,+36.84%
1998-05-05,28.348,+37.74%
1998-05-04,28.515,+41.49%
1998-05-01,28.300,+37.38%
1998-04-30,28.253,+42.23%
1998-04-29,27.684,+40.29%
1998-04-28,27.443,+42.87%
1998-04-27,27.480,+44.48%
1998-04-24,28.020,+46.20%
1998-04-23,28.315,+47.27%
1998-04-22,28.592,+48.53%
1998-04-21,28.494,+50.79%
1998-04-20,28.418,+49.22%
1998-04-17,28.395,+49.99%
1998-04-16,28.027,+47.71%
1998-04-15,28.309,+50.94%
1998-04-14,28.218,+52.68%
1998-04-13,28.065,+53.10%
1998-04-09,28.090,+48.61%
1998-04-08,27.862,+46.34%
1998-04-07,28.061,+48.16%
1998-04-06,28.361,+50.58%
1998-04-03,28.394,+52.28%
1998-04-02,28.326,+51.96%
1998-04-01,28.260,+49.21%
1998-03-31,27.864,+48.09%
1998-03-30,27.615,+41.80%
1998-03-27,27.663,+42.05%
1998-03-26,27.798,+39.74%
1998-03-25,27.827,+40.14%
1998-03-24,27.920,+40.29%
1998-03-23,27.665,+40.21%
1998-03-20,27.757,+40.94%
1998-03-19,27.519,+39.17%
1998-03-18,27.412,+37.95%
1998-03-17,27.284,+36.26%
1998-03-16,27.254,+36.55%
1998-03-13,26.985,+35.82%
1998-03-12,27.018,+33.50%
1998-03-11,26.982,+32.16%
1998-03-10,26.875,+31.26%
1998-03-09,26.573,+31.19%
1998-03-06,26.659,+32.66%
1998-03-05,26.138,+29.52%
1998-03-04,26.448,+32.88%
1998-03-03,26.566,+32.74%
1998-03-02,26.457,+34.37%
1998-03-01,27.230,+38.29%
1998-02-27,26.458,+30.55%
1998-02-26,26.442,+28.75%
1998-02-25,26.296,+27.03%
1998-02-24,25.985,+25.80%
1998-02-23,26.176,+28.08%
1998-02-20,26.077,+27.43%
1998-02-19,25.927,+25.18%
1998-02-18,26.023,+25.06%
1998-02-17,25.788,+25.13%
1998-02-13,25.721,+24.29%
1998-02-12,25.823,+26.19%
1998-02-11,25.719,+27.78%
1998-02-10,25.694,+28.34%
1998-02-09,25.485,+26.63%
1998-02-06,25.528,+28.37%
1998-02-05,25.304,+27.55%
1998-02-04,25.388,+26.19%
1998-02-03,25.366,+26.49%
1998-02-02,25.246,+25.66%
1998-02-01,25.850,+28.67%
1998-01-30,24.680,+21.89%
1998-01-29,24.811,+24.39%
1998-01-28,24.609,+24.58%
1998-01-27,24.396,+23.51%
1998-01-26,24.092,+21.10%
1998-01-23,24.109,+20.09%
1998-01-22,24.246,+19.44%
1998-01-21,24.441,+20.94%
1998-01-20,24.637,+22.85%
1998-01-16,24.207,+21.80%
1998-01-15,23.936,+20.83%
1998-01-14,24.117,+21.48%
1998-01-13,23.971,+22.24%
1998-01-12,23.646,+20.58%
1998-01-09,23.356,+19.84%
1998-01-08,24.070,+24.56%
1998-01-07,24.270,+24.79%
1998-01-06,24.335,+26.06%
1998-01-05,24.599,+27.36%
1998-01-02,24.548,+29.00%
1998-01-01,24.290,+24.37%
1997-12-31,24.432,+27.74%
1997-12-30,24.253,+21.67%
1997-12-29,23.816,+19.02%
1997-12-26,23.394,+17.06%
1997-12-24,23.300,+17.33%
1997-12-23,23.461,+18.80%
1997-12-22,23.825,+20.32%
1997-12-19,23.652,+19.95%
1997-12-18,23.865,+23.38%
1997-12-17,24.120,+25.64%
1997-12-16,24.183,+26.86%
1997-12-15,24.067,+24.92%
1997-12-12,23.817,+23.51%
1997-12-11,23.856,+21.80%
1997-12-10,24.227,+22.57%
1997-12-09,24.376,+22.95%
1997-12-08,24.541,+25.49%
1997-12-05,24.576,+24.87%
1997-12-04,24.309,+23.39%
1997-12-03,24.401,+23.33%
1997-12-02,24.274,+21.35%
1997-12-01,24.230,+26.26%
1997-11-28,23.690,+15.82%
1997-11-26,23.596,+15.21%
1997-11-25,23.576,+14.95%
1997-11-24,23.473,+15.72%
1997-11-21,23.880,+18.67%
1997-11-20,23.778,+17.97%
1997-11-19,23.422,+16.49%
1997-11-18,23.264,+16.51%
1997-11-17,23.461,+17.40%
1997-11-14,23.019,+15.46%
1997-11-13,22.729,+14.75%
1997-11-12,22.464,+13.65%
1997-11-11,22.906,+15.52%
1997-11-10,22.840,+15.35%
1997-11-07,22.998,+16.66%
1997-11-06,23.259,+18.48%
1997-11-05,23.376,+20.82%
1997-11-04,23.327,+21.83%
1997-11-03,23.283,+19.71%
1997-11-01,23.460,+20.62%
1997-10-31,22.678,+18.68%
1997-10-30,22.236,+14.21%
1997-10-29,22.617,+16.07%
1997-10-28,22.683,+17.12%
1997-10-27,21.579,+10.83%
1997-10-24,23.170,+18.77%
1997-10-23,23.393,+19.07%
1997-10-22,23.831,+21.42%
1997-10-21,23.924,+21.33%
1997-10-20,23.514,+19.09%
1997-10-17,23.232,+18.30%
1997-10-16,23.505,+20.13%
1997-10-15,23.763,+21.76%
1997-10-14,23.875,+22.17%
1997-10-13,23.821,+22.39%
1997-10-10,23.794,+23.32%
1997-10-09,23.883,+23.40%
1997-10-08,23.963,+23.13%
1997-10-07,24.191,+23.82%
1997-10-06,23.934,+22.83%
1997-10-03,23.746,+23.39%
1997-10-02,23.633,+22.59%
1997-10-01,23.580,+24.11%
1997-09-30,23.309,+22.09%
1997-09-29,23.475,+21.93%
1997-09-26,23.276,+20.95%
1997-09-25,23.096,+20.02%
1997-09-24,23.257,+20.90%
1997-09-23,23.441,+21.70%
1997-09-22,23.527,+22.05%
1997-09-19,23.406,+22.14%
1997-09-18,23.327,+22.00%
1997-09-17,23.221,+21.18%
1997-09-16,23.286,+21.34%
1997-09-15,22.649,+18.61%
1997-09-12,22.751,+20.82%
1997-09-11,22.472,+20.02%
1997-09-10,22.631,+21.51%
1997-09-09,22.990,+23.44%
1997-09-08,22.930,+24.64%
1997-09-05,22.877,+25.55%
1997-09-04,22.922,+24.61%
1997-09-03,22.848,+24.38%
1997-09-02,22.841,+21.82%
1997-09-01,23.060,+22.99%
1997-08-29,22.165,+18.92%
1997-08-28,22.269,+18.14%
1997-08-27,22.516,+19.17%
1997-08-26,22.499,+19.53%
1997-08-25,22.675,+19.90%
1997-08-22,22.759,+19.68%
1997-08-21,22.796,+20.89%
1997-08-20,23.148,+22.64%
1997-08-19,22.819,+20.74%
1997-08-18,22.486,+19.22%
1997-08-15,22.198,+18.22%
1997-08-14,22.789,+21.41%
1997-08-13,22.721,+21.39%
1997-08-12,22.832,+20.96%
1997-08-11,23.090,+23.00%
1997-08-08,23.005,+22.46%
1997-08-07,23.440,+24.48%
1997-08-06,23.665,+26.01%
1997-08-05,23.469,+25.38%
1997-08-04,23.418,+24.68%
1997-08-01,22.830,+22.81%
1997-07-31,23.516,+29.61%
1997-07-30,23.484,+29.05%
1997-07-29,23.238,+28.59%
1997-07-28,23.094,+26.79%
1997-07-25,23.151,+28.05%
1997-07-24,23.189,+29.19%
1997-07-23,23.096,+28.62%
1997-07-22,23.033,+26.88%
1997-07-21,22.514,+23.05%
1997-07-18,22.572,+22.44%
1997-07-17,22.974,+26.49%
1997-07-16,23.097,+28.32%
1997-07-15,22.830,+26.55%
1997-07-14,22.648,+22.36%
1997-07-11,22.606,+22.23%
1997-07-10,22.535,+19.91%
1997-07-09,22.381,+19.33%
1997-07-08,22.657,+21.21%
1997-07-07,22.496,+19.46%
1997-07-03,22.612,+17.40%
1997-07-02,22.294,+15.54%
1997-07-01,22.800,+24.86%
1997-06-30,21.828,+12.68%
1997-06-27,21.936,+13.59%
1997-06-26,21.846,+13.83%
1997-06-25,21.978,+13.82%
1997-06-24,22.159,+14.69%
1997-06-23,21.721,+12.77%
1997-06-20,22.218,+16.17%
1997-06-19,22.200,+16.10%
1997-06-18,21.979,+14.93%
1997-06-17,22.112,+15.09%
1997-06-16,22.099,+14.90%
1997-06-13,22.083,+14.46%
1997-06-12,21.841,+13.02%
1997-06-11,21.497,+10.92%
1997-06-10,21.391,+10.18%
1997-06-09,21.333,+9.69%
1997-06-06,21.212,+9.12%
1997-06-05,20.851,+6.40%
1997-06-04,20.769,+6.91%
1997-06-03,20.902,+8.38%
1997-06-02,20.924,+9.26%
1997-06-01,21.610,+12.85%
1997-05-30,21.028,+7.47%
1997-05-29,20.924,+7.55%
1997-05-28,21.002,+7.26%
1997-05-27,21.064,+6.58%
1997-05-23,20.997,+6.63%
1997-05-22,20.715,+4.82%
1997-05-21,20.807,+6.17%
1997-05-20,20.864,+6.41%
1997-05-19,20.656,+6.01%
1997-05-16,20.569,+6.21%
1997-05-15,20.870,+7.67%
1997-05-14,20.725,+6.90%
1997-05-13,20.653,+7.18%
1997-05-12,20.765,+9.32%
1997-05-09,20.446,+8.75%
1997-05-08,20.334,+8.26%
1997-05-07,20.219,+8.75%
1997-05-06,20.520,+9.93%
1997-05-05,20.581,+10.12%
1997-05-02,20.153,+7.53%
1997-05-01,20.600,+7.85%
1997-04-30,19.865,+4.25%
1997-04-29,19.733,+2.69%
1997-04-28,19.209,+0.06%
1997-04-25,19.020,-0.83%
1997-04-24,19.165,+0.34%
1997-04-23,19.226,+0.44%
1997-04-22,19.250,+1.14%
1997-04-21,18.896,-0.28%
1997-04-18,19.044,+0.72%
1997-04-17,18.931,+0.44%
1997-04-16,18.974,+0.14%
1997-04-15,18.755,-0.64%
1997-04-14,18.482,-1.19%
1997-04-11,18.331,-1.14%
1997-04-10,18.845,+1.26%
1997-04-09,18.902,+0.19%
1997-04-08,19.039,+0.60%
1997-04-07,18.940,-1.70%
1997-04-04,18.834,-2.25%
1997-04-03,18.646,-3.23%
1997-04-02,18.641,-3.16%
1997-04-01,18.940,+0.48%
1997-03-31,18.815,-0.87%
1997-03-27,19.474,+2.06%
1997-03-26,19.892,+3.61%
1997-03-25,19.856,+3.89%
1997-03-24,19.902,+4.04%
1997-03-21,19.731,+3.37%
1997-03-20,19.694,+3.05%
1997-03-19,19.773,+3.19%
1997-03-18,19.871,+3.55%
1997-03-17,20.023,+6.17%
1997-03-14,19.959,+5.92%
1997-03-13,19.868,+5.82%
1997-03-12,20.238,+8.04%
1997-03-11,20.416,+8.49%
1997-03-10,20.474,+9.92%
1997-03-07,20.256,+5.40%
1997-03-06,20.095,+4.82%
1997-03-05,20.181,+4.66%
1997-03-04,19.903,+4.01%
1997-03-03,20.013,+5.28%
1997-03-01,19.690,+3.58%
1997-02-28,19.900,+4.91%
1997-02-27,20.267,+6.43%
1997-02-26,20.537,+7.32%
1997-02-25,20.701,+6.76%
1997-02-24,20.655,+6.52%
1997-02-21,20.438,+7.19%
1997-02-20,20.464,+8.57%
1997-02-19,20.711,+8.64%
1997-02-18,20.808,+9.15%
1997-02-14,20.609,+6.85%
1997-02-13,20.694,+6.49%
1997-02-12,20.463,+5.15%
1997-02-11,20.127,+4.23%
1997-02-10,20.021,+3.68%
1997-02-07,20.126,+5.26%
1997-02-06,19.887,+4.59%
1997-02-05,19.839,+5.13%
1997-02-04,20.119,+7.55%
1997-02-03,20.054,+7.20%
1997-02-01,20.090,+5.18%
1997-01-31,20.040,+7.10%
1997-01-30,20.247,+9.11%
1997-01-29,19.946,+8.51%
1997-01-28,19.753,+7.92%
1997-01-27,19.753,+7.92%
1997-01-24,19.895,+8.98%
1997-01-23,20.076,+11.26%
1997-01-22,20.300,+12.39%
1997-01-21,20.210,+12.18%
1997-01-20,20.054,+11.31%
1997-01-17,20.041,+12.24%
1997-01-16,19.875,+10.93%
1997-01-15,19.809,+12.15%
1997-01-14,19.852,+12.03%
1997-01-13,19.610,+10.66%
1997-01-10,19.610,+11.28%
1997-01-09,19.490,+8.60%
1997-01-08,19.324,+6.11%
1997-01-07,19.448,+7.09%
1997-01-06,19.304,+6.30%
1997-01-03,19.314,+5.56%
1997-01-02,19.029,+4.11%
1997-01-01,19.530,+8.02%
1996-12-31,19.126,+6.72%
1996-12-30,19.933,+11.23%
1996-12-27,20.010,+11.91%
1996-12-26,19.985,+11.82%
1996-12-24,19.858,+11.53%
1996-12-23,19.749,+10.92%
1996-12-20,19.801,+12.31%
1996-12-19,19.719,+10.76%
1996-12-18,19.343,+9.56%
1996-12-17,19.197,+7.05%
1996-12-16,19.063,+6.31%
1996-12-13,19.266,+6.51%
1996-12-12,19.284,+7.12%
1996-12-11,19.586,+8.66%
1996-12-10,19.766,+10.02%
1996-12-09,19.826,+10.35%
1996-12-06,19.556,+8.38%
1996-12-05,19.682,+9.52%
1996-12-04,19.701,+10.34%
1996-12-03,19.785,+9.31%
1996-12-02,20.004,+10.52%
1996-12-01,19.190,+6.02%
1996-11-29,20.510,+17.36%
1996-11-27,20.455,+18.28%
1996-11-26,20.481,+18.70%
1996-11-25,20.510,+18.86%
1996-11-22,20.285,+17.87%
1996-11-21,20.123,+16.57%
1996-11-20,20.156,+17.42%
1996-11-19,20.107,+16.51%
1996-11-18,19.968,+15.70%
1996-11-15,19.984,+16.98%
1996-11-14,19.937,+17.64%
1996-11-13,19.808,+16.28%
1996-11-12,19.766,+15.95%
1996-11-11,19.829,+16.32%
1996-11-08,19.800,+16.35%
1996-11-07,19.714,+16.91%
1996-11-06,19.631,+16.00%
1996-11-05,19.348,+13.91%
1996-11-04,19.147,+12.73%
1996-11-01,19.450,+12.23%
1996-10-31,19.108,+14.25%
1996-10-30,19.469,+17.43%
1996-10-29,19.486,+18.25%
1996-10-28,19.368,+17.54%
1996-10-25,19.470,+17.59%
1996-10-24,19.508,+17.00%
1996-10-23,19.646,+18.14%
1996-10-22,19.627,+17.53%
1996-10-21,19.718,+18.08%
1996-10-18,19.745,+18.25%
1996-10-17,19.639,+17.75%
1996-10-16,19.567,+18.07%
1996-10-15,19.516,+17.46%
1996-10-14,19.543,+17.62%
1996-10-11,19.463,+18.17%
1996-10-10,19.295,+17.54%
1996-10-09,19.354,+17.73%
1996-10-08,19.462,+17.55%
1996-10-07,19.537,+18.00%
1996-10-04,19.485,+17.89%
1996-10-03,19.244,+16.26%
1996-10-02,19.278,+16.58%
1996-10-01,19.000,+13.30%
1996-09-30,19.092,+14.11%
1996-09-27,19.253,+15.74%
1996-09-26,19.244,+15.61%
1996-09-25,19.243,+15.53%
1996-09-24,19.237,+15.51%
1996-09-23,19.262,+15.66%
1996-09-20,19.277,+14.76%
1996-09-19,19.164,+14.58%
1996-09-18,19.121,+14.61%
1996-09-17,19.162,+14.74%
1996-09-16,19.191,+14.91%
1996-09-13,19.095,+15.25%
1996-09-12,18.831,+14.09%
1996-09-11,18.723,+13.96%
1996-09-10,18.625,+13.60%
1996-09-09,18.624,+13.60%
1996-09-06,18.397,+12.71%
1996-09-05,18.222,+11.83%
1996-09-04,18.395,+11.82%
1996-09-03,18.370,+11.67%
1996-09-01,18.750,+13.98%
1996-08-30,18.486,+14.29%
1996-08-29,18.639,+15.43%
1996-08-28,18.849,+16.93%
1996-08-27,18.894,+16.98%
1996-08-26,18.823,+16.54%
1996-08-23,18.912,+17.72%
1996-08-22,19.016,+17.86%
1996-08-21,18.857,+17.18%
1996-08-20,18.874,+17.05%
1996-08-19,18.899,+17.20%
1996-08-16,18.861,+16.81%
1996-08-15,18.777,+16.58%
1996-08-14,18.771,+16.30%
1996-08-13,18.718,+16.94%
1996-08-12,18.876,+17.92%
1996-08-09,18.772,+16.31%
1996-08-08,18.786,+16.26%
1996-08-07,18.831,+16.61%
1996-08-06,18.780,+16.52%
1996-08-05,18.719,+16.14%
1996-08-02,18.783,+16.57%
1996-08-01,18.590,+16.11%
1996-07-31,18.144,+11.95%
1996-07-30,18.197,+11.30%
1996-07-29,18.072,+10.53%
1996-07-26,18.215,+11.67%
1996-07-25,18.080,+10.94%
1996-07-24,17.950,+11.03%
1996-07-23,17.957,+11.67%
1996-07-22,18.154,+12.90%
1996-07-19,18.296,+14.33%
1996-07-18,18.435,+13.66%
1996-07-17,18.163,+11.13%
1996-07-16,18.000,+10.69%
1996-07-15,18.041,+10.94%
1996-07-12,18.510,+13.62%
1996-07-11,18.495,+14.78%
1996-07-10,18.793,+16.13%
1996-07-09,18.755,+16.07%
1996-07-08,18.692,+15.68%
1996-07-05,18.832,+18.48%
1996-07-03,19.261,+21.21%
1996-07-02,19.296,+20.07%
1996-07-01,18.260,+13.63%
1996-06-28,19.371,+20.20%
1996-06-27,19.311,+20.33%
1996-06-26,19.191,+19.21%
1996-06-25,19.309,+18.72%
1996-06-24,19.320,+18.79%
1996-06-21,19.262,+19.68%
1996-06-20,19.125,+18.61%
1996-06-19,19.121,+18.54%
1996-06-18,19.124,+19.74%
1996-06-17,19.213,+20.30%
1996-06-14,19.233,+21.18%
1996-06-13,19.293,+21.65%
1996-06-12,19.325,+23.03%
1996-06-11,19.381,+24.08%
1996-06-10,19.415,+24.30%
1996-06-07,19.449,+23.31%
1996-06-06,19.440,+22.69%
1996-06-05,19.597,+23.67%
1996-06-04,19.427,+23.31%
1996-06-03,19.286,+22.41%
1996-06-01,19.150,+22.21%
1996-05-31,19.328,+22.48%
1996-05-30,19.566,+23.99%
1996-05-29,19.456,+23.28%
1996-05-28,19.581,+24.07%
1996-05-24,19.764,+24.05%
1996-05-23,19.691,+23.60%
1996-05-22,19.762,+25.22%
1996-05-21,19.597,+25.24%
1996-05-20,19.608,+25.31%
1996-05-17,19.485,+22.66%
1996-05-16,19.366,+21.65%
1996-05-15,19.383,+21.87%
1996-05-14,19.388,+22.41%
1996-05-13,19.269,+21.66%
1996-05-10,18.995,+20.20%
1996-05-09,18.801,+19.15%
1996-05-08,18.782,+18.94%
1996-05-07,18.592,+18.60%
1996-05-06,18.666,+19.07%
1996-05-03,18.690,+19.14%
1996-05-02,18.741,+20.78%
1996-05-01,19.100,+23.23%
1996-04-30,19.055,+20.50%
1996-04-29,19.217,+21.53%
1996-04-26,19.197,+21.89%
1996-04-25,19.179,+21.90%
1996-04-24,19.100,+21.22%
1996-04-23,19.142,+22.53%
1996-04-22,19.033,+21.83%
1996-04-19,18.950,+22.16%
1996-04-18,18.907,+21.78%
1996-04-17,18.849,+21.22%
1996-04-16,18.948,+21.11%
1996-04-15,18.875,+20.65%
1996-04-12,18.705,+20.05%
1996-04-11,18.542,+19.39%
1996-04-10,18.610,+19.48%
1996-04-09,18.866,+21.26%
1996-04-08,18.926,+21.65%
1996-04-04,19.267,+24.13%
1996-04-03,19.268,+24.97%
1996-04-02,19.250,+25.73%
1996-04-01,18.850,+23.12%
1996-03-29,18.980,+20.34%
1996-03-28,19.081,+20.80%
1996-03-27,19.080,+20.96%
1996-03-26,19.199,+22.26%
1996-03-25,19.113,+21.71%
1996-03-22,19.130,+23.12%
1996-03-21,19.088,+23.00%
1996-03-20,19.111,+22.88%
1996-03-19,19.162,+23.36%
1996-03-18,19.190,+23.54%
1996-03-15,18.860,+22.32%
1996-03-14,18.844,+21.96%
1996-03-13,18.775,+22.22%
1996-03-12,18.732,+22.06%
1996-03-11,18.819,+22.62%
1996-03-08,18.627,+22.99%
1996-03-07,19.219,+27.17%
1996-03-06,19.171,+25.93%
1996-03-05,19.282,+26.71%
1996-03-04,19.136,+25.75%
1996-03-01,19.010,+25.48%
1996-02-29,18.831,+24.30%
1996-02-28,18.969,+24.15%
1996-02-27,19.042,+22.99%
1996-02-26,19.137,+22.52%
1996-02-23,19.390,+24.45%
1996-02-22,19.384,+24.88%
1996-02-21,19.067,+23.43%
1996-02-20,18.848,+22.21%
1996-02-16,19.064,+22.78%
1996-02-15,19.162,+23.59%
1996-02-14,19.287,+24.90%
1996-02-13,19.432,+26.08%
1996-02-12,19.460,+26.31%
1996-02-09,19.311,+25.67%
1996-02-08,19.302,+25.35%
1996-02-07,19.121,+24.28%
1996-02-06,19.015,+23.51%
1996-02-05,18.871,+23.21%
1996-02-02,18.707,+23.65%
1996-02-01,19.100,+26.41%
1996-01-31,18.712,+24.31%
1996-01-30,18.556,+21.19%
1996-01-29,18.381,+19.57%
1996-01-26,18.304,+19.59%
1996-01-25,18.169,+18.94%
1996-01-24,18.256,+19.92%
1996-01-23,18.044,+18.53%
1996-01-22,18.062,+18.92%
1996-01-19,18.016,+18.06%
1996-01-18,17.910,+16.68%
1996-01-17,17.855,+16.24%
1996-01-16,17.916,+16.80%
1996-01-15,17.663,+15.99%
1996-01-12,17.721,+17.47%
1996-01-11,17.747,+17.63%
1996-01-10,17.623,+16.80%
1996-01-09,17.946,+19.16%
1996-01-08,18.211,+20.96%
1996-01-05,18.160,+20.71%
1996-01-04,18.189,+20.81%
1996-01-03,18.296,+21.94%
1996-01-02,18.278,+22.75%
1996-01-01,18.080,+21.42%
1995-12-29,17.921,+14.68%
1995-12-28,17.868,+14.41%
1995-12-27,17.880,+14.09%
1995-12-26,17.873,+14.70%
1995-12-22,17.805,+14.30%
1995-12-21,17.762,+14.04%
1995-12-20,17.630,+13.82%
1995-12-19,17.804,+14.74%
1995-12-18,17.655,+13.56%
1995-12-15,17.932,+16.22%
1995-12-14,17.949,+16.42%
1995-12-13,18.088,+18.58%
1995-12-12,18.003,+18.20%
1995-12-11,18.025,+19.01%
1995-12-08,17.966,+19.02%
1995-12-07,17.928,+17.25%
1995-12-06,18.044,+17.52%
1995-12-05,17.971,+16.98%
1995-12-04,17.855,+16.24%
1995-12-01,18.100,+21.64%
1995-11-30,17.613,+14.56%
1995-11-29,17.476,+9.12%
1995-11-28,17.442,+9.15%
1995-11-27,17.294,+8.67%
1995-11-24,17.255,+9.00%
1995-11-22,17.210,+8.67%
1995-11-21,17.263,+7.05%
1995-11-20,17.166,+5.71%
1995-11-17,17.258,+5.81%
1995-11-16,17.180,+4.86%
1995-11-15,17.083,+4.40%
1995-11-14,16.948,+3.35%
1995-11-13,17.035,+4.71%
1995-11-10,17.047,+4.33%
1995-11-09,17.062,+4.19%
1995-11-08,17.018,+3.86%
1995-11-07,16.863,+3.49%
1995-11-06,16.924,+4.05%
1995-11-03,16.985,+3.16%
1995-11-02,16.961,+3.33%
1995-11-01,17.330,+10.95%
1995-10-31,16.724,+0.63%
1995-10-30,16.579,-4.36%
1995-10-27,16.478,-3.33%
1995-10-26,16.393,-3.15%
1995-10-25,16.557,-1.95%
1995-10-24,16.673,-1.12%
1995-10-23,16.630,-2.23%
1995-10-20,16.699,-2.24%
1995-10-19,16.789,-2.43%
1995-10-18,16.698,-2.42%
1995-10-17,16.679,-2.80%
1995-10-16,16.573,-3.44%
1995-10-13,16.615,-2.93%
1995-10-12,16.575,-2.68%
1995-10-11,16.471,-3.36%
1995-10-10,16.416,-2.26%
1995-10-09,16.440,-1.27%
1995-10-06,16.557,+0.03%
1995-10-05,16.561,-0.20%
1995-10-04,16.528,-0.63%
1995-10-03,16.553,-2.02%
1995-10-02,16.536,+1.32%
1995-10-01,16.770,+2.76%
1995-09-29,16.731,-3.65%
1995-09-28,16.773,-3.95%
1995-09-27,16.634,-4.17%
1995-09-26,16.645,-3.85%
1995-09-25,16.656,-3.54%
1995-09-22,16.654,-3.89%
1995-09-21,16.691,-3.72%
1995-09-20,16.798,-3.49%
1995-09-19,16.725,-5.44%
1995-09-18,16.684,-5.75%
1995-09-15,16.701,-6.37%
1995-09-14,16.708,-5.13%
1995-09-13,16.569,-5.65%
1995-09-12,16.505,-5.76%
1995-09-11,16.430,-6.58%
1995-09-08,16.395,-7.76%
1995-09-07,16.327,-7.72%
1995-09-06,16.323,-7.91%
1995-09-05,16.295,-7.90%
1995-09-01,16.450,-3.74%
1995-08-31,16.086,-9.94%
1995-08-30,16.174,-11.97%
1995-08-29,16.148,-11.84%
1995-08-28,16.120,-11.85%
1995-08-25,16.151,-10.60%
1995-08-24,16.074,-11.20%
1995-08-23,16.065,-10.39%
1995-08-22,16.134,-9.58%
1995-08-21,16.093,-10.07%
1995-08-18,16.125,-9.80%
1995-08-17,16.120,-10.21%
1995-08-16,16.147,-10.03%
1995-08-15,16.106,-9.52%
1995-08-14,16.140,-9.47%
1995-08-11,16.007,-9.62%
1995-08-10,16.074,-9.52%
1995-08-09,16.139,-8.69%
1995-08-08,16.159,-8.56%
1995-08-07,16.149,-8.46%
1995-08-04,16.117,-8.90%
1995-08-03,16.112,-9.53%
1995-08-02,16.113,-9.35%
1995-08-01,16.010,-8.20%
1995-07-31,16.207,-10.88%
1995-07-28,16.350,-9.29%
1995-07-27,16.416,-8.59%
1995-07-26,16.312,-9.33%
1995-07-25,16.297,-9.59%
1995-07-24,16.167,-10.09%
1995-07-21,16.080,-10.47%
1995-07-20,16.077,-10.29%
1995-07-19,16.003,-11.14%
1995-07-18,16.220,-10.21%
1995-07-17,16.344,-9.31%
1995-07-14,16.262,-9.62%
1995-07-13,16.294,-8.50%
1995-07-12,16.291,-8.35%
1995-07-11,16.113,-9.38%
1995-07-10,16.183,-9.28%
1995-07-07,16.159,-9.18%
1995-07-06,16.090,-9.12%
1995-07-05,15.895,-10.26%
1995-07-03,15.890,-8.78%
1995-07-01,16.070,-7.75%
1995-06-30,15.822,-10.26%
1995-06-29,16.091,-12.40%
1995-06-28,16.116,-11.95%
1995-06-27,16.048,-12.57%
1995-06-26,16.099,-11.40%
1995-06-23,16.264,-11.85%
1995-06-22,16.304,-12.31%
1995-06-21,16.094,-13.10%
1995-06-20,16.124,-13.73%
1995-06-19,16.131,-14.25%
1995-06-16,15.971,-15.74%
1995-06-15,15.891,-15.93%
1995-06-14,15.872,-16.34%
1995-06-13,15.859,-15.82%
1995-06-12,15.707,-16.55%
1995-06-09,15.620,-16.86%
1995-06-08,15.750,-16.02%
1995-06-07,15.773,-16.11%
1995-06-06,15.845,-15.85%
1995-06-05,15.846,-16.07%
1995-06-02,15.755,-16.10%
1995-06-01,15.670,-13.19%
1995-05-31,15.781,-15.75%
1995-05-30,15.780,-18.78%
1995-05-26,15.782,-18.72%
1995-05-25,15.931,-17.82%
1995-05-24,15.932,-17.54%
1995-05-23,15.931,-17.25%
1995-05-22,15.782,-18.33%
1995-05-19,15.648,-19.31%
1995-05-18,15.659,-18.75%
1995-05-17,15.885,-16.79%
1995-05-16,15.919,-15.69%
1995-05-15,15.905,-15.70%
1995-05-12,15.839,-15.98%
1995-05-11,15.804,-15.73%
1995-05-10,15.803,-16.59%
1995-05-09,15.779,-16.02%
1995-05-08,15.791,-16.99%
1995-05-05,15.676,-18.25%
1995-05-04,15.688,-18.24%
1995-05-03,15.687,-18.49%
1995-05-02,15.517,-19.37%
1995-05-01,15.500,-16.22%
1995-04-28,15.813,-20.04%
1995-04-27,15.777,-20.71%
1995-04-26,15.750,-20.84%
1995-04-25,15.733,-21.07%
1995-04-24,15.757,-20.06%
1995-04-21,15.622,-20.94%
1995-04-20,15.524,-20.23%
1995-04-19,15.512,-20.40%
1995-04-18,15.526,-20.31%
1995-04-17,15.549,-20.86%
1995-04-13,15.645,-20.38%
1995-04-12,15.581,-20.94%
1995-04-11,15.531,-21.60%
1995-04-10,15.576,-20.88%
1995-04-07,15.558,-21.64%
1995-04-06,15.548,-21.19%
1995-04-05,15.532,-21.32%
1995-04-04,15.522,-19.69%
1995-04-03,15.418,-18.85%
1995-04-01,15.310,-19.42%
1995-03-31,15.383,-21.63%
1995-03-30,15.744,-20.74%
1995-03-29,15.772,-21.82%
1995-03-28,15.796,-22.98%
1995-03-27,15.774,-23.18%
1995-03-24,15.704,-24.14%
1995-03-23,15.547,-25.57%
1995-03-22,15.538,-25.66%
1995-03-21,15.519,-25.71%
1995-03-20,15.553,-25.94%
1995-03-17,15.534,-26.01%
1995-03-16,15.530,-25.79%
1995-03-15,15.419,-25.94%
1995-03-14,15.451,-25.85%
1995-03-13,15.362,-26.13%
1995-03-10,15.347,-25.80%
1995-03-09,15.146,-27.26%
1995-03-08,15.145,-27.08%
1995-03-07,15.113,-27.40%
1995-03-06,15.224,-26.53%
1995-03-03,15.217,-26.28%
1995-03-02,15.208,-26.61%
1995-03-01,15.150,-25.81%
1995-02-28,15.279,-26.64%
1995-02-27,15.482,-26.39%
1995-02-24,15.620,-25.44%
1995-02-23,15.581,-26.65%
1995-02-22,15.522,-27.04%
1995-02-21,15.448,-26.80%
1995-02-17,15.423,-27.34%
1995-02-16,15.527,-27.22%
1995-02-15,15.505,-27.29%
1995-02-14,15.442,-27.23%
1995-02-13,15.413,-27.36%
1995-02-10,15.407,-27.19%
1995-02-09,15.366,-27.97%
1995-02-08,15.398,-27.56%
1995-02-07,15.386,-27.73%
1995-02-06,15.396,-27.38%
1995-02-03,15.316,-29.40%
1995-02-02,15.129,-30.44%
1995-02-01,15.110,-28.12%
1995-01-31,15.053,-30.74%
1995-01-30,15.311,-29.98%
1995-01-27,15.372,-29.46%
1995-01-26,15.305,-29.20%
1995-01-25,15.276,-28.99%
1995-01-24,15.224,-29.39%
1995-01-23,15.223,-29.81%
1995-01-20,15.189,-30.00%
1995-01-19,15.260,-29.57%
1995-01-18,15.350,-29.15%
1995-01-17,15.361,-28.96%
1995-01-16,15.339,-29.30%
1995-01-13,15.228,-29.45%
1995-01-12,15.086,-30.35%
1995-01-11,15.087,-30.35%
1995-01-10,15.088,-30.51%
1995-01-09,15.060,-29.84%
1995-01-06,15.055,-29.45%
1995-01-05,15.044,-29.57%
1995-01-04,15.056,-29.41%
1995-01-03,15.004,-29.44%
1995-01-01,14.890,-30.22%
1994-12-30,15.563,-28.97%
1994-12-29,15.627,-28.97%
1994-12-28,15.617,-29.07%
1994-12-27,15.672,-28.76%
1994-12-23,15.582,-28.69%
1994-12-22,15.577,-28.70%
1994-12-21,15.575,-28.40%
1994-12-20,15.490,-28.88%
1994-12-19,15.517,-28.83%
1994-12-16,15.547,-28.23%
1994-12-15,15.430,-28.54%
1994-12-14,15.417,-28.78%
1994-12-13,15.254,-29.94%
1994-12-12,15.231,-29.78%
1994-12-09,15.146,-30.21%
1994-12-08,15.095,-30.75%
1994-12-07,15.291,-29.93%
1994-12-06,15.354,-29.59%
1994-12-05,15.362,-29.32%
1994-12-02,15.361,-29.05%
1994-12-01,14.880,-30.11%
1994-11-30,15.374,-28.79%
1994-11-29,16.016,-27.53%
1994-11-28,15.980,-27.88%
1994-11-25,15.914,-28.06%
1994-11-23,15.831,-28.23%
1994-11-22,15.837,-27.91%
1994-11-21,16.126,-27.14%
1994-11-18,16.238,-26.80%
1994-11-17,16.311,-26.66%
1994-11-16,16.383,-26.64%
1994-11-15,16.363,-26.26%
1994-11-14,16.398,-26.36%
1994-11-11,16.268,-26.51%
1994-11-10,16.340,-26.36%
1994-11-09,16.376,-25.65%
1994-11-08,16.385,-25.59%
1994-11-07,16.294,-25.90%
1994-11-04,16.266,-25.69%
1994-11-03,16.464,-25.68%
1994-11-02,16.414,-26.77%
1994-11-01,15.620,-27.82%
1994-10-31,16.620,-27.49%
1994-10-28,17.335,-24.36%
1994-10-27,17.045,-25.12%
1994-10-26,16.927,-25.59%
1994-10-25,16.887,-25.75%
1994-10-24,16.862,-25.71%
1994-10-21,17.010,-25.40%
1994-10-20,17.082,-25.19%
1994-10-19,17.207,-24.67%
1994-10-18,17.112,-25.44%
1994-10-17,17.159,-25.41%
1994-10-14,17.164,-24.96%
1994-10-13,17.116,-24.30%
1994-10-12,17.031,-24.62%
1994-10-11,17.043,-24.53%
1994-10-10,16.796,-25.53%
1994-10-07,16.652,-25.98%
1994-10-06,16.552,-26.68%
1994-10-05,16.594,-26.57%
1994-10-04,16.633,-26.42%
1994-10-03,16.895,-23.90%
1994-10-01,16.320,-26.49%
1994-09-30,16.930,-24.71%
1994-09-29,17.364,-24.33%
1994-09-28,17.462,-24.14%
1994-09-27,17.357,-24.64%
1994-09-26,17.311,-24.15%
1994-09-23,17.268,-24.36%
1994-09-22,17.328,-23.84%
1994-09-21,17.335,-23.27%
1994-09-20,17.406,-23.31%
1994-09-19,17.688,-22.71%
1994-09-16,17.701,-22.75%
1994-09-15,17.837,-22.52%
1994-09-14,17.611,-23.22%
1994-09-13,17.562,-23.79%
1994-09-12,17.514,-23.94%
1994-09-09,17.588,-22.92%
1994-09-08,17.774,-21.96%
1994-09-07,17.692,-22.64%
1994-09-06,17.726,-22.96%
1994-09-02,17.693,-23.10%
1994-09-01,17.090,-24.04%
1994-08-31,17.862,-22.74%
1994-08-30,18.374,-21.68%
1994-08-29,18.317,-21.69%
1994-08-26,18.286,-21.90%
1994-08-25,18.066,-22.69%
1994-08-24,18.102,-22.48%
1994-08-23,17.928,-22.46%
1994-08-22,17.843,-22.98%
1994-08-19,17.896,-22.80%
1994-08-18,17.876,-22.82%
1994-08-17,17.953,-21.99%
1994-08-16,17.947,-21.88%
1994-08-15,17.801,-22.13%
1994-08-12,17.829,-21.81%
1994-08-11,17.711,-22.59%
1994-08-10,17.765,-22.17%
1994-08-09,17.674,-22.79%
1994-08-08,17.672,-22.45%
1994-08-05,17.641,-22.49%
1994-08-04,17.692,-22.34%
1994-08-03,17.810,-21.94%
1994-08-02,17.775,-22.25%
1994-08-01,17.440,-23.00%
1994-07-29,18.185,-21.93%
1994-07-28,18.025,-22.09%
1994-07-27,17.959,-22.55%
1994-07-26,17.990,-22.57%
1994-07-25,18.026,-22.07%
1994-07-22,17.981,-21.81%
1994-07-21,17.961,-22.36%
1994-07-20,17.921,-22.56%
1994-07-19,18.010,-21.95%
1994-07-18,18.064,-21.67%
1994-07-15,18.022,-22.45%
1994-07-14,17.992,-22.73%
1994-07-13,17.807,-23.18%
1994-07-12,17.776,-23.47%
1994-07-11,17.780,-23.31%
1994-07-08,17.839,-23.14%
1994-07-07,17.793,-22.33%
1994-07-06,17.704,-22.48%
1994-07-05,17.713,-23.20%
1994-07-01,17.420,-23.33%
1994-06-30,17.630,-24.36%
1994-06-29,18.368,-20.53%
1994-06-28,18.304,-21.01%
1994-06-27,18.355,-20.04%
1994-06-24,18.170,-20.67%
1994-06-23,18.450,-18.82%
1994-06-22,18.592,-18.70%
1994-06-21,18.520,-19.07%
1994-06-20,18.690,-17.86%
1994-06-17,18.812,-18.22%
1994-06-16,18.955,-17.39%
1994-06-15,18.901,-17.41%
1994-06-14,18.973,-17.36%
1994-06-13,18.839,-17.86%
1994-06-10,18.821,-17.60%
1994-06-09,18.788,-17.82%
1994-06-08,18.755,-17.76%
1994-06-07,18.802,-18.10%
1994-06-06,18.830,-18.41%
1994-06-03,18.881,-18.63%
1994-06-02,18.779,-19.31%
1994-06-01,18.050,-22.13%
1994-05-31,18.732,-18.15%
1994-05-27,19.428,-15.53%
1994-05-26,19.416,-15.77%
1994-05-25,19.386,-15.04%
1994-05-24,19.321,-15.17%
1994-05-23,19.252,-15.06%
1994-05-20,19.325,-15.64%
1994-05-19,19.392,-14.78%
1994-05-18,19.273,-13.90%
1994-05-17,19.090,-14.73%
1994-05-16,18.882,-15.51%
1994-05-13,18.867,-15.51%
1994-05-12,18.851,-16.64%
1994-05-11,18.755,-16.98%
1994-05-10,18.947,-15.83%
1994-05-09,18.790,-16.44%
1994-05-06,19.024,-15.58%
1994-05-05,19.175,-15.15%
1994-05-04,19.189,-15.00%
1994-05-03,19.245,-14.44%
1994-05-02,19.245,-15.70%
1994-05-01,18.500,-18.97%
1994-04-29,19.855,-10.24%
1994-04-28,19.775,-10.43%
1994-04-26,19.897,-8.95%
1994-04-25,19.934,-9.51%
1994-04-22,19.711,-11.01%
1994-04-21,19.759,-11.63%
1994-04-20,19.461,-13.25%
1994-04-19,19.487,-13.59%
1994-04-18,19.483,-13.90%
1994-04-15,19.647,-13.07%
1994-04-14,19.656,-13.08%
1994-04-13,19.650,-13.21%
1994-04-12,19.708,-12.79%
1994-04-11,19.809,-11.05%
1994-04-08,19.687,-11.60%
1994-04-07,19.854,-11.03%
1994-04-06,19.729,-11.27%
1994-04-05,19.740,-11.45%
1994-04-04,19.327,-13.13%
1994-04-01,19.000,-15.67%
1994-03-31,19.629,-13.78%
1994-03-30,19.864,-13.90%
1994-03-29,20.173,-12.33%
1994-03-28,20.508,-10.28%
1994-03-25,20.534,-10.78%
1994-03-24,20.702,-9.49%
1994-03-23,20.889,-8.81%
1994-03-22,20.901,-8.79%
1994-03-21,20.889,-9.10%
1994-03-18,21.001,-8.96%
1994-03-17,20.994,-8.26%
1994-03-16,20.928,-9.17%
1994-03-15,20.821,-9.65%
1994-03-14,20.838,-9.25%
1994-03-11,20.795,-10.22%
1994-03-10,20.682,-11.21%
1994-03-09,20.823,-10.23%
1994-03-08,20.770,-10.52%
1994-03-07,20.816,-8.59%
1994-03-04,20.720,-9.26%
1994-03-03,20.642,-9.99%
1994-03-02,20.723,-9.36%
1994-03-01,20.420,-10.00%
1994-02-28,20.827,-9.16%
1994-02-25,21.032,-8.04%
1994-02-24,20.950,-8.10%
1994-02-23,21.241,-5.52%
1994-02-22,21.275,-5.47%
1994-02-18,21.105,-5.49%
1994-02-17,21.225,-5.26%
1994-02-16,21.335,-4.91%
1994-02-15,21.323,-7.24%
1994-02-14,21.220,-7.69%
1994-02-11,21.218,-8.33%
1994-02-10,21.161,-8.29%
1994-02-09,21.334,-7.35%
1994-02-08,21.257,-8.20%
1994-02-07,21.289,-8.29%
1994-02-04,21.201,-8.79%
1994-02-03,21.693,-6.18%
1994-02-02,21.751,-4.95%
1994-02-01,21.020,-6.78%
1994-01-31,21.733,-5.45%
1994-01-28,21.868,-4.83%
1994-01-27,21.793,-5.04%
1994-01-26,21.617,-6.20%
1994-01-25,21.513,-6.66%
1994-01-24,21.561,-5.62%
1994-01-21,21.687,-4.93%
1994-01-20,21.698,-4.42%
1994-01-19,21.667,-4.94%
1994-01-18,21.665,-5.32%
1994-01-17,21.622,-5.58%
1994-01-14,21.695,-5.00%
1994-01-13,21.584,-4.85%
1994-01-12,21.661,-4.07%
1994-01-11,21.660,-4.05%
1994-01-10,21.712,-3.39%
1994-01-07,21.466,-4.86%
1994-01-06,21.339,-6.25%
1994-01-05,21.359,-6.12%
1994-01-04,21.329,-6.48%
1994-01-03,21.263,-5.50%
1994-01-01,21.340,-5.16%
1993-12-31,21.309,-6.64%
1993-12-30,21.909,-6.44%
1993-12-29,22.000,-5.87%
1993-12-28,22.017,-6.05%
1993-12-27,21.998,-6.26%
1993-12-23,21.850,-6.73%
1993-12-22,21.848,-7.01%
1993-12-21,21.753,-7.50%
1993-12-20,21.779,-7.51%
1993-12-17,21.804,-6.16%
1993-12-16,21.662,-5.93%
1993-12-15,21.591,-6.46%
1993-12-14,21.648,-6.27%
1993-12-13,21.772,-5.93%
1993-12-10,21.689,-6.48%
1993-12-09,21.701,-6.65%
1993-12-08,21.799,-6.52%
1993-12-07,21.821,-6.06%
1993-12-06,21.806,-5.42%
1993-12-03,21.734,-5.26%
1993-12-02,21.651,-5.62%
1993-12-01,21.290,-6.70%
1993-11-30,21.589,-6.21%
1993-11-29,22.100,-5.52%
1993-11-26,22.156,-5.06%
1993-11-24,22.122,-4.86%
1993-11-23,22.059,-4.58%
1993-11-22,21.968,-5.31%
1993-11-19,22.134,-3.91%
1993-11-18,22.183,-3.52%
1993-11-17,22.240,-2.45%
1993-11-16,22.332,-2.37%
1993-11-15,22.189,-3.40%
1993-11-12,22.267,-3.17%
1993-11-11,22.136,-3.58%
1993-11-10,22.188,-2.53%
1993-11-09,22.025,-3.24%
1993-11-08,22.020,-3.03%
1993-11-05,21.989,-3.34%
1993-11-04,21.889,-3.49%
1993-11-03,22.154,-2.98%
1993-11-02,22.413,-2.50%
1993-11-01,21.640,-4.08%
1993-10-29,22.922,-1.74%
1993-10-28,22.917,-1.60%
1993-10-27,22.764,-1.87%
1993-10-26,22.749,-1.86%
1993-10-25,22.744,-0.92%
1993-10-22,22.698,-1.31%
1993-10-21,22.801,-1.05%
1993-10-20,22.835,-0.85%
1993-10-19,22.842,-0.70%
1993-10-18,22.952,+0.57%
1993-10-15,23.003,+1.31%
1993-10-14,22.873,+0.80%
1993-10-13,22.611,-0.34%
1993-10-12,22.593,+0.04%
1993-10-11,22.581,+1.17%
1993-10-08,22.553,-0.22%
1993-10-07,22.498,+0.40%
1993-10-06,22.574,+0.01%
1993-10-05,22.597,+0.02%
1993-10-04,22.604,-0.65%
1993-10-01,22.200,-1.03%
1993-09-30,22.486,-2.91%
1993-09-29,22.948,-2.49%
1993-09-28,23.019,-2.15%
1993-09-27,23.032,-1.56%
1993-09-24,22.824,-3.41%
1993-09-23,22.830,-3.14%
1993-09-22,22.753,-3.40%
1993-09-21,22.591,-5.22%
1993-09-20,22.696,-4.96%
1993-09-17,22.884,-3.49%
1993-09-16,22.914,-3.36%
1993-09-15,23.022,-2.87%
1993-09-14,22.938,-4.48%
1993-09-13,23.045,-2.73%
1993-09-10,23.028,-2.89%
1993-09-09,22.818,-2.94%
1993-09-08,22.776,-2.67%
1993-09-07,22.869,-2.90%
1993-09-03,23.009,-2.51%
1993-09-02,23.007,-2.52%
1993-09-01,22.500,-3.02%
1993-08-31,23.120,-1.10%
1993-08-30,23.459,-1.72%
1993-08-27,23.390,-1.69%
1993-08-26,23.415,-1.58%
1993-08-25,23.369,-1.33%
1993-08-24,23.350,-1.19%
1993-08-23,23.120,-3.14%
1993-08-20,23.167,-3.74%
1993-08-19,23.181,-3.66%
1993-08-18,23.161,-4.46%
1993-08-17,23.013,-4.94%
1993-08-16,22.975,-4.91%
1993-08-13,22.861,-4.88%
1993-08-12,22.801,-5.15%
1993-08-11,22.878,-5.08%
1993-08-10,22.826,-5.41%
1993-08-09,22.891,-5.02%
1993-08-06,22.787,-5.84%
1993-08-05,22.759,-6.31%
1993-08-04,22.780,-6.70%
1993-08-03,22.817,-6.71%
1993-08-02,22.862,-3.13%
1993-08-01,22.650,-4.03%
1993-07-30,23.183,-6.76%
1993-07-29,23.292,-5.94%
1993-07-28,23.135,-5.53%
1993-07-27,23.189,-3.93%
1993-07-26,23.233,-3.76%
1993-07-23,23.130,-4.30%
1993-07-22,22.996,-4.58%
1993-07-21,23.134,-4.67%
1993-07-20,23.141,-4.64%
1993-07-19,23.074,-5.35%
1993-07-16,23.060,-5.84%
1993-07-15,23.240,-5.00%
1993-07-14,23.284,-4.95%
1993-07-13,23.181,-4.73%
1993-07-12,23.227,-4.49%
1993-07-09,23.183,-4.58%
1993-07-08,23.210,-3.54%
1993-07-07,22.909,-4.54%
1993-07-06,22.837,-5.91%
1993-07-02,23.065,-4.50%
1993-07-01,22.720,-4.86%
1993-06-30,23.307,-2.64%
1993-06-29,23.112,-5.22%
1993-06-28,23.172,-3.68%
1993-06-25,22.954,-4.51%
1993-06-24,22.904,-4.89%
1993-06-23,22.728,-5.67%
1993-06-22,22.868,-4.93%
1993-06-21,22.883,-4.94%
1993-06-18,22.753,-4.83%
1993-06-17,23.002,-4.11%
1993-06-16,22.945,-5.76%
1993-06-15,22.886,-6.46%
1993-06-14,22.959,-6.04%
1993-06-11,22.936,-5.97%
1993-06-10,22.840,-5.95%
1993-06-09,22.861,-6.51%
1993-06-08,22.806,-7.48%
1993-06-07,22.958,-6.89%
1993-06-04,23.080,-6.34%
1993-06-03,23.205,-6.14%
1993-06-02,23.274,-5.61%
1993-06-01,23.180,-3.22%
1993-05-28,22.887,-9.49%
1993-05-27,23.000,-8.04%
1993-05-26,23.052,-7.66%
1993-05-25,22.819,-9.17%
1993-05-24,22.776,-9.34%
1993-05-21,22.666,-9.47%
1993-05-20,22.907,-9.12%
1993-05-19,22.754,-9.94%
1993-05-18,22.385,-10.64%
1993-05-17,22.388,-10.03%
1993-05-14,22.347,-10.86%
1993-05-13,22.330,-11.63%
1993-05-12,22.613,-10.48%
1993-05-11,22.591,-11.04%
1993-05-10,22.511,-10.83%
1993-05-07,22.487,-10.89%
1993-05-06,22.535,-10.90%
1993-05-05,22.599,-10.65%
1993-05-04,22.575,-10.76%
1993-05-03,22.494,-9.08%
1993-05-01,22.830,-7.72%
1993-04-30,22.379,-11.12%
1993-04-29,22.121,-13.08%
1993-04-28,22.078,-12.63%
1993-04-27,22.077,-12.49%
1993-04-26,21.852,-13.51%
1993-04-23,22.028,-13.35%
1993-04-22,22.150,-12.50%
1993-04-21,22.360,-11.76%
1993-04-20,22.434,-11.45%
1993-04-19,22.553,-12.24%
1993-04-16,22.628,-11.95%
1993-04-15,22.601,-12.10%
1993-04-14,22.614,-11.22%
1993-04-13,22.642,-9.73%
1993-04-12,22.599,-9.50%
1993-04-08,22.270,-8.61%
1993-04-07,22.315,-9.24%
1993-04-06,22.236,-11.24%
1993-04-05,22.293,-10.12%
1993-04-02,22.247,-10.07%
1993-04-01,22.530,-8.86%
1993-03-31,22.766,-8.70%
1993-03-30,23.071,-7.72%
1993-03-29,23.010,-8.07%
1993-03-26,22.858,-9.66%
1993-03-25,23.016,-8.96%
1993-03-24,22.872,-9.83%
1993-03-23,22.908,-9.91%
1993-03-22,22.914,-10.19%
1993-03-19,22.980,-9.61%
1993-03-18,23.067,-9.12%
1993-03-17,22.885,-9.93%
1993-03-16,23.041,-8.60%
1993-03-15,23.044,-8.47%
1993-03-12,22.962,-8.35%
1993-03-11,23.161,-7.59%
1993-03-10,23.294,-7.71%
1993-03-09,23.196,-7.72%
1993-03-08,23.211,-7.49%
1993-03-05,22.772,-9.70%
1993-03-04,22.835,-10.07%
1993-03-03,22.933,-10.46%
1993-03-02,22.864,-10.64%
1993-03-01,22.690,-9.82%
1993-02-26,22.926,-11.41%
1993-02-25,22.872,-10.56%
1993-02-24,22.796,-11.25%
1993-02-23,22.482,-12.30%
1993-02-22,22.505,-12.21%
1993-02-19,22.452,-11.73%
1993-02-18,22.332,-12.02%
1993-02-17,22.404,-12.82%
1993-02-16,22.436,-12.70%
1993-02-12,22.988,-11.55%
1993-02-11,23.147,-10.21%
1993-02-10,23.073,-10.50%
1993-02-09,23.026,-10.10%
1993-02-08,23.157,-9.59%
1993-02-05,23.213,-9.97%
1993-02-04,23.245,-9.85%
1993-02-03,23.123,-9.38%
1993-02-02,22.883,-10.58%
1993-02-01,22.550,-11.88%
1993-01-29,22.985,-10.54%
1993-01-28,22.979,-11.56%
1993-01-27,22.950,-11.68%
1993-01-26,23.046,-11.42%
1993-01-25,23.049,-11.40%
1993-01-22,22.845,-12.75%
1993-01-21,22.812,-11.71%
1993-01-20,22.701,-12.93%
1993-01-19,22.794,-13.09%
1993-01-18,22.883,-12.75%
1993-01-15,22.899,-13.09%
1993-01-14,22.836,-13.26%
1993-01-13,22.684,-12.57%
1993-01-12,22.579,-13.13%
1993-01-11,22.575,-13.15%
1993-01-08,22.475,-14.15%
1993-01-07,22.563,-13.67%
1993-01-06,22.762,-13.03%
1993-01-05,22.752,-13.35%
1993-01-04,22.807,-13.14%
1993-01-01,22.500,-13.19%
1992-12-31,22.824,-12.61%
1992-12-30,23.416,-6.43%
1992-12-29,23.371,-4.61%
1992-12-28,23.434,-4.35%
1992-12-24,23.467,-2.51%
1992-12-23,23.427,-2.06%
1992-12-22,23.496,+0.71%
1992-12-21,23.517,+0.80%
1992-12-18,23.547,+1.87%
1992-12-17,23.235,+0.71%
1992-12-16,23.027,-0.63%
1992-12-15,23.083,-0.40%
1992-12-14,23.097,-0.34%
1992-12-11,23.145,+1.66%
1992-12-10,23.193,+1.82%
1992-12-09,23.247,+1.96%
1992-12-08,23.319,+2.05%
1992-12-07,23.229,+1.65%
1992-12-04,23.055,+0.63%
1992-12-03,22.941,-0.10%
1992-12-02,22.940,-0.22%
1992-12-01,22.820,-6.21%
1992-11-30,23.018,+5.51%
1992-11-27,23.391,+6.85%
1992-11-25,23.338,+6.95%
1992-11-24,23.251,+6.32%
1992-11-23,23.117,+5.71%
1992-11-20,23.200,+5.42%
1992-11-19,23.035,+4.42%
1992-11-18,22.993,+2.66%
1992-11-17,22.799,+2.49%
1992-11-16,22.875,+2.83%
1992-11-13,22.971,-0.58%
1992-11-12,22.995,-0.31%
1992-11-11,22.958,+0.45%
1992-11-10,22.763,-0.35%
1992-11-09,22.762,-0.35%
1992-11-06,22.707,+0.15%
1992-11-05,22.748,+0.66%
1992-11-04,22.681,-0.04%
1992-11-03,22.834,-1.83%
1992-11-02,22.988,-1.17%
1992-11-01,22.560,-3.01%
1992-10-30,23.208,+5.24%
1992-10-29,23.329,+6.19%
1992-10-28,23.289,+6.54%
1992-10-27,23.198,+7.60%
1992-10-26,23.180,+7.51%
1992-10-23,22.955,+5.44%
1992-10-22,22.999,+5.67%
1992-10-21,23.042,+5.28%
1992-10-20,23.031,+4.56%
1992-10-19,23.003,+4.44%
1992-10-16,22.823,+3.54%
1992-10-15,22.705,+3.48%
1992-10-14,22.692,+4.63%
1992-10-13,22.688,+5.99%
1992-10-12,22.585,+5.51%
1992-10-09,22.320,+5.56%
1992-10-08,22.603,+5.81%
1992-10-07,22.409,+5.23%
1992-10-06,22.571,+5.50%
1992-10-05,22.593,+5.60%
1992-10-02,22.753,+4.43%
1992-10-01,22.430,-0.27%
1992-09-30,23.160,+6.41%
1992-09-29,23.535,+11.79%
1992-09-28,23.525,+11.74%
1992-09-25,23.396,+10.85%
1992-09-24,23.629,+11.71%
1992-09-23,23.571,+11.95%
1992-09-22,23.554,+11.30%
1992-09-21,23.836,+12.63%
1992-09-18,23.881,+13.13%
1992-09-17,23.711,+12.74%
1992-09-16,23.711,+12.66%
1992-09-15,23.702,+13.26%
1992-09-14,24.013,+14.75%
1992-09-11,23.692,+12.93%
1992-09-10,23.713,+11.86%
1992-09-09,23.510,+10.76%
1992-09-08,23.401,+10.24%
1992-09-04,23.551,+10.08%
1992-09-03,23.601,+8.61%
1992-09-02,23.601,+8.61%
1992-09-01,23.200,+10.53%
1992-08-31,23.378,+11.38%
1992-08-28,23.869,+14.41%
1992-08-27,23.793,+13.81%
1992-08-26,23.792,+13.72%
1992-08-25,23.683,+13.20%
1992-08-24,23.632,+12.95%
1992-08-21,23.869,+18.52%
1992-08-20,24.066,+20.44%
1992-08-19,24.061,+17.57%
1992-08-18,24.243,+18.45%
1992-08-17,24.208,+18.28%
1992-08-14,24.161,+16.83%
1992-08-13,24.035,+16.70%
1992-08-12,24.038,+16.98%
1992-08-11,24.102,+17.30%
1992-08-10,24.132,+17.44%
1992-08-07,24.101,+16.24%
1992-08-06,24.200,+18.41%
1992-08-05,24.292,+18.20%
1992-08-04,24.417,+18.81%
1992-08-03,24.459,+19.02%
1992-08-01,23.600,+14.65%
1992-07-31,24.408,+22.52%
1992-07-30,24.863,+25.95%
1992-07-29,24.764,+26.19%
1992-07-28,24.488,+24.78%
1992-07-27,24.137,+22.99%
1992-07-24,24.141,+23.50%
1992-07-23,24.169,+22.52%
1992-07-22,24.101,+21.75%
1992-07-21,24.267,+22.59%
1992-07-20,24.267,+22.59%
1992-07-17,24.377,+24.01%
1992-07-16,24.489,+24.30%
1992-07-15,24.463,+24.87%
1992-07-14,24.497,+25.05%
1992-07-13,24.333,+24.21%
1992-07-10,24.318,+25.50%
1992-07-09,24.295,+24.78%
1992-07-08,24.063,+24.85%
1992-07-07,23.998,+24.52%
1992-07-06,24.272,+25.94%
1992-07-02,24.151,+19.68%
1992-07-01,23.880,+27.78%
1992-06-30,23.938,+28.09%
1992-06-29,24.385,+30.48%
1992-06-26,24.058,+28.91%
1992-06-25,24.038,+28.70%
1992-06-24,24.081,+26.60%
1992-06-23,24.093,+26.67%
1992-06-22,24.055,+26.47%
1992-06-19,24.071,+26.27%
1992-06-18,23.909,+24.92%
1992-06-17,23.987,+24.61%
1992-06-16,24.348,+26.49%
1992-06-15,24.466,+27.10%
1992-06-12,24.434,+27.35%
1992-06-11,24.392,+27.96%
1992-06-10,24.284,+27.11%
1992-06-09,24.452,+27.99%
1992-06-08,24.649,+29.02%
1992-06-05,24.656,+26.29%
1992-06-04,24.643,+26.12%
1992-06-03,24.722,+26.84%
1992-06-02,24.657,+26.51%
1992-06-01,23.950,+22.01%
1992-05-29,25.203,+34.35%
1992-05-28,25.288,+36.39%
1992-05-27,25.010,+34.89%
1992-05-26,24.964,+34.64%
1992-05-22,25.123,+36.27%
1992-05-21,25.036,+36.92%
1992-05-20,25.206,+37.81%
1992-05-19,25.265,+38.14%
1992-05-18,25.049,+36.95%
1992-05-15,24.884,+36.34%
1992-05-14,25.069,+35.47%
1992-05-13,25.270,+36.93%
1992-05-12,25.260,+36.87%
1992-05-11,25.394,+37.60%
1992-05-08,25.246,+36.23%
1992-05-07,25.234,+35.17%
1992-05-06,25.291,+35.22%
1992-05-05,25.294,+35.24%
1992-05-04,25.298,+35.26%
1992-05-01,24.740,+34.19%
1992-04-30,25.179,+41.11%
1992-04-29,25.449,+40.60%
1992-04-28,25.269,+39.61%
1992-04-27,25.229,+39.39%
1992-04-24,25.264,+38.58%
1992-04-23,25.423,+39.75%
1992-04-22,25.313,+37.96%
1992-04-21,25.340,+38.11%
1992-04-20,25.334,+38.07%
1992-04-16,25.698,+41.17%
1992-04-15,25.712,+41.54%
1992-04-14,25.472,+40.22%
1992-04-13,25.082,+38.07%
1992-04-10,24.972,+40.13%
1992-04-09,24.746,+38.71%
1992-04-08,24.367,+34.75%
1992-04-07,24.587,+37.16%
1992-04-06,25.052,+39.75%
1992-04-03,24.802,+37.06%
1992-04-02,24.737,+36.50%
1992-04-01,24.720,+32.55%
1992-03-31,24.935,+39.75%
1992-03-30,25.000,+40.12%
1992-03-27,25.031,+40.25%
1992-03-26,25.301,+41.40%
1992-03-25,25.280,+43.75%
1992-03-24,25.365,+45.16%
1992-03-23,25.429,+45.52%
1992-03-20,25.515,+45.84%
1992-03-19,25.422,+45.84%
1992-03-18,25.382,+43.45%
1992-03-17,25.408,+43.02%
1992-03-16,25.210,+41.91%
1992-03-13,25.176,+41.35%
1992-03-12,25.055,+42.40%
1992-03-11,25.064,+41.33%
1992-03-10,25.241,+41.57%
1992-03-09,25.137,+40.99%
1992-03-06,25.089,+40.26%
1992-03-05,25.218,+40.78%
1992-03-04,25.393,+44.59%
1992-03-03,25.611,+44.04%
1992-03-02,25.586,+43.90%
1992-03-01,25.160,+41.51%
1992-02-28,25.713,+47.31%
1992-02-27,25.786,+48.51%
1992-02-26,25.879,+51.07%
1992-02-25,25.573,+47.48%
1992-02-24,25.687,+48.79%
1992-02-21,25.636,+48.77%
1992-02-20,25.788,+49.58%
1992-02-19,25.437,+45.85%
1992-02-18,25.382,+45.66%
1992-02-14,25.700,+49.45%
1992-02-13,25.775,+47.94%
1992-02-12,25.989,+50.60%
1992-02-11,25.779,+48.14%
1992-02-10,25.780,+51.95%
1992-02-07,25.613,+52.16%
1992-02-06,25.783,+52.51%
1992-02-05,25.784,+55.47%
1992-02-04,25.785,+56.78%
1992-02-03,25.516,+48.09%
1992-02-01,25.590,+48.52%
1992-01-31,25.470,+56.85%
1992-01-30,25.775,+61.35%
1992-01-29,25.694,+63.26%
1992-01-28,25.984,+65.02%
1992-01-27,25.986,+65.01%
1992-01-24,26.016,+65.83%
1992-01-23,25.984,+67.92%
1992-01-22,26.182,+70.18%
1992-01-21,25.838,+66.55%
1992-01-20,26.071,+67.47%
1992-01-17,26.228,+70.66%
1992-01-16,26.187,+76.75%
1992-01-15,26.348,+79.23%
1992-01-14,26.327,+79.79%
1992-01-13,25.945,+75.64%
1992-01-10,25.992,+76.35%
1992-01-09,26.150,+79.15%
1992-01-08,26.180,+77.42%
1992-01-07,26.137,+76.82%
1992-01-06,26.172,+73.99%
1992-01-03,26.258,+74.07%
1992-01-02,26.128,+70.79%
1992-01-01,25.920,+68.64%
1991-12-31,26.117,+68.78%
1991-12-30,25.024,+63.44%
1991-12-27,24.500,+60.22%
1991-12-26,24.403,+58.36%
1991-12-24,24.071,+56.65%
1991-12-23,23.919,+54.80%
1991-12-20,23.330,+51.73%
1991-12-19,23.057,+49.92%
1991-12-18,23.115,+50.36%
1991-12-17,23.071,+51.93%
1991-12-16,23.174,+52.24%
1991-12-13,23.175,+51.08%
1991-12-12,22.999,+49.55%
1991-12-11,22.767,+49.74%
1991-12-10,22.779,+48.70%
1991-12-09,22.800,+49.36%
1991-12-06,22.851,+49.09%
1991-12-05,22.749,+48.04%
1991-12-04,22.910,+50.72%
1991-12-03,22.963,+52.12%
1991-12-02,22.990,+49.19%
1991-12-01,24.330,+57.88%
1991-11-29,21.815,+48.99%
1991-11-27,21.892,+48.72%
1991-11-26,21.974,+50.03%
1991-11-25,21.822,+49.66%
1991-11-22,21.869,+49.54%
1991-11-21,22.097,+51.10%
1991-11-20,22.008,+50.83%
1991-11-19,22.059,+49.28%
1991-11-18,22.398,+52.63%
1991-11-15,22.245,+51.64%
1991-11-14,23.090,+55.74%
1991-11-13,23.105,+57.18%
1991-11-12,23.066,+56.02%
1991-11-11,22.856,+57.43%
1991-11-08,22.842,+60.46%
1991-11-07,22.891,+61.65%
1991-11-06,22.673,+57.23%
1991-11-05,22.599,+55.23%
1991-11-04,22.691,+57.24%
1991-11-01,23.260,+58.34%
1991-10-31,22.817,+62.19%
1991-10-30,22.052,+57.67%
1991-10-29,21.969,+58.21%
1991-10-28,21.859,+55.96%
1991-10-25,21.560,+51.12%
1991-10-24,21.609,+50.28%
1991-10-23,21.770,+51.52%
1991-10-22,21.764,+50.32%
1991-10-21,21.887,+52.27%
1991-10-18,22.026,+56.62%
1991-10-17,21.993,+60.04%
1991-10-16,22.043,+60.31%
1991-10-15,21.942,+57.31%
1991-10-14,21.687,+57.14%
1991-10-11,21.406,+57.50%
1991-10-10,21.355,+54.56%
1991-10-09,21.145,+50.67%
1991-10-08,21.362,+48.14%
1991-10-07,21.296,+48.63%
1991-10-04,21.394,+48.75%
1991-10-03,21.575,+50.62%
1991-10-02,21.788,+50.27%
1991-10-01,22.490,+58.27%
1991-09-30,21.765,+53.47%
1991-09-27,21.053,+50.95%
1991-09-26,21.085,+49.16%
1991-09-25,21.106,+47.75%
1991-09-24,21.152,+49.87%
1991-09-23,21.054,+45.94%
1991-09-20,21.163,+46.62%
1991-09-19,21.143,+44.11%
1991-09-18,21.110,+42.98%
1991-09-17,21.031,+42.83%
1991-09-16,21.046,+43.35%
1991-09-13,20.927,+41.72%
1991-09-12,21.131,+41.38%
1991-09-11,21.009,+41.22%
1991-09-10,20.980,+40.77%
1991-09-09,21.199,+41.46%
1991-09-06,21.227,+42.94%
1991-09-05,21.230,+41.23%
1991-09-04,21.275,+42.10%
1991-09-03,21.394,+47.44%
1991-09-01,21.730,+49.76%
1991-08-30,20.989,+41.06%
1991-08-29,21.044,+39.04%
1991-08-28,21.053,+40.33%
1991-08-27,20.863,+39.02%
1991-08-26,20.905,+43.75%
1991-08-23,20.922,+45.95%
1991-08-22,20.771,+40.55%
1991-08-21,20.732,+37.97%
1991-08-20,20.140,+31.32%
1991-08-19,19.982,+30.56%
1991-08-16,20.466,+31.89%
1991-08-15,20.665,+30.17%
1991-08-14,20.695,+30.61%
1991-08-13,20.680,+30.73%
1991-08-12,20.596,+31.49%
1991-08-09,20.548,+29.48%
1991-08-08,20.665,+30.82%
1991-08-07,20.730,+32.61%
1991-08-06,20.734,+32.80%
1991-08-05,20.438,+26.94%
1991-08-02,20.551,+25.24%
1991-08-01,21.240,+38.55%
1991-07-31,20.584,+23.80%
1991-07-30,19.922,+19.12%
1991-07-29,19.740,+18.74%
1991-07-26,19.625,+17.23%
1991-07-25,19.627,+16.86%
1991-07-24,19.507,+16.56%
1991-07-23,19.548,+16.96%
1991-07-22,19.726,+15.97%
1991-07-19,19.795,+15.20%
1991-07-18,19.854,+15.89%
1991-07-17,19.638,+13.60%
1991-07-16,19.657,+13.27%
1991-07-15,19.701,+14.03%
1991-07-12,19.590,+13.97%
1991-07-11,19.421,+14.30%
1991-07-10,19.358,+15.45%
1991-07-09,19.377,+14.58%
1991-07-08,19.471,+15.49%
1991-07-05,19.273,+15.20%
1991-07-03,19.234,+13.54%
1991-07-02,19.447,+14.99%
1991-07-01,20.180,+20.05%
1991-06-28,18.689,+11.83%
1991-06-27,18.852,+13.60%
1991-06-26,18.710,+13.73%
1991-06-25,18.663,+13.36%
1991-06-24,18.678,+12.46%
1991-06-21,19.021,+12.92%
1991-06-20,18.903,+12.65%
1991-06-19,18.887,+12.75%
1991-06-18,19.063,+14.31%
1991-06-17,19.140,+12.87%
1991-06-14,19.249,+13.51%
1991-06-13,19.015,+11.52%
1991-06-12,18.965,+10.82%
1991-06-11,19.187,+13.54%
1991-06-10,19.062,+13.72%
1991-06-07,19.105,+12.58%
1991-06-06,19.317,+13.27%
1991-06-05,19.390,+13.17%
1991-06-04,19.524,+13.72%
1991-06-03,19.540,+15.28%
1991-06-01,19.490,+14.99%
1991-05-31,19.629,+16.29%
1991-05-30,19.006,+13.39%
1991-05-29,18.801,+12.24%
1991-05-28,18.759,+13.90%
1991-05-24,18.541,+11.38%
1991-05-23,18.417,+10.36%
1991-05-22,18.477,+10.99%
1991-05-21,18.436,+10.87%
1991-05-20,18.285,+11.01%
1991-05-17,18.290,+11.09%
1991-05-16,18.280,+11.18%
1991-05-15,18.103,+10.02%
1991-05-14,18.252,+10.77%
1991-05-13,18.505,+13.19%
1991-05-10,18.455,+15.57%
1991-05-09,18.824,+18.20%
1991-05-08,18.591,+17.03%
1991-05-07,18.532,+17.17%
1991-05-06,18.668,+18.78%
1991-05-03,18.703,+20.00%
1991-05-02,18.690,+20.30%
1991-05-01,19.030,+16.25%
1991-04-30,18.436,+19.99%
1991-04-29,17.844,+17.50%
1991-04-26,18.100,+17.82%
1991-04-25,18.111,+18.20%
1991-04-24,18.279,+19.90%
1991-04-23,18.231,+19.34%
1991-04-22,18.192,+17.63%
1991-04-19,18.348,+17.60%
1991-04-18,18.551,+17.99%
1991-04-17,18.646,+17.23%
1991-04-16,18.511,+16.36%
1991-04-15,18.204,+14.56%
1991-04-12,18.166,+14.32%
1991-04-11,18.034,+14.30%
1991-04-10,17.820,+12.89%
1991-04-09,17.840,+13.25%
1991-04-08,18.083,+15.22%
1991-04-05,17.926,+14.00%
1991-04-04,18.136,+15.22%
1991-04-03,18.096,+14.11%
1991-04-02,18.123,+15.95%
1991-04-01,18.650,+18.71%
1991-03-28,17.842,+15.19%
1991-03-27,17.848,+15.40%
1991-03-26,17.893,+17.02%
1991-03-25,17.586,+15.14%
1991-03-22,17.474,+14.94%
1991-03-21,17.431,+13.28%
1991-03-20,17.495,+13.09%
1991-03-19,17.432,+12.05%
1991-03-18,17.694,+14.27%
1991-03-15,17.765,+16.03%
1991-03-14,17.760,+16.41%
1991-03-13,17.811,+17.05%
1991-03-12,17.595,+14.72%
1991-03-11,17.735,+15.88%
1991-03-08,17.829,+15.69%
1991-03-07,17.875,+17.14%
1991-03-06,17.887,+16.87%
1991-03-05,17.913,+18.51%
1991-03-04,17.562,+15.56%
1991-03-01,17.780,+13.83%
1991-02-28,17.455,+16.13%
1991-02-27,17.363,+18.24%
1991-02-26,17.130,+17.22%
1991-02-25,17.340,+20.31%
1991-02-22,17.264,+19.21%
1991-02-21,17.232,+18.27%
1991-02-20,17.240,+18.21%
1991-02-19,17.441,+17.89%
1991-02-15,17.425,+17.02%
1991-02-14,17.196,+16.48%
1991-02-13,17.423,+18.37%
1991-02-12,17.257,+17.58%
1991-02-11,17.402,+17.31%
1991-02-08,16.966,+14.60%
1991-02-07,16.833,+13.43%
1991-02-06,16.906,+15.34%
1991-02-05,16.585,+12.40%
1991-02-04,16.447,+11.78%
1991-02-01,17.230,+15.10%
1991-01-31,16.238,+10.98%
1991-01-30,15.975,+13.12%
1991-01-29,15.738,+10.68%
1991-01-28,15.746,+10.53%
1991-01-25,15.748,+10.45%
1991-01-24,15.688,+8.64%
1991-01-23,15.474,+6.72%
1991-01-22,15.385,+6.50%
1991-01-21,15.514,+4.62%
1991-01-18,15.568,+5.28%
1991-01-17,15.369,+4.18%
1991-01-16,14.816,-0.56%
1991-01-15,14.701,-0.23%
1991-01-14,14.643,-1.49%
1991-01-11,14.772,-3.07%
1991-01-10,14.739,-2.94%
1991-01-09,14.597,-4.51%
1991-01-08,14.756,-4.62%
1991-01-07,14.782,-4.01%
1991-01-04,15.042,-3.28%
1991-01-03,15.085,-3.84%
1991-01-02,15.298,-2.73%
1991-01-01,15.370,+1.65%
1990-12-31,15.474,+1.41%
1990-12-28,15.311,+1.12%
1990-12-27,15.291,+1.53%
1990-12-26,15.410,+2.90%
1990-12-24,15.366,+2.43%
1990-12-21,15.452,+3.80%
1990-12-20,15.376,+3.87%
1990-12-19,15.380,+4.01%
1990-12-18,15.373,+3.59%
1990-12-17,15.185,+0.46%
1990-12-14,15.222,+0.46%
1990-12-13,15.340,+0.72%
1990-12-12,15.379,+1.26%
1990-12-11,15.204,+1.02%
1990-12-10,15.319,+1.75%
1990-12-07,15.265,+1.71%
1990-12-06,15.327,+1.84%
1990-12-05,15.367,+1.81%
1990-12-04,15.200,+0.18%
1990-12-03,15.095,-0.95%
1990-12-01,15.410,+1.12%
1990-11-30,15.008,+0.46%
1990-11-29,14.642,-0.16%
1990-11-28,14.713,-0.30%
1990-11-27,14.720,-0.21%
1990-11-26,14.646,-0.24%
1990-11-23,14.581,-0.08%
1990-11-21,14.624,+0.90%
1990-11-20,14.591,+0.74%
1990-11-19,14.777,+1.35%
1990-11-16,14.675,+0.96%
1990-11-15,14.670,+0.94%
1990-11-14,14.826,+2.77%
1990-11-13,14.700,+1.44%
1990-11-12,14.784,+2.15%
1990-11-09,14.518,+1.07%
1990-11-08,14.235,-1.37%
1990-11-07,14.161,-0.90%
1990-11-06,14.420,+1.58%
1990-11-05,14.558,+1.03%
1990-11-02,14.431,-0.10%
1990-11-01,14.690,0%
1990-10-31,14.068,-3.16%
1990-10-30,13.986,-1.12%
1990-10-29,13.886,-1.82%
1990-10-26,14.016,-1.75%
1990-10-25,14.267,-1.32%
1990-10-24,14.379,-0.89%
1990-10-23,14.368,-1.29%
1990-10-22,14.478,-1.20%
1990-10-19,14.374,-1.90%
1990-10-18,14.063,-2.52%
1990-10-17,13.742,-4.58%
1990-10-16,13.750,-4.99%
1990-10-15,13.948,-0.96%
1990-10-12,13.801,-8.01%
1990-10-11,13.591,-9.81%
1990-10-10,13.817,-8.86%
1990-10-09,14.034,-7.60%
1990-10-08,14.420,-4.79%
1990-10-05,14.328,-4.91%
1990-10-04,14.383,-4.54%
1990-10-03,14.324,-4.33%
1990-10-02,14.499,-2.11%
1990-10-01,14.210,-4.18%
1990-09-28,14.182,-1.55%
1990-09-27,13.947,-2.19%
1990-09-26,14.136,-0.65%
1990-09-25,14.285,+0.43%
1990-09-24,14.114,-1.58%
1990-09-21,14.426,+0.99%
1990-09-20,14.434,+0.82%
1990-09-19,14.671,+2.45%
1990-09-18,14.764,+3.04%
1990-09-17,14.725,+3.27%
1990-09-14,14.682,+3.54%
1990-09-13,14.766,+3.44%
1990-09-12,14.946,+3.73%
1990-09-11,14.877,+3.56%
1990-09-10,14.904,+3.41%
1990-09-07,14.986,+4.11%
1990-09-06,14.850,+2.90%
1990-09-05,15.032,+3.18%
1990-09-04,14.972,+2.13%
1990-09-01,14.510,-1.02%
1990-08-31,14.947,+2.92%
1990-08-30,14.879,+4.85%
1990-08-29,15.135,+6.90%
1990-08-28,15.002,+5.28%
1990-08-27,15.007,+5.79%
1990-08-24,14.543,+2.23%
1990-08-23,14.335,+2.76%
1990-08-22,14.778,+7.02%
1990-08-21,15.026,+8.99%
1990-08-20,15.337,+9.52%
1990-08-17,15.305,+9.79%
1990-08-16,15.518,+10.93%
1990-08-15,15.876,+13.81%
1990-08-14,15.845,+14.13%
1990-08-13,15.819,+13.39%
1990-08-10,15.664,+11.15%
1990-08-09,15.870,+13.03%
1990-08-08,15.796,+11.73%
1990-08-07,15.632,+10.55%
1990-08-06,15.613,+12.18%
1990-08-03,16.100,+15.40%
1990-08-02,16.409,+17.75%
1990-08-01,15.330,+7.05%
1990-07-31,16.627,+18.71%
1990-07-30,16.724,+23.27%
1990-07-27,16.625,+22.60%
1990-07-26,16.741,+24.90%
1990-07-25,16.796,+26.87%
1990-07-24,16.735,+26.49%
1990-07-23,16.713,+25.48%
1990-07-20,17.009,+28.62%
1990-07-19,17.183,+29.08%
1990-07-18,17.132,+30.40%
1990-07-17,17.287,+31.14%
1990-07-16,17.354,+31.89%
1990-07-13,17.277,+32.06%
1990-07-12,17.189,+31.44%
1990-07-11,16.991,+30.34%
1990-07-10,16.768,+29.29%
1990-07-09,16.911,+31.27%
1990-07-06,16.859,+32.23%
1990-07-05,16.730,+31.59%
1990-07-03,16.941,+33.84%
1990-07-02,16.912,+25.93%
1990-07-01,16.810,+25.17%
1990-06-29,16.730,+31.51%
1990-06-28,16.712,+28.90%
1990-06-27,16.595,+26.97%
1990-06-26,16.451,+26.59%
1990-06-25,16.463,+26.13%
1990-06-22,16.609,+29.49%
1990-06-21,16.844,+32.08%
1990-06-20,16.780,+31.26%
1990-06-19,16.751,+30.78%
1990-06-18,16.677,+30.41%
1990-06-15,16.958,+33.14%
1990-06-14,16.958,+31.60%
1990-06-13,17.051,+32.29%
1990-06-12,17.114,+31.83%
1990-06-11,16.899,+29.99%
1990-06-08,16.762,+28.92%
1990-06-07,16.970,+30.44%
1990-06-06,17.054,+32.17%
1990-06-05,17.133,+33.69%
1990-06-04,17.168,+32.54%
1990-06-01,16.950,+32.01%
1990-05-31,16.880,+32.35%
1990-05-30,16.761,+31.59%
1990-05-29,16.751,+30.48%
1990-05-25,16.469,+29.26%
1990-05-24,16.647,+30.67%
1990-05-23,16.688,+31.33%
1990-05-22,16.648,+29.53%
1990-05-21,16.628,+29.66%
1990-05-18,16.472,+29.77%
1990-05-17,16.464,+29.90%
1990-05-16,16.442,+30.64%
1990-05-15,16.455,+30.38%
1990-05-14,16.477,+31.51%
1990-05-11,16.349,+33.43%
1990-05-10,15.969,+30.81%
1990-05-09,15.925,+30.71%
1990-05-08,15.885,+30.03%
1990-05-07,15.817,+28.80%
1990-05-04,15.717,+27.93%
1990-05-03,15.586,+26.69%
1990-05-02,15.536,+26.31%
1990-05-01,16.370,+31.06%
1990-04-30,15.365,+23.86%
1990-04-27,15.187,+22.45%
1990-04-26,15.363,+24.93%
1990-04-25,15.322,+24.67%
1990-04-24,15.245,+23.27%
1990-04-23,15.277,+23.16%
1990-04-20,15.465,+26.07%
1990-04-19,15.602,+26.78%
1990-04-18,15.723,+28.25%
1990-04-17,15.906,+31.59%
1990-04-16,15.909,+31.76%
1990-04-12,15.890,+32.65%
1990-04-11,15.778,+31.93%
1990-04-10,15.785,+32.61%
1990-04-09,15.753,+32.32%
1990-04-06,15.694,+32.65%
1990-04-05,15.724,+32.48%
1990-04-04,15.740,+33.04%
1990-04-03,15.858,+33.54%
1990-04-02,15.630,+29.49%
1990-04-01,15.710,+30.16%
1990-03-30,15.396,+29.27%
1990-03-29,15.434,+29.65%
1990-03-28,15.489,+30.46%
1990-03-27,15.466,+30.72%
1990-03-26,15.291,+29.96%
1990-03-23,15.273,+29.81%
1990-03-22,15.203,+28.53%
1990-03-21,15.387,+29.72%
1990-03-20,15.470,+31.05%
1990-03-19,15.558,+30.55%
1990-03-16,15.485,+27.01%
1990-03-15,15.311,+26.76%
1990-03-14,15.257,+26.96%
1990-03-13,15.217,+26.56%
1990-03-12,15.338,+28.62%
1990-03-09,15.305,+27.88%
1990-03-08,15.411,+28.70%
1990-03-07,15.260,+27.54%
1990-03-06,15.305,+27.50%
1990-03-05,15.115,+27.49%
1990-03-02,15.197,+28.72%
1990-03-01,15.620,+33.16%
1990-02-28,15.031,+27.80%
1990-02-27,14.685,+23.27%
1990-02-26,14.614,+22.96%
1990-02-23,14.413,+19.23%
1990-02-22,14.482,+20.27%
1990-02-21,14.570,+18.93%
1990-02-20,14.584,+18.73%
1990-02-16,14.794,+21.24%
1990-02-15,14.891,+22.27%
1990-02-14,14.763,+22.23%
1990-02-13,14.719,+21.56%
1990-02-12,14.677,+21.43%
1990-02-09,14.834,+21.05%
1990-02-08,14.805,+19.77%
1990-02-07,14.840,+19.66%
1990-02-06,14.658,+19.63%
1990-02-05,14.755,+20.04%
1990-02-02,14.714,+19.76%
1990-02-01,14.970,+25.06%
1990-01-31,14.632,+18.83%
1990-01-30,14.122,+13.69%
1990-01-29,14.220,+14.95%
1990-01-26,14.246,+15.99%
1990-01-25,14.258,+17.12%
1990-01-24,14.441,+18.89%
1990-01-23,14.500,+21.05%
1990-01-22,14.446,+19.70%
1990-01-19,14.829,+22.76%
1990-01-18,14.787,+22.57%
1990-01-17,14.753,+23.57%
1990-01-16,14.899,+24.53%
1990-01-15,14.735,+23.28%
1990-01-12,14.864,+24.67%
1990-01-11,15.240,+28.35%
1990-01-10,15.186,+28.64%
1990-01-09,15.287,+29.21%
1990-01-08,15.470,+30.90%
1990-01-05,15.400,+30.62%
1990-01-04,15.552,+32.19%
1990-01-03,15.687,+35.33%
1990-01-02,15.728,+33.18%
1990-01-01,15.120,+28.03%
1989-12-29,15.259,+27.90%
1989-12-28,15.141,+27.98%
1989-12-27,15.061,+27.42%
1989-12-26,14.975,+26.21%
1989-12-22,15.001,+26.89%
1989-12-21,14.887,+25.69%
1989-12-20,14.803,+24.94%
1989-12-19,14.787,+24.17%
1989-12-18,14.840,+25.79%
1989-12-15,15.115,+29.07%
1989-12-14,15.152,+28.90%
1989-12-13,15.231,+29.10%
1989-12-12,15.187,+28.63%
1989-12-11,15.050,+27.23%
1989-12-08,15.056,+27.50%
1989-12-07,15.008,+26.37%
1989-12-06,15.050,+26.97%
1989-12-05,15.094,+28.58%
1989-12-04,15.173,+30.73%
1989-12-01,15.240,+30.93%
1989-11-30,14.939,+27.83%
1989-11-29,14.665,+24.88%
1989-11-28,14.758,+26.73%
1989-11-27,14.751,+27.35%
1989-11-24,14.681,+25.91%
1989-11-22,14.593,+25.99%
1989-11-21,14.494,+25.60%
1989-11-20,14.484,+25.40%
1989-11-17,14.580,+27.13%
1989-11-16,14.536,+27.11%
1989-11-15,14.534,+24.95%
1989-11-14,14.426,+24.31%
1989-11-13,14.492,+24.79%
1989-11-10,14.473,+22.00%
1989-11-09,14.365,+21.24%
1989-11-08,14.432,+21.00%
1989-11-07,14.290,+20.35%
1989-11-06,14.196,+18.53%
1989-11-03,14.410,+19.07%
1989-11-02,14.446,+19.43%
1989-11-01,14.690,+26.97%
1989-10-31,14.527,+20.14%
1989-10-30,14.144,+15.42%
1989-10-27,14.144,+15.94%
1989-10-26,14.265,+15.24%
1989-10-25,14.458,+16.38%
1989-10-24,14.508,+16.82%
1989-10-23,14.556,+16.63%
1989-10-20,14.654,+17.75%
1989-10-19,14.653,+20.25%
1989-10-18,14.426,+17.37%
1989-10-17,14.401,+18.42%
1989-10-16,14.472,+19.40%
1989-10-13,14.083,+16.31%
1989-10-12,15.002,+24.46%
1989-10-11,15.069,+23.24%
1989-10-10,15.160,+23.85%
1989-10-09,15.188,+24.15%
1989-10-06,15.145,+26.38%
1989-10-05,15.068,+25.99%
1989-10-04,15.067,+26.55%
1989-10-03,14.973,+25.41%
1989-10-02,14.811,+23.22%
1989-10-01,14.830,+23.38%
1989-09-29,14.428,+18.46%
1989-09-28,14.405,+19.81%
1989-09-27,14.260,+18.96%
1989-09-26,14.229,+18.44%
1989-09-25,14.224,+18.00%
1989-09-22,14.341,+19.23%
1989-09-21,14.285,+18.34%
1989-09-20,14.317,+18.79%
1989-09-19,14.320,+19.21%
1989-09-18,14.328,+18.48%
1989-09-15,14.259,+19.01%
1989-09-14,14.180,+17.83%
1989-09-13,14.275,+19.46%
1989-09-12,14.409,+21.01%
1989-09-11,14.366,+20.49%
1989-09-08,14.412,+21.31%
1989-09-07,14.395,+21.17%
1989-09-06,14.431,+21.61%
1989-09-05,14.569,+23.28%
1989-09-01,14.660,+24.34%
1989-08-31,14.523,+24.29%
1989-08-30,14.191,+19.04%
1989-08-29,14.158,+18.84%
1989-08-28,14.249,+20.83%
1989-08-25,14.185,+20.52%
1989-08-24,14.226,+19.96%
1989-08-23,13.950,+19.49%
1989-08-22,13.808,+18.32%
1989-08-21,13.787,+16.66%
1989-08-18,14.004,+18.14%
1989-08-17,13.940,+17.72%
1989-08-16,13.989,+18.22%
1989-08-15,13.950,+18.74%
1989-08-14,13.883,+16.44%
1989-08-11,13.951,+16.92%
1989-08-10,14.093,+18.49%
1989-08-09,14.040,+16.01%
1989-08-08,14.138,+15.31%
1989-08-07,14.140,+14.83%
1989-08-04,13.918,+12.71%
1989-08-03,13.951,+12.54%
1989-08-02,13.935,+12.79%
1989-08-01,14.320,+21.56%
1989-07-31,14.006,+11.57%
1989-07-28,13.567,+10.52%
1989-07-27,13.560,+11.94%
1989-07-26,13.404,+9.53%
1989-07-25,13.239,+8.39%
1989-07-24,13.230,+8.80%
1989-07-21,13.319,+8.24%
1989-07-20,13.224,+6.13%
1989-07-19,13.312,+7.45%
1989-07-18,13.138,+5.25%
1989-07-17,13.182,+5.00%
1989-07-14,13.158,+5.50%
1989-07-13,13.083,+5.27%
1989-07-12,13.077,+5.80%
1989-07-11,13.036,+4.41%
1989-07-10,12.969,+4.08%
1989-07-07,12.883,+2.72%
1989-07-06,12.750,+1.57%
1989-07-05,12.714,-0.11%
1989-07-03,12.658,+3.58%
1989-07-01,13.430,+9.90%
1989-06-30,12.608,-0.10%
1989-06-29,12.721,-3.11%
1989-06-28,12.965,-1.73%
1989-06-27,13.070,+0.26%
1989-06-26,12.996,-2.03%
1989-06-23,13.052,-1.98%
1989-06-22,12.826,-3.97%
1989-06-21,12.753,-3.11%
1989-06-20,12.784,-1.89%
1989-06-19,12.809,-2.33%
1989-06-16,12.788,-2.16%
1989-06-15,12.737,-4.21%
1989-06-14,12.886,-3.04%
1989-06-13,12.889,-1.99%
1989-06-12,12.982,-1.22%
1989-06-09,13.000,-0.70%
1989-06-08,13.002,-1.16%
1989-06-07,13.010,+1.27%
1989-06-06,12.903,-0.27%
1989-06-05,12.815,-0.73%
1989-06-02,12.953,+0.76%
1989-06-01,12.840,+2.80%
1989-05-31,12.754,+0.41%
1989-05-30,12.737,-1.39%
1989-05-26,12.838,-1.08%
1989-05-25,12.741,-1.49%
1989-05-24,12.740,-1.40%
1989-05-23,12.707,-0.60%
1989-05-22,12.853,-0.33%
1989-05-19,12.824,-0.38%
1989-05-18,12.693,-0.92%
1989-05-17,12.674,-2.64%
1989-05-16,12.586,-4.55%
1989-05-15,12.621,-3.57%
1989-05-12,12.529,-3.16%
1989-05-11,12.253,-5.10%
1989-05-10,12.208,-7.02%
1989-05-09,12.183,-6.82%
1989-05-08,12.216,-6.91%
1989-05-05,12.280,-6.90%
1989-05-04,12.286,-7.40%
1989-05-03,12.302,-8.23%
1989-05-02,12.300,-7.73%
1989-05-01,12.490,+0.64%
1989-04-28,12.405,-12.18%
1989-04-27,12.403,-12.59%
1989-04-26,12.297,-13.38%
1989-04-25,12.290,-12.95%
1989-04-24,12.367,-11.63%
1989-04-21,12.404,-10.07%
1989-04-20,12.267,-10.97%
1989-04-19,12.306,-11.30%
1989-04-18,12.260,-12.08%
1989-04-17,12.088,-13.50%
1989-04-14,12.074,-13.59%
1989-04-13,11.875,-18.71%
1989-04-12,11.979,-17.94%
1989-04-11,11.959,-17.71%
1989-04-10,11.903,-17.87%
1989-04-07,11.905,-16.85%
1989-04-06,11.831,-17.16%
1989-04-05,11.869,-14.65%
1989-04-04,11.831,-14.12%
1989-04-03,11.875,-11.25%
1989-04-01,12.070,-9.79%
1989-03-31,11.814,-15.17%
1989-03-30,11.910,-15.87%
1989-03-29,11.904,-16.56%
1989-03-28,11.873,-16.13%
1989-03-27,11.831,-16.57%
1989-03-23,11.766,-20.24%
1989-03-22,11.828,-19.79%
1989-03-21,11.862,-19.54%
1989-03-20,11.805,-20.62%
1989-03-17,11.917,-19.90%
1989-03-16,12.192,-17.27%
1989-03-15,12.079,-17.26%
1989-03-14,12.017,-17.76%
1989-03-13,12.024,-17.26%
1989-03-10,11.925,-17.61%
1989-03-09,11.968,-18.91%
1989-03-08,11.974,-18.98%
1989-03-07,11.965,-18.42%
1989-03-06,12.004,-18.13%
1989-03-03,11.856,-19.31%
1989-03-02,11.806,-19.69%
1989-03-01,11.730,-17.91%
1989-02-28,11.761,-19.97%
1989-02-27,11.913,-18.93%
1989-02-24,11.885,-19.73%
1989-02-23,12.088,-18.54%
1989-02-22,12.041,-19.04%
1989-02-21,12.251,-16.36%
1989-02-17,12.283,-15.37%
1989-02-16,12.202,-16.13%
1989-02-15,12.179,-15.57%
1989-02-14,12.078,-16.27%
1989-02-13,12.108,-16.06%
1989-02-10,12.087,-15.89%
1989-02-09,12.254,-13.06%
1989-02-08,12.361,-11.37%
1989-02-07,12.402,-11.74%
1989-02-06,12.253,-12.80%
1989-02-03,12.292,-12.96%
1989-02-02,12.286,-14.14%
1989-02-01,11.970,-15.47%
1989-01-31,12.313,-16.18%
1989-01-30,12.421,-15.45%
1989-01-27,12.371,-13.19%
1989-01-26,12.282,-13.88%
1989-01-25,12.174,-15.52%
1989-01-24,12.147,-13.77%
1989-01-23,11.979,-14.96%
1989-01-20,12.069,-12.95%
1989-01-19,12.080,-15.21%
1989-01-18,12.064,-16.18%
1989-01-17,11.939,-17.11%
1989-01-16,11.964,-16.93%
1989-01-13,11.952,-14.91%
1989-01-12,11.923,-14.98%
1989-01-11,11.874,-16.04%
1989-01-10,11.805,-15.13%
1989-01-09,11.831,-14.94%
1989-01-06,11.818,-20.12%
1989-01-05,11.790,-20.22%
1989-01-04,11.765,-19.56%
1989-01-03,11.592,-17.38%
1989-01-01,11.810,-15.82%
1988-12-30,11.858,-18.91%
1988-12-29,11.930,-17.33%
1988-12-28,11.831,-18.34%
1988-12-27,11.820,-20.50%
1988-12-23,11.865,-20.56%
1988-12-22,11.822,-19.83%
1988-12-21,11.844,-19.55%
1988-12-20,11.848,-19.40%
1988-12-19,11.909,-18.99%
1988-12-16,11.797,-19.40%
1988-12-15,11.711,-18.24%
1988-12-14,11.755,-17.73%
1988-12-13,11.798,-15.02%
1988-12-12,11.807,-14.95%
1988-12-09,11.829,-16.07%
1988-12-08,11.809,-14.79%
1988-12-07,11.876,-12.00%
1988-12-06,11.853,-10.28%
1988-12-05,11.739,-11.14%
1988-12-02,11.606,-15.73%
1988-12-01,11.640,-15.47%
1988-11-30,11.687,-13.98%
1988-11-29,11.743,-19.82%
1988-11-28,11.645,-20.49%
1988-11-25,11.583,-22.13%
1988-11-23,11.660,-21.25%
1988-11-22,11.583,-21.46%
1988-11-21,11.540,-21.75%
1988-11-18,11.550,-22.81%
1988-11-17,11.469,-22.56%
1988-11-16,11.436,-23.95%
1988-11-15,11.632,-22.29%
1988-11-14,11.605,-22.47%
1988-11-11,11.613,-21.22%
1988-11-10,11.863,-18.55%
1988-11-09,11.848,-20.04%
1988-11-08,11.927,-21.84%
1988-11-07,11.874,-22.19%
1988-11-04,11.977,-21.05%
1988-11-03,12.102,-20.82%
1988-11-02,12.096,-22.39%
1988-11-01,11.570,-19.93%
1988-10-31,12.092,-23.83%
1988-10-28,12.254,-16.69%
1988-10-27,12.199,-17.03%
1988-10-26,12.379,-13.77%
1988-10-25,12.423,-20.62%
1988-10-24,12.419,-20.65%
1988-10-21,12.480,-23.39%
1988-10-20,12.445,-16.66%
1988-10-19,12.185,-14.05%
1988-10-18,12.291,-31.05%
1988-10-17,12.161,-31.78%
1988-10-14,12.121,-37.02%
1988-10-13,12.108,-38.94%
1988-10-12,12.054,-38.21%
1988-10-11,12.227,-37.66%
1988-10-10,12.241,-37.59%
1988-10-07,12.234,-39.09%
1988-10-06,11.984,-40.46%
1988-10-05,11.960,-42.18%
1988-10-04,11.906,-42.44%
1988-10-03,11.939,-42.28%
1988-10-01,12.020,-29.58%
1988-09-30,11.963,-41.05%
1988-09-29,12.180,-41.77%
1988-09-28,12.023,-42.79%
1988-09-27,11.987,-42.42%
1988-09-26,12.014,-42.29%
1988-09-23,12.054,-42.28%
1988-09-22,12.028,-42.10%
1988-09-21,12.071,-40.22%
1988-09-20,12.052,-41.13%
1988-09-19,12.012,-41.32%
1988-09-16,12.093,-40.93%
1988-09-15,11.981,-42.01%
1988-09-14,12.034,-42.71%
1988-09-13,11.950,-42.92%
1988-09-12,11.907,-43.12%
1988-09-09,11.923,-41.59%
1988-09-08,11.880,-41.73%
1988-09-07,11.880,-42.31%
1988-09-06,11.867,-42.37%
1988-09-02,11.818,-43.50%
1988-09-01,11.790,-41.31%
1988-08-31,11.685,-45.51%
1988-08-30,11.921,-45.69%
1988-08-29,11.913,-45.72%
1988-08-26,11.793,-47.48%
1988-08-25,11.770,-47.92%
1988-08-24,11.859,-46.99%
1988-08-23,11.675,-48.21%
1988-08-22,11.670,-48.23%
1988-08-19,11.818,-46.61%
1988-08-18,11.854,-46.35%
1988-08-17,11.842,-47.19%
1988-08-16,11.833,-47.21%
1988-08-15,11.748,-47.59%
1988-08-12,11.923,-46.55%
1988-08-11,11.932,-46.66%
1988-08-10,11.894,-45.97%
1988-08-09,12.102,-44.17%
1988-08-08,12.261,-43.44%
1988-08-05,12.314,-42.38%
1988-08-04,12.349,-41.81%
1988-08-03,12.397,-41.83%
1988-08-02,12.355,-42.32%
1988-08-01,11.780,-45.00%
1988-07-29,12.553,-42.65%
1988-07-28,12.276,-43.32%
1988-07-27,12.114,-43.77%
1988-07-26,12.238,-42.94%
1988-07-25,12.214,-43.05%
1988-07-22,12.160,-43.16%
1988-07-21,12.305,-42.49%
1988-07-20,12.460,-42.30%
1988-07-19,12.389,-43.21%
1988-07-18,12.483,-42.78%
1988-07-15,12.554,-41.68%
1988-07-14,12.472,-42.11%
1988-07-13,12.428,-41.75%
1988-07-12,12.360,-42.20%
1988-07-11,12.485,-41.62%
1988-07-08,12.461,-41.71%
1988-07-07,12.542,-41.17%
1988-07-06,12.553,-40.64%
1988-07-05,12.728,-39.95%
1988-07-01,12.220,-41.28%
1988-06-30,12.621,-40.13%
1988-06-29,13.129,-37.53%
1988-06-28,13.193,-37.08%
1988-06-27,13.036,-37.83%
1988-06-24,13.265,-36.67%
1988-06-23,13.315,-36.75%
1988-06-22,13.356,-36.81%
1988-06-21,13.162,-37.19%
1988-06-20,13.030,-37.82%
1988-06-17,13.114,-36.97%
1988-06-16,13.070,-37.17%
1988-06-15,13.297,-35.74%
1988-06-14,13.290,-35.45%
1988-06-13,13.151,-36.12%
1988-06-10,13.142,-35.28%
1988-06-09,13.091,-35.49%
1988-06-08,13.155,-35.05%
1988-06-07,12.847,-35.86%
1988-06-06,12.938,-35.41%
1988-06-03,12.909,-35.56%
1988-06-02,12.855,-34.71%
1988-06-01,12.490,-40.24%
1988-05-31,12.702,-34.89%
1988-05-27,12.916,-33.48%
1988-05-26,12.978,-33.25%
1988-05-25,12.934,-31.84%
1988-05-24,12.921,-31.91%
1988-05-23,12.784,-32.63%
1988-05-20,12.896,-31.07%
1988-05-19,12.873,-31.54%
1988-05-18,12.811,-33.54%
1988-05-17,13.017,-32.66%
1988-05-16,13.186,-31.78%
1988-05-13,13.088,-33.80%
1988-05-12,12.938,-34.40%
1988-05-11,12.911,-34.15%
1988-05-10,13.130,-33.45%
1988-05-09,13.075,-33.73%
1988-05-06,13.123,-33.96%
1988-05-05,13.190,-33.59%
1988-05-04,13.268,-31.82%
1988-05-03,13.405,-32.06%
1988-05-02,13.331,-32.43%
1988-05-01,12.410,-37.10%
1988-04-29,14.058,-25.41%
1988-04-28,14.126,-24.50%
1988-04-27,14.190,-23.97%
1988-04-26,14.197,-23.85%
1988-04-25,14.118,-24.28%
1988-04-22,13.994,-26.42%
1988-04-21,13.793,-28.94%
1988-04-20,13.778,-27.28%
1988-04-19,13.874,-26.98%
1988-04-18,13.944,-26.61%
1988-04-15,13.974,-24.41%
1988-04-14,13.973,-26.13%
1988-04-13,14.608,-24.58%
1988-04-12,14.598,-24.64%
1988-04-11,14.533,-24.97%
1988-04-08,14.493,-26.38%
1988-04-07,14.317,-27.13%
1988-04-06,14.281,-28.58%
1988-04-05,13.906,-30.10%
1988-04-04,13.776,-30.76%
1988-04-01,13.380,-31.24%
1988-03-31,13.926,-27.91%
1988-03-30,14.156,-27.11%
1988-03-29,14.266,-28.27%
1988-03-28,14.156,-28.82%
1988-03-25,14.180,-29.71%
1988-03-24,14.446,-28.69%
1988-03-23,14.751,-27.07%
1988-03-22,14.747,-26.36%
1988-03-21,14.742,-26.38%
1988-03-18,14.872,-24.37%
1988-03-17,14.878,-24.25%
1988-03-16,14.737,-23.87%
1988-03-15,14.598,-25.02%
1988-03-14,14.612,-24.95%
1988-03-11,14.533,-25.46%
1988-03-10,14.473,-25.91%
1988-03-09,14.759,-23.77%
1988-03-08,14.779,-24.29%
1988-03-07,14.667,-24.86%
1988-03-04,14.663,-24.35%
1988-03-03,14.694,-22.99%
1988-03-02,14.700,-22.66%
1988-03-01,14.290,-26.23%
1988-02-29,14.691,-24.16%
1988-02-26,14.695,-23.71%
1988-02-25,14.646,-24.24%
1988-02-24,14.806,-23.11%
1988-02-23,14.839,-22.81%
1988-02-22,14.873,-23.47%
1988-02-19,14.648,-24.65%
1988-02-18,14.441,-25.68%
1988-02-17,14.513,-25.32%
1988-02-16,14.548,-23.59%
1988-02-12,14.425,-23.12%
1988-02-11,14.331,-24.15%
1988-02-10,14.371,-23.25%
1988-02-09,14.094,-25.57%
1988-02-08,13.947,-26.84%
1988-02-05,14.052,-26.58%
1988-02-04,14.122,-25.81%
1988-02-03,14.122,-24.84%
1988-02-02,14.310,-23.96%
1988-02-01,14.160,-24.96%
1988-01-29,14.690,-22.44%
1988-01-28,14.474,-23.90%
1988-01-27,14.250,-24.62%
1988-01-26,14.261,-23.41%
1988-01-25,14.410,-22.75%
1988-01-22,14.086,-25.53%
1988-01-21,13.894,-24.89%
1988-01-20,13.865,-25.38%
1988-01-19,14.247,-23.41%
1988-01-18,14.393,-21.73%
1988-01-15,14.403,-21.45%
1988-01-14,14.050,-22.54%
1988-01-13,14.046,-21.76%
1988-01-12,14.024,-21.99%
1988-01-11,14.142,-20.85%
1988-01-08,13.909,-21.72%
1988-01-07,14.918,-15.40%
1988-01-06,14.794,-15.25%
1988-01-05,14.779,-15.14%
1988-01-04,14.625,-14.07%
1988-01-01,14.030,-22.10%
1987-12-31,14.119,-15.58%
1987-12-30,14.623,-12.27%
1987-12-29,14.430,-13.89%
1987-12-28,14.488,-14.33%
1987-12-24,14.868,-12.03%
1987-12-23,14.936,-11.48%
1987-12-22,14.746,-13.45%
1987-12-21,14.722,-13.93%
1987-12-18,14.700,-13.03%
1987-12-17,14.335,-15.46%
1987-12-16,14.636,-14.54%
1987-12-15,14.324,-15.75%
1987-12-14,14.288,-15.67%
1987-12-11,13.883,-18.33%
1987-12-10,13.780,-19.83%
1987-12-09,14.094,-17.45%
1987-12-08,13.859,-19.44%
1987-12-07,13.496,-21.55%
1987-12-04,13.211,-23.78%
1987-12-03,13.287,-23.58%
1987-12-02,13.773,-20.83%
1987-12-01,13.770,-19.80%
1987-11-30,13.587,-19.69%
1987-11-27,14.646,-13.28%
1987-11-25,14.875,-11.71%
1987-11-24,15.015,-10.62%
1987-11-23,14.807,-11.29%
1987-11-20,14.747,-10.25%
1987-11-19,14.628,-9.33%
1987-11-18,14.963,-6.92%
1987-11-17,14.810,-10.30%
1987-11-16,15.037,-9.41%
1987-11-13,14.969,-9.27%
1987-11-12,15.144,-9.56%
1987-11-11,14.741,-12.12%
1987-11-10,14.564,-12.84%
1987-11-09,14.818,-11.19%
1987-11-06,15.260,-8.58%
1987-11-05,15.508,-7.36%
1987-11-04,15.171,-9.23%
1987-11-03,15.285,-8.40%
1987-11-02,15.585,-7.18%
1987-11-01,14.450,-13.94%
1987-10-30,15.876,-3.26%
1987-10-29,15.433,-4.88%
1987-10-28,14.709,-8.71%
1987-10-27,14.703,-8.56%
1987-10-26,14.355,-10.53%
1987-10-23,15.651,-2.87%
1987-10-22,15.653,-1.62%
1987-10-21,16.291,+2.56%
1987-10-20,14.933,-6.02%
1987-10-19,14.177,-11.86%
1987-10-16,17.825,+10.51%
1987-10-15,18.794,+16.87%
1987-10-14,19.245,+21.42%
1987-10-13,19.831,+24.83%
1987-10-12,19.508,+23.02%
1987-10-09,19.613,+23.49%
1987-10-08,19.808,+24.28%
1987-10-07,20.084,+27.23%
1987-10-06,20.127,+27.31%
1987-10-05,20.686,+31.44%
1987-10-02,20.685,+31.32%
1987-10-01,17.070,+5.89%
1987-09-30,20.292,+30.27%
1987-09-29,20.916,+34.65%
1987-09-28,21.014,+33.92%
1987-09-25,20.817,+32.90%
1987-09-24,20.788,+30.21%
1987-09-23,20.884,+31.15%
1987-09-22,20.774,+30.87%
1987-09-21,20.191,+28.69%
1987-09-18,20.472,+30.42%
1987-09-17,20.477,+30.81%
1987-09-16,20.472,+30.75%
1987-09-15,20.659,+31.82%
1987-09-14,21.007,+34.78%
1987-09-11,20.935,+31.74%
1987-09-10,20.620,+23.52%
1987-09-09,20.411,+21.97%
1987-09-08,20.388,+21.60%
1987-09-04,20.592,+20.06%
1987-09-03,20.820,+23.22%
1987-09-02,20.915,+24.55%
1987-09-01,20.090,+25.17%
1987-08-31,21.443,+25.13%
1987-08-28,21.949,+28.13%
1987-08-27,22.240,+29.60%
1987-08-26,22.454,+31.08%
1987-08-25,22.602,+34.62%
1987-08-24,22.371,+31.97%
1987-08-21,22.544,+33.28%
1987-08-20,22.472,+32.80%
1987-08-19,22.136,+32.54%
1987-08-18,22.097,+31.84%
1987-08-17,22.423,+33.91%
1987-08-14,22.415,+34.35%
1987-08-13,22.460,+34.94%
1987-08-12,22.308,+35.31%
1987-08-11,22.371,+37.19%
1987-08-10,22.013,+37.16%
1987-08-07,21.678,+34.98%
1987-08-06,21.617,+34.72%
1987-08-05,21.372,+33.08%
1987-08-04,21.223,+32.74%
1987-08-03,21.313,+28.78%
1987-08-01,21.420,+29.43%
1987-07-31,21.387,+33.69%
1987-07-30,22.056,+37.13%
1987-07-29,21.890,+37.28%
1987-07-28,21.660,+35.00%
1987-07-27,21.543,+31.92%
1987-07-24,21.447,+32.59%
1987-07-23,21.346,+31.56%
1987-07-22,21.392,+32.11%
1987-07-21,21.397,+33.23%
1987-07-20,21.594,+34.39%
1987-07-17,21.816,+35.94%
1987-07-16,21.685,+35.73%
1987-07-15,21.527,+35.53%
1987-07-14,21.545,+33.10%
1987-07-13,21.334,+29.56%
1987-07-10,21.385,+29.45%
1987-07-09,21.326,+29.19%
1987-07-08,21.379,+30.17%
1987-07-07,21.318,+28.49%
1987-07-06,21.146,+23.54%
1987-07-02,21.195,+23.38%
1987-07-01,20.810,+27.90%
1987-06-30,21.082,+23.63%
1987-06-29,21.017,+23.35%
1987-06-26,20.967,+23.49%
1987-06-25,21.089,+24.11%
1987-06-24,20.946,+24.22%
1987-06-23,21.053,+25.76%
1987-06-22,21.137,+25.07%
1987-06-19,20.954,+25.78%
1987-06-18,20.866,+24.77%
1987-06-17,20.806,+24.74%
1987-06-16,20.803,+23.82%
1987-06-15,20.692,+23.36%
1987-06-12,20.588,+24.90%
1987-06-11,20.391,+23.89%
1987-06-10,20.305,+24.16%
1987-06-09,20.292,+23.88%
1987-06-08,20.254,+20.78%
1987-06-05,20.031,+19.46%
1987-06-04,20.143,+20.97%
1987-06-03,20.032,+19.54%
1987-06-02,19.690,+17.72%
1987-06-01,20.900,+25.30%
1987-05-29,19.509,+14.70%
1987-05-28,19.553,+15.59%
1987-05-27,19.417,+15.67%
1987-05-26,19.443,+17.46%
1987-05-22,18.975,+15.22%
1987-05-21,18.841,+16.67%
1987-05-20,18.709,+15.53%
1987-05-19,18.804,+17.56%
1987-05-18,19.277,+20.75%
1987-05-15,19.330,+20.22%
1987-05-14,19.787,+21.45%
1987-05-13,19.770,+21.92%
1987-05-12,19.724,+21.04%
1987-05-11,19.608,+20.20%
1987-05-08,19.729,+21.30%
1987-05-07,19.819,+22.40%
1987-05-06,19.870,+22.11%
1987-05-05,19.861,+21.81%
1987-05-04,19.459,+20.83%
1987-05-01,19.730,+21.19%
1987-04-30,19.392,+20.04%
1987-04-29,18.846,+13.78%
1987-04-28,18.709,+11.76%
1987-04-27,18.664,+11.85%
1987-04-24,18.644,+11.86%
1987-04-23,18.995,+14.09%
1987-04-22,19.019,+13.91%
1987-04-21,19.409,+15.15%
1987-04-20,18.946,+13.50%
1987-04-16,19.001,+13.90%
1987-04-15,18.837,+15.05%
1987-04-14,18.487,+13.13%
1987-04-13,18.915,+16.39%
1987-04-10,19.370,+18.95%
1987-04-09,19.395,+20.48%
1987-04-08,19.686,+22.40%
1987-04-07,19.648,+24.78%
1987-04-06,19.997,+26.97%
1987-04-03,19.895,+24.27%
1987-04-02,19.446,+19.79%
1987-04-01,19.460,+19.24%
1987-03-31,19.318,+17.41%
1987-03-30,19.422,+18.25%
1987-03-27,19.888,+21.09%
1987-03-26,20.210,+23.92%
1987-03-25,20.173,+25.05%
1987-03-24,20.258,+25.25%
1987-03-23,20.226,+26.12%
1987-03-20,20.025,+23.18%
1987-03-19,19.750,+21.97%
1987-03-18,19.663,+21.34%
1987-03-17,19.642,+21.78%
1987-03-16,19.357,+19.06%
1987-03-13,19.469,+21.48%
1987-03-12,19.558,+22.38%
1987-03-11,19.497,+22.44%
1987-03-10,19.534,+25.44%
1987-03-09,19.362,+24.89%
1987-03-06,19.520,+26.16%
1987-03-05,19.511,+26.54%
1987-03-04,19.383,+25.69%
1987-03-03,19.081,+23.16%
1987-03-02,19.006,+18.79%
1987-03-01,19.370,+21.06%
1987-02-27,19.346,+24.39%
1987-02-26,19.262,+25.35%
1987-02-25,19.333,+25.96%
1987-02-24,19.257,+25.15%
1987-02-23,19.223,+24.78%
1987-02-20,19.434,+27.51%
1987-02-19,19.440,+28.97%
1987-02-18,19.430,+27.35%
1987-02-17,19.434,+28.93%
1987-02-13,19.040,+27.69%
1987-02-12,18.762,+26.66%
1987-02-11,18.893,+27.58%
1987-02-10,18.725,+26.26%
1987-02-09,18.935,+28.67%
1987-02-06,19.063,+30.20%
1987-02-05,19.140,+31.04%
1987-02-04,19.036,+30.43%
1987-02-03,18.788,+28.03%
1987-02-02,18.819,+24.79%
1987-02-01,18.870,+25.13%
1987-01-30,18.928,+32.10%
1987-01-29,18.939,+31.58%
1987-01-28,19.019,+32.44%
1987-01-27,18.905,+33.18%
1987-01-26,18.619,+31.78%
1987-01-23,18.653,+33.43%
1987-01-22,18.916,+35.81%
1987-01-21,18.497,+31.31%
1987-01-20,18.580,+30.80%
1987-01-19,18.601,+30.39%
1987-01-16,18.390,+28.45%
1987-01-15,18.335,+28.62%
1987-01-14,18.138,+28.24%
1987-01-13,17.952,+26.88%
1987-01-12,17.977,+27.52%
1987-01-09,17.868,+26.66%
1987-01-08,17.769,+24.83%
1987-01-07,17.633,+20.49%
1987-01-06,17.457,+21.08%
1987-01-05,17.416,+20.66%
1987-01-02,17.020,+18.64%
1987-01-01,18.010,+26.12%
1986-12-31,16.724,+15.65%
1986-12-30,16.669,+17.26%
1986-12-29,16.758,+18.48%
1986-12-26,16.912,+20.71%
1986-12-24,16.901,+20.92%
1986-12-23,16.873,+19.89%
1986-12-22,17.038,+19.71%
1986-12-19,17.105,+20.70%
1986-12-18,16.903,+19.40%
1986-12-17,16.956,+19.29%
1986-12-16,17.126,+19.71%
1986-12-15,17.001,+20.01%
1986-12-12,16.942,+21.46%
1986-12-11,16.998,+22.10%
1986-12-10,17.189,+24.64%
1986-12-09,17.074,+23.89%
1986-12-08,17.203,+25.60%
1986-12-05,17.203,+25.05%
1986-12-04,17.332,+25.77%
1986-12-03,17.387,+28.29%
1986-12-02,17.397,+28.62%
1986-12-01,17.170,+21.00%
1986-11-28,16.919,+25.47%
1986-11-26,16.889,+26.41%
1986-11-25,16.848,+26.31%
1986-11-24,16.799,+25.21%
1986-11-21,16.691,+24.48%
1986-11-20,16.432,+24.03%
1986-11-19,16.134,+21.98%
1986-11-18,16.075,+21.50%
1986-11-17,16.511,+25.18%
1986-11-14,16.599,+25.25%
1986-11-13,16.498,+25.72%
1986-11-12,16.744,+26.96%
1986-11-11,16.774,+27.71%
1986-11-10,16.709,+29.56%
1986-11-07,16.685,+30.11%
1986-11-06,16.692,+30.06%
1986-11-05,16.740,+30.70%
1986-11-04,16.714,+31.27%
1986-11-03,16.687,+25.18%
1986-11-01,16.790,+25.96%
1986-10-31,16.563,+31.06%
1986-10-30,16.411,+31.50%
1986-10-29,16.225,+30.58%
1986-10-28,16.112,+30.69%
1986-10-27,16.079,+30.59%
1986-10-24,16.044,+29.63%
1986-10-23,16.113,+29.78%
1986-10-22,15.910,+28.86%
1986-10-21,15.884,+29.39%
1986-10-20,15.890,+29.39%
1986-10-17,16.084,+30.53%
1986-10-16,16.130,+30.68%
1986-10-15,16.081,+31.62%
1986-10-14,15.850,+29.53%
1986-10-13,15.886,+31.29%
1986-10-10,15.857,+32.13%
1986-10-09,15.882,+32.53%
1986-10-08,15.938,+33.46%
1986-10-07,15.785,+32.18%
1986-10-06,15.810,+31.42%
1986-10-03,15.738,+30.01%
1986-10-02,15.752,+30.34%
1986-10-01,16.120,+30.00%
1986-09-30,15.577,+30.30%
1986-09-29,15.534,+31.61%
1986-09-26,15.691,+32.94%
1986-09-25,15.664,+33.17%
1986-09-24,15.965,+34.28%
1986-09-23,15.924,+32.71%
1986-09-22,15.874,+33.94%
1986-09-19,15.690,+31.42%
1986-09-18,15.697,+32.69%
1986-09-17,15.654,+32.58%
1986-09-16,15.657,+31.51%
1986-09-15,15.672,+31.61%
1986-09-12,15.586,+30.33%
1986-09-11,15.891,+31.92%
1986-09-10,16.693,+37.19%
1986-09-09,16.734,+36.54%
1986-09-08,16.766,+36.81%
1986-09-05,16.924,+38.81%
1986-09-04,17.151,+40.59%
1986-09-03,16.897,+38.12%
1986-09-02,16.792,+38.89%
1986-09-01,16.050,+32.75%
1986-08-29,17.136,+40.40%
1986-08-28,17.130,+40.43%
1986-08-27,17.161,+41.23%
1986-08-26,17.130,+41.57%
1986-08-25,16.789,+38.86%
1986-08-22,16.951,+40.06%
1986-08-21,16.915,+38.42%
1986-08-20,16.922,+39.28%
1986-08-19,16.701,+38.71%
1986-08-18,16.760,+39.41%
1986-08-15,16.745,+38.42%
1986-08-14,16.684,+37.80%
1986-08-13,16.644,+37.57%
1986-08-12,16.486,+36.01%
1986-08-11,16.306,+34.04%
1986-08-08,16.049,+31.48%
1986-08-07,16.060,+32.46%
1986-08-06,16.046,+32.17%
1986-08-05,16.059,+30.41%
1986-08-04,15.988,+29.25%
1986-08-01,16.550,+34.99%
1986-07-31,15.997,+29.71%
1986-07-30,16.084,+32.19%
1986-07-29,15.945,+31.28%
1986-07-28,16.044,+30.17%
1986-07-25,16.330,+32.72%
1986-07-24,16.176,+31.80%
1986-07-23,16.225,+31.54%
1986-07-22,16.192,+30.06%
1986-07-21,16.060,+28.48%
1986-07-18,16.068,+29.04%
1986-07-17,16.048,+28.04%
1986-07-16,15.976,+28.07%
1986-07-15,15.884,+28.66%
1986-07-14,16.187,+30.73%
1986-07-11,16.466,+33.22%
1986-07-10,16.520,+34.05%
1986-07-09,16.507,+34.87%
1986-07-08,16.424,+33.58%
1986-07-07,16.591,+34.53%
1986-07-03,17.117,+39.56%
1986-07-02,17.179,+39.67%
1986-07-01,16.270,+30.79%
1986-06-30,17.052,+41.05%
1986-06-27,17.038,+41.39%
1986-06-26,16.979,+41.78%
1986-06-25,16.992,+42.12%
1986-06-24,16.862,+41.47%
1986-06-23,16.741,+40.12%
1986-06-20,16.900,+43.63%
1986-06-19,16.659,+41.66%
1986-06-18,16.723,+41.66%
1986-06-17,16.679,+41.90%
1986-06-16,16.801,+42.50%
1986-06-13,16.773,+43.63%
1986-06-12,16.484,+39.43%
1986-06-11,16.459,+38.17%
1986-06-10,16.354,+36.96%
1986-06-09,16.380,+37.05%
1986-06-06,16.769,+39.29%
1986-06-05,16.768,+39.94%
1986-06-04,16.651,+39.05%
1986-06-03,16.758,+40.48%
1986-06-02,16.726,+38.23%
1986-06-01,16.680,+37.85%
1986-05-30,16.965,+45.75%
1986-05-29,17.008,+46.18%
1986-05-28,16.916,+45.24%
1986-05-27,16.787,+43.81%
1986-05-23,16.553,+42.32%
1986-05-22,16.469,+40.88%
1986-05-21,16.149,+37.36%
1986-05-20,16.194,+37.68%
1986-05-19,15.995,+37.66%
1986-05-16,15.964,+38.70%
1986-05-15,16.079,+40.54%
1986-05-14,16.292,+42.92%
1986-05-13,16.215,+41.68%
1986-05-12,16.295,+42.63%
1986-05-09,16.313,+44.64%
1986-05-08,16.264,+45.24%
1986-05-07,16.192,+44.49%
1986-05-06,16.272,+45.82%
1986-05-05,16.305,+46.05%
1986-05-02,16.104,+45.11%
1986-05-01,16.280,+39.74%
1986-04-30,16.154,+44.89%
1986-04-29,16.564,+50.29%
1986-04-28,16.741,+50.62%
1986-04-25,16.687,+49.10%
1986-04-24,16.668,+49.89%
1986-04-23,16.649,+50.03%
1986-04-22,16.696,+51.44%
1986-04-21,16.855,+52.53%
1986-04-18,16.693,+51.29%
1986-04-17,16.738,+51.00%
1986-04-16,16.682,+50.89%
1986-04-15,16.373,+48.33%
1986-04-14,16.342,+48.36%
1986-04-11,16.251,+47.82%
1986-04-10,16.284,+48.75%
1986-04-09,16.098,+48.05%
1986-04-08,16.083,+48.07%
1986-04-07,15.746,+44.15%
1986-04-04,15.750,+44.19%
1986-04-03,16.010,+46.50%
1986-04-02,16.233,+47.37%
1986-04-01,16.320,+45.71%
1986-03-31,16.453,+50.00%
1986-03-27,16.424,+50.67%
1986-03-26,16.309,+50.54%
1986-03-25,16.132,+49.29%
1986-03-24,16.174,+48.78%
1986-03-21,16.037,+47.28%
1986-03-20,16.257,+49.52%
1986-03-19,16.192,+48.54%
1986-03-18,16.205,+50.88%
1986-03-17,16.129,+50.49%
1986-03-14,16.258,+50.56%
1986-03-13,16.027,+48.14%
1986-03-12,15.982,+46.52%
1986-03-11,15.924,+46.70%
1986-03-10,15.573,+43.21%
1986-03-07,15.503,+42.24%
1986-03-06,15.473,+41.07%
1986-03-05,15.419,+39.36%
1986-03-04,15.421,+39.51%
1986-03-03,15.493,+41.49%
1986-03-01,16.000,+46.12%
1986-02-28,15.596,+41.77%
1986-02-27,15.553,+42.53%
1986-02-26,15.366,+40.46%
1986-02-25,15.349,+41.82%
1986-02-24,15.387,+42.06%
1986-02-21,15.406,+41.59%
1986-02-20,15.241,+39.30%
1986-02-19,15.073,+37.65%
1986-02-18,15.257,+39.13%
1986-02-14,15.073,+36.84%
1986-02-13,14.911,+34.67%
1986-02-12,14.813,+35.86%
1986-02-11,14.809,+35.86%
1986-02-10,14.831,+34.80%
1986-02-07,14.716,+34.04%
1986-02-06,14.641,+34.37%
1986-02-05,14.606,+33.93%
1986-02-04,14.595,+34.01%
1986-02-03,14.675,+33.65%
1986-02-01,15.080,+37.34%
1986-01-31,14.525,+33.91%
1986-01-30,14.328,+32.90%
1986-01-29,14.394,+33.67%
1986-01-28,14.361,+34.71%
1986-01-27,14.195,+33.19%
1986-01-24,14.129,+33.04%
1986-01-23,13.980,+31.21%
1986-01-22,13.928,+32.07%
1986-01-21,14.086,+33.76%
1986-01-20,14.205,+37.97%
1986-01-17,14.266,+39.04%
1986-01-16,14.317,+39.16%
1986-01-15,14.255,+38.87%
1986-01-14,14.144,+38.03%
1986-01-13,14.149,+40.21%
1986-01-10,14.097,+39.37%
1986-01-09,14.107,+42.11%
1986-01-08,14.235,+44.44%
1986-01-07,14.634,+48.27%
1986-01-06,14.418,+46.57%
1986-01-03,14.434,+45.95%
1986-01-02,14.346,+44.36%
1986-01-01,14.280,+37.84%
1985-12-31,14.461,+43.89%
1985-12-30,14.216,+42.02%
1985-12-27,14.144,+41.74%
1985-12-26,14.011,+39.80%
1985-12-24,13.977,+39.21%
1985-12-23,14.074,+41.25%
1985-12-20,14.233,+42.09%
1985-12-19,14.171,+40.81%
1985-12-18,14.157,+39.88%
1985-12-17,14.214,+44.30%
1985-12-16,14.306,+46.05%
1985-12-13,14.166,+45.41%
1985-12-12,13.949,+42.47%
1985-12-11,13.921,+41.79%
1985-12-10,13.791,+40.68%
1985-12-09,13.782,+41.08%
1985-12-06,13.697,+39.78%
1985-12-05,13.757,+40.97%
1985-12-04,13.781,+40.11%
1985-12-03,13.553,+38.25%
1985-12-02,13.526,+36.76%
1985-12-01,14.190,+43.48%
1985-11-29,13.460,+36.23%
1985-11-27,13.485,+34.53%
1985-11-26,13.360,+33.88%
1985-11-25,13.339,+32.58%
1985-11-22,13.417,+35.29%
1985-11-21,13.409,+35.21%
1985-11-20,13.248,+33.87%
1985-11-19,13.227,+34.54%
1985-11-18,13.230,+33.74%
1985-11-15,13.190,+31.91%
1985-11-14,13.253,+32.46%
1985-11-13,13.123,+31.18%
1985-11-12,13.188,+30.73%
1985-11-11,13.134,+30.01%
1985-11-08,12.897,+26.84%
1985-11-07,12.824,+25.76%
1985-11-06,12.834,+24.94%
1985-11-05,12.808,+26.04%
1985-11-04,12.733,+26.17%
1985-11-01,13.330,+33.17%
1985-10-31,12.638,+26.24%
1985-10-30,12.480,+23.87%
1985-10-29,12.425,+24.87%
1985-10-28,12.328,+23.51%
1985-10-25,12.313,+22.60%
1985-10-24,12.377,+22.58%
1985-10-23,12.416,+23.05%
1985-10-22,12.347,+22.17%
1985-10-21,12.276,+21.03%
1985-10-18,12.281,+20.98%
1985-10-17,12.322,+24.31%
1985-10-16,12.343,+24.05%
1985-10-15,12.218,+22.06%
1985-10-14,12.237,+23.43%
1985-10-11,12.100,+23.09%
1985-10-10,12.001,+22.60%
1985-10-09,11.984,+22.75%
1985-10-08,11.942,+21.98%
1985-10-07,11.942,+21.56%
1985-10-04,12.030,+22.28%
1985-10-03,12.105,+23.41%
1985-10-02,12.085,+22.33%
1985-10-01,12.400,+24.87%
1985-09-30,11.955,+18.33%
1985-09-27,11.803,+16.22%
1985-09-26,11.803,+16.70%
1985-09-25,11.762,+16.76%
1985-09-24,11.889,+18.25%
1985-09-23,11.999,+19.07%
1985-09-20,11.852,+16.34%
1985-09-19,11.939,+17.57%
1985-09-18,11.830,+16.00%
1985-09-17,11.807,+14.94%
1985-09-16,11.906,+15.98%
1985-09-13,11.908,+16.57%
1985-09-12,11.959,+19.39%
1985-09-11,12.046,+20.42%
1985-09-10,12.168,+21.79%
1985-09-09,12.256,+22.58%
1985-09-06,12.255,+21.63%
1985-09-05,12.192,+22.01%
1985-09-04,12.199,+21.64%
1985-09-03,12.234,+21.97%
1985-09-01,12.090,+20.54%
1985-08-30,12.185,+19.37%
1985-08-29,12.205,+19.20%
1985-08-28,12.198,+18.92%
1985-08-27,12.151,+19.14%
1985-08-26,12.100,+17.89%
1985-08-23,12.091,+18.08%
1985-08-22,12.103,+18.23%
1985-08-21,12.220,+18.83%
1985-08-20,12.150,+20.21%
1985-08-19,12.040,+19.71%
1985-08-16,12.022,+19.80%
1985-08-15,12.097,+21.27%
1985-08-14,12.107,+20.17%
1985-08-13,12.099,+19.35%
1985-08-12,12.121,+19.58%
1985-08-09,12.165,+19.93%
1985-08-08,12.206,+23.16%
1985-08-07,12.124,+21.60%
1985-08-06,12.140,+21.85%
1985-08-05,12.314,+23.78%
1985-08-02,12.370,+27.78%
1985-08-01,12.260,+22.60%
1985-07-31,12.333,+33.59%
1985-07-30,12.167,+31.24%
1985-07-29,12.146,+30.14%
1985-07-26,12.325,+33.04%
1985-07-25,12.304,+33.93%
1985-07-24,12.273,+34.50%
1985-07-23,12.335,+34.16%
1985-07-22,12.450,+34.87%
1985-07-19,12.500,+34.67%
1985-07-18,12.452,+33.23%
1985-07-17,12.534,+33.26%
1985-07-16,12.474,+33.30%
1985-07-15,12.346,+32.55%
1985-07-12,12.382,+33.70%
1985-07-11,12.360,+32.99%
1985-07-10,12.324,+30.58%
1985-07-09,12.239,+29.28%
1985-07-08,12.295,+30.83%
1985-07-05,12.333,+30.78%
1985-07-03,12.265,+29.27%
1985-07-02,12.300,+30.06%
1985-07-01,12.440,+34.34%
1985-06-28,12.089,+25.68%
1985-06-27,12.050,+26.27%
1985-06-26,11.976,+24.62%
1985-06-25,11.956,+23.38%
1985-06-24,11.919,+22.61%
1985-06-21,11.948,+22.87%
1985-06-20,11.766,+20.75%
1985-06-19,11.760,+22.45%
1985-06-18,11.805,+23.63%
1985-06-17,11.754,+25.32%
1985-06-14,11.790,+24.58%
1985-06-13,11.678,+21.98%
1985-06-12,11.822,+23.43%
1985-06-11,11.912,+23.67%
1985-06-10,11.941,+22.28%
1985-06-07,11.952,+22.58%
1985-06-06,12.039,+23.41%
1985-06-05,11.982,+23.91%
1985-06-04,11.975,+23.29%
1985-06-03,11.929,+26.23%
1985-06-01,12.100,+28.04%
1985-05-31,11.944,+26.06%
1985-05-30,11.640,+20.55%
1985-05-29,11.635,+20.53%
1985-05-28,11.647,+19.60%
1985-05-24,11.673,+20.18%
1985-05-23,11.631,+18.25%
1985-05-22,11.690,+18.28%
1985-05-21,11.757,+18.30%
1985-05-20,11.762,+17.56%
1985-05-17,11.619,+15.54%
1985-05-16,11.510,+13.43%
1985-05-15,11.441,+12.74%
1985-05-14,11.399,+12.68%
1985-05-13,11.445,+12.44%
1985-05-10,11.425,+11.18%
1985-05-09,11.278,+9.68%
1985-05-08,11.198,+8.61%
1985-05-07,11.206,+9.41%
1985-05-06,11.159,+9.20%
1985-05-03,11.164,+7.83%
1985-05-02,11.098,+6.73%
1985-05-01,11.650,+18.15%
1985-04-30,11.149,+8.46%
1985-04-29,11.021,+5.18%
1985-04-26,11.115,+5.81%
1985-04-25,11.192,+7.66%
1985-04-24,11.120,+7.36%
1985-04-23,11.097,+8.00%
1985-04-22,11.025,+6.47%
1985-04-19,11.050,+6.71%
1985-04-18,11.034,+6.64%
1985-04-17,11.085,+6.41%
1985-04-16,11.056,+6.56%
1985-04-15,11.038,+7.07%
1985-04-12,11.015,+6.57%
1985-04-11,10.994,+8.24%
1985-04-10,10.947,+7.18%
1985-04-09,10.873,+6.73%
1985-04-08,10.862,+6.61%
1985-04-04,10.923,+5.80%
1985-04-03,10.928,+5.77%
1985-04-02,11.015,+6.39%
1985-04-01,11.200,+10.67%
1985-03-29,10.969,+2.11%
1985-03-28,10.901,+1.25%
1985-03-27,10.901,+2.91%
1985-03-26,10.834,+2.69%
1985-03-25,10.806,+2.30%
1985-03-22,10.871,+3.02%
1985-03-21,10.889,+1.92%
1985-03-20,10.873,+1.64%
1985-03-19,10.901,+2.60%
1985-03-18,10.740,+0.14%
1985-03-15,10.718,+1.11%
1985-03-14,10.798,+2.28%
1985-03-13,10.819,+2.47%
1985-03-12,10.908,+3.61%
1985-03-11,10.855,+4.44%
1985-03-08,10.874,+4.05%
1985-03-07,10.899,+4.71%
1985-03-06,10.968,+4.24%
1985-03-05,11.064,+4.06%
1985-03-04,11.054,+3.09%
1985-03-01,10.950,+6.21%
1985-02-28,11.001,+1.30%
1985-02-27,10.912,-1.09%
1985-02-26,10.940,+0.29%
1985-02-25,10.823,-0.78%
1985-02-22,10.831,+1.36%
1985-02-21,10.881,+1.61%
1985-02-20,10.941,+1.45%
1985-02-19,10.950,+1.53%
1985-02-15,10.966,+1.34%
1985-02-14,11.015,+1.56%
1985-02-13,11.072,+3.18%
1985-02-12,10.903,+0.73%
1985-02-11,10.900,+0.70%
1985-02-08,11.002,+1.94%
1985-02-07,10.979,-0.13%
1985-02-06,10.896,-0.47%
1985-02-05,10.906,-2.13%
1985-02-04,10.891,-2.26%
1985-02-01,10.980,+3.68%
1985-01-31,10.847,-4.14%
1985-01-30,10.781,-7.13%
1985-01-29,10.768,-7.85%
1985-01-28,10.661,-8.76%
1985-01-25,10.658,-9.29%
1985-01-24,10.620,-10.21%
1985-01-23,10.655,-9.33%
1985-01-22,10.546,-10.98%
1985-01-21,10.531,-11.11%
1985-01-18,10.296,-13.78%
1985-01-17,10.260,-14.23%
1985-01-16,10.288,-13.66%
1985-01-15,10.265,-13.77%
1985-01-14,10.247,-13.92%
1985-01-11,10.091,-15.62%
1985-01-10,10.115,-15.50%
1985-01-09,9.927,-17.54%
1985-01-08,9.855,-18.32%
1985-01-07,9.870,-18.20%
1985-01-04,9.837,-17.25%
1985-01-03,9.890,-15.41%
1985-01-02,9.938,-13.73%
1985-01-01,10.360,-10.07%
1984-12-31,10.050,-15.97%
1984-12-28,10.010,-16.51%
1984-12-27,9.979,-16.48%
1984-12-26,10.022,-15.33%
1984-12-24,10.040,-15.17%
1984-12-21,9.964,-15.99%
1984-12-20,10.017,-14.73%
1984-12-19,10.064,-14.50%
1984-12-18,10.121,-14.05%
1984-12-17,9.850,-16.36%
1984-12-14,9.795,-17.30%
1984-12-13,9.742,-18.55%
1984-12-12,9.791,-18.48%
1984-12-11,9.818,-17.99%
1984-12-10,9.803,-18.12%
1984-12-07,9.769,-18.80%
1984-12-06,9.799,-18.33%
1984-12-05,9.759,-18.82%
1984-12-04,9.836,-18.01%
1984-12-03,9.803,-18.29%
1984-12-01,9.890,-15.61%
1984-11-30,9.848,-18.39%
1984-11-29,9.880,-20.33%
1984-11-28,9.947,-19.13%
1984-11-27,10.024,-18.81%
1984-11-26,9.979,-19.18%
1984-11-23,10.061,-18.41%
1984-11-21,9.917,-19.14%
1984-11-20,9.896,-18.84%
1984-11-19,9.831,-19.37%
1984-11-16,9.892,-19.35%
1984-11-15,9.999,-18.13%
1984-11-14,10.005,-18.68%
1984-11-13,10.004,-18.54%
1984-11-12,10.088,-17.86%
1984-11-09,10.102,-16.58%
1984-11-08,10.168,-14.89%
1984-11-07,10.197,-14.73%
1984-11-06,10.272,-14.38%
1984-11-05,10.162,-15.30%
1984-11-02,10.092,-17.10%
1984-11-01,10.010,-16.44%
1984-10-31,10.011,-17.12%
1984-10-30,10.075,-17.98%
1984-10-29,9.950,-18.99%
1984-10-26,9.981,-19.73%
1984-10-25,10.043,-19.77%
1984-10-24,10.097,-19.09%
1984-10-23,10.090,-19.13%
1984-10-22,10.106,-19.00%
1984-10-19,10.143,-19.09%
1984-10-18,10.151,-19.55%
1984-10-17,9.912,-22.65%
1984-10-16,9.950,-22.09%
1984-10-15,10.010,-21.62%
1984-10-12,9.914,-22.27%
1984-10-11,9.830,-23.25%
1984-10-10,9.789,-24.59%
1984-10-09,9.763,-23.98%
1984-10-08,9.790,-23.77%
1984-10-05,9.824,-22.11%
1984-10-04,9.838,-21.31%
1984-10-03,9.809,-21.31%
1984-10-02,9.879,-20.27%
1984-10-01,9.930,-19.85%
1984-09-28,10.103,-21.46%
1984-09-27,10.156,-21.25%
1984-09-26,10.114,-22.33%
1984-09-25,10.074,-22.38%
1984-09-24,10.054,-22.54%
1984-09-21,10.077,-21.85%
1984-09-20,10.187,-21.39%
1984-09-19,10.155,-20.88%
1984-09-18,10.198,-19.88%
1984-09-17,10.272,-19.30%
1984-09-14,10.266,-18.92%
1984-09-13,10.215,-19.05%
1984-09-12,10.017,-20.95%
1984-09-11,10.003,-21.74%
1984-09-10,9.991,-21.83%
1984-09-07,9.998,-22.26%
1984-09-06,10.076,-21.62%
1984-09-05,9.993,-20.90%
1984-09-04,10.029,-20.62%
1984-09-01,10.030,-20.21%
1984-08-31,10.139,-19.46%
1984-08-30,10.208,-19.44%
1984-08-29,10.239,-19.03%
1984-08-28,10.257,-18.84%
1984-08-27,10.199,-19.30%
1984-08-24,10.264,-18.33%
1984-08-23,10.240,-19.29%
1984-08-22,10.237,-20.08%
1984-08-21,10.284,-19.54%
1984-08-20,10.107,-20.92%
1984-08-17,10.058,-21.93%
1984-08-16,10.035,-21.21%
1984-08-15,9.975,-21.83%
1984-08-14,10.075,-20.29%
1984-08-13,10.137,-19.80%
1984-08-10,10.136,-19.50%
1984-08-09,10.143,-18.73%
1984-08-08,9.911,-20.12%
1984-08-07,9.970,-20.91%
1984-08-06,9.963,-20.97%
1984-08-03,9.948,-21.91%
1984-08-02,9.681,-23.33%
1984-08-01,10.000,-19.55%
1984-07-31,9.232,-28.50%
1984-07-30,9.271,-28.20%
1984-07-27,9.333,-29.89%
1984-07-26,9.264,-31.53%
1984-07-25,9.187,-31.77%
1984-07-24,9.125,-31.98%
1984-07-23,9.194,-31.46%
1984-07-20,9.231,-31.35%
1984-07-19,9.282,-29.10%
1984-07-18,9.346,-28.23%
1984-07-17,9.406,-27.92%
1984-07-16,9.358,-28.29%
1984-07-13,9.314,-29.13%
1984-07-12,9.261,-29.56%
1984-07-11,9.294,-30.40%
1984-07-10,9.438,-28.88%
1984-07-09,9.467,-28.66%
1984-07-06,9.398,-29.77%
1984-07-05,9.430,-28.74%
1984-07-03,9.488,-27.13%
1984-07-02,9.457,-27.37%
1984-07-01,9.260,-28.88%
1984-06-29,9.640,-27.51%
1984-06-28,9.619,-27.26%
1984-06-27,9.543,-29.02%
1984-06-26,9.610,-29.33%
1984-06-25,9.690,-28.74%
1984-06-22,9.721,-28.76%
1984-06-21,9.724,-28.55%
1984-06-20,9.744,-27.76%
1984-06-19,9.604,-28.85%
1984-06-18,9.549,-29.26%
1984-06-15,9.379,-29.68%
1984-06-14,9.464,-28.36%
1984-06-13,9.574,-27.23%
1984-06-12,9.578,-26.23%
1984-06-11,9.632,-25.81%
1984-06-08,9.765,-24.17%
1984-06-07,9.750,-24.94%
1984-06-06,9.755,-25.85%
1984-06-05,9.670,-26.31%
1984-06-04,9.713,-25.98%
1984-06-01,9.450,-28.52%
1984-05-31,9.475,-26.89%
1984-05-30,9.656,-26.73%
1984-05-29,9.653,-26.75%
1984-05-25,9.738,-26.88%
1984-05-24,9.713,-26.77%
1984-05-23,9.836,-24.89%
1984-05-22,9.883,-23.93%
1984-05-21,9.938,-23.51%
1984-05-18,10.005,-23.53%
1984-05-17,10.056,-23.34%
1984-05-16,10.147,-22.50%
1984-05-15,10.148,-23.20%
1984-05-14,10.116,-23.44%
1984-05-11,10.179,-22.99%
1984-05-10,10.276,-22.72%
1984-05-09,10.283,-22.60%
1984-05-08,10.310,-22.53%
1984-05-07,10.242,-23.04%
1984-05-04,10.219,-21.91%
1984-05-03,10.353,-20.41%
1984-05-02,10.398,-19.95%
1984-05-01,9.860,-24.73%
1984-04-30,10.279,-22.35%
1984-04-27,10.478,-19.39%
1984-04-26,10.505,-19.37%
1984-04-25,10.396,-18.70%
1984-04-24,10.358,-19.80%
1984-04-23,10.275,-20.45%
1984-04-19,10.355,-18.97%
1984-04-18,10.347,-19.55%
1984-04-17,10.417,-18.50%
1984-04-16,10.375,-18.83%
1984-04-13,10.309,-18.33%
1984-04-12,10.336,-17.62%
1984-04-11,10.157,-18.69%
1984-04-10,10.214,-17.01%
1984-04-09,10.187,-17.23%
1984-04-06,10.189,-16.22%
1984-04-05,10.160,-16.92%
1984-04-04,10.324,-16.20%
1984-04-03,10.332,-18.26%
1984-04-02,10.353,-18.09%
1984-04-01,10.120,-19.94%
1984-03-30,10.719,-12.72%
1984-03-29,10.742,-11.49%
1984-03-28,10.766,-11.45%
1984-03-27,10.593,-13.34%
1984-03-26,10.550,-13.69%
1984-03-23,10.563,-13.67%
1984-03-22,10.552,-12.52%
1984-03-21,10.684,-11.74%
1984-03-20,10.698,-10.86%
1984-03-19,10.625,-11.47%
1984-03-16,10.725,-10.58%
1984-03-15,10.600,-12.53%
1984-03-14,10.557,-12.58%
1984-03-13,10.558,-12.81%
1984-03-12,10.528,-13.06%
1984-03-09,10.394,-15.07%
1984-03-08,10.451,-13.70%
1984-03-07,10.409,-15.39%
1984-03-06,10.522,-14.48%
1984-03-05,10.632,-13.58%
1984-03-02,10.723,-12.06%
1984-03-01,10.310,-15.70%
1984-02-29,10.576,-13.52%
1984-02-28,10.860,-8.39%
1984-02-27,11.032,-7.39%
1984-02-24,10.908,-8.34%
1984-02-23,10.685,-8.50%
1984-02-22,10.686,-7.67%
1984-02-21,10.709,-9.05%
1984-02-17,10.785,-8.06%
1984-02-16,10.812,-7.82%
1984-02-15,10.821,-8.28%
1984-02-14,10.846,-8.45%
1984-02-13,10.731,-8.63%
1984-02-10,10.824,-7.76%
1984-02-09,10.763,-6.69%
1984-02-08,10.793,-6.88%
1984-02-07,10.993,-5.95%
1984-02-06,10.947,-5.84%
1984-02-03,11.143,-2.91%
1984-02-02,11.313,-0.72%
1984-02-01,10.590,-9.87%
1984-01-31,11.316,-2.10%
1984-01-30,11.609,+1.54%
1984-01-27,11.685,+2.37%
1984-01-26,11.706,+4.54%
1984-01-25,11.749,+4.77%
1984-01-24,11.828,+6.81%
1984-01-23,11.751,+3.25%
1984-01-20,11.847,+2.36%
1984-01-19,11.906,+3.59%
1984-01-18,11.942,+3.11%
1984-01-17,11.962,+3.06%
1984-01-16,11.916,+2.71%
1984-01-13,11.904,+3.26%
1984-01-12,11.957,+3.03%
1984-01-11,11.959,+3.69%
1984-01-10,11.971,+3.09%
1984-01-09,12.038,+4.81%
1984-01-06,12.066,+4.99%
1984-01-05,12.032,+7.13%
1984-01-04,11.887,+6.30%
1984-01-03,11.692,+6.83%
1984-01-01,11.520,+0.35%
1983-12-30,11.960,+10.37%
1983-12-29,11.955,+9.61%
1983-12-28,11.990,+10.30%
1983-12-27,11.948,+8.83%
1983-12-23,11.836,+9.70%
1983-12-22,11.840,+10.45%
1983-12-21,11.861,+10.82%
1983-12-20,11.748,+11.65%
1983-12-19,11.771,+10.87%
1983-12-16,11.776,+12.71%
1983-12-15,11.724,+12.27%
1983-12-14,11.844,+11.64%
1983-12-13,11.960,+10.67%
1983-12-12,12.010,+11.43%
1983-12-09,11.972,+10.74%
1983-12-08,11.980,+9.40%
1983-12-07,12.031,+9.16%
1983-12-06,11.999,+9.61%
1983-12-05,12.021,+12.24%
1983-12-02,11.997,+11.91%
1983-12-01,11.720,+6.26%
1983-11-30,12.067,+12.80%
1983-11-29,12.401,+22.44%
1983-11-28,12.300,+20.83%
1983-11-25,12.347,+22.20%
1983-11-23,12.331,+22.92%
1983-11-22,12.322,+21.64%
1983-11-21,12.264,+18.60%
1983-11-18,12.193,+16.78%
1983-11-17,12.270,+17.87%
1983-11-16,12.266,+20.02%
1983-11-15,12.213,+18.09%
1983-11-14,12.303,+16.83%
1983-11-11,12.281,+14.79%
1983-11-10,12.143,+13.98%
1983-11-09,12.110,+12.19%
1983-11-08,11.947,+12.72%
1983-11-07,11.958,+11.45%
1983-11-04,11.997,+12.06%
1983-11-03,12.072,+11.95%
1983-11-02,12.174,+17.32%
1983-11-01,11.980,+12.38%
1983-10-31,12.079,+22.49%
1983-10-28,12.283,+24.68%
1983-10-27,12.394,+24.24%
1983-10-26,12.435,+25.39%
1983-10-25,12.517,+27.31%
1983-10-24,12.480,+21.90%
1983-10-21,12.477,+21.67%
1983-10-20,12.555,+22.27%
1983-10-19,12.536,+24.46%
1983-10-18,12.617,+25.13%
1983-10-17,12.814,+30.09%
1983-10-14,12.771,+28.69%
1983-10-13,12.773,+26.69%
1983-10-12,12.754,+28.65%
1983-10-11,12.808,+29.15%
1983-10-10,12.981,+34.32%
1983-10-07,12.842,+35.19%
1983-10-06,12.803,+37.81%
1983-10-05,12.612,+40.20%
1983-10-04,12.502,+39.52%
1983-10-03,12.466,+24.41%
1983-10-01,12.390,+23.65%
1983-09-30,12.486,+40.59%
1983-09-29,12.805,+44.87%
1983-09-28,12.864,+43.64%
1983-09-27,12.897,+43.56%
1983-09-26,13.022,+45.30%
1983-09-23,12.979,+44.24%
1983-09-22,12.998,+44.25%
1983-09-21,12.895,+42.08%
1983-09-20,12.959,+45.56%
1983-09-19,12.835,+44.12%
1983-09-16,12.729,+41.51%
1983-09-15,12.587,+39.34%
1983-09-14,12.662,+41.54%
1983-09-13,12.619,+42.04%
1983-09-12,12.671,+44.14%
1983-09-09,12.781,+44.19%
1983-09-08,12.846,+44.65%
1983-09-07,12.861,+45.82%
1983-09-06,12.855,+44.18%
1983-09-02,12.634,+44.54%
1983-09-01,12.570,+39.20%
1983-08-31,12.588,+44.94%
1983-08-30,12.672,+50.46%
1983-08-29,12.646,+50.85%
1983-08-26,12.638,+48.93%
1983-08-25,12.536,+48.94%
1983-08-24,12.568,+52.23%
1983-08-23,12.687,+52.65%
1983-08-22,12.809,+58.33%
1983-08-19,12.781,+63.57%
1983-08-18,12.747,+64.08%
1983-08-17,12.883,+65.06%
1983-08-16,12.737,+70.94%
1983-08-15,12.760,+71.64%
1983-08-12,12.639,+72.40%
1983-08-11,12.592,+71.46%
1983-08-10,12.591,+71.05%
1983-08-09,12.481,+69.14%
1983-08-08,12.407,+67.12%
1983-08-05,12.606,+67.45%
1983-08-04,12.574,+65.49%
1983-08-03,12.739,+65.03%
1983-08-02,12.627,+61.86%
1983-08-01,12.430,+55.96%
1983-07-29,12.912,+69.85%
1983-07-28,13.109,+72.42%
1983-07-27,13.311,+72.36%
1983-07-26,13.531,+73.74%
1983-07-25,13.465,+71.64%
1983-07-22,13.415,+70.52%
1983-07-21,13.428,+70.77%
1983-07-20,13.446,+70.81%
1983-07-19,13.092,+67.55%
1983-07-18,13.022,+66.14%
1983-07-15,13.049,+67.38%
1983-07-14,13.186,+69.18%
1983-07-13,13.142,+70.15%
1983-07-12,13.148,+70.02%
1983-07-11,13.353,+73.87%
1983-07-08,13.271,+74.87%
1983-07-07,13.309,+75.88%
1983-07-06,13.382,+76.73%
1983-07-05,13.233,+74.19%
1983-07-01,13.020,+66.28%
1983-06-30,13.353,+72.63%
1983-06-29,13.299,+73.53%
1983-06-28,13.223,+72.44%
1983-06-27,13.445,+77.14%
1983-06-24,13.599,+78.04%
1983-06-23,13.613,+77.74%
1983-06-22,13.646,+81.20%
1983-06-21,13.610,+82.56%
1983-06-20,13.489,+80.82%
1983-06-17,13.498,+80.38%
1983-06-16,13.499,+78.30%
1983-06-15,13.338,+74.86%
1983-06-14,13.211,+72.76%
1983-06-13,13.156,+70.06%
1983-06-10,12.983,+70.34%
1983-06-09,12.915,+70.41%
1983-06-08,12.878,+68.91%
1983-06-07,12.990,+69.63%
1983-06-06,13.155,+71.83%
1983-06-03,13.122,+68.68%
1983-06-02,13.087,+67.98%
1983-06-01,13.220,+70.80%
1983-05-31,12.960,+69.12%
1983-05-27,13.178,+70.79%
1983-05-26,13.260,+71.16%
1983-05-25,13.318,+69.96%
1983-05-24,13.264,+68.71%
1983-05-23,13.095,+66.41%
1983-05-20,12.992,+65.52%
1983-05-19,12.980,+64.95%
1983-05-18,13.083,+64.90%
1983-05-17,13.118,+64.10%
1983-05-16,13.093,+61.98%
1983-05-13,13.213,+63.18%
1983-05-12,13.161,+61.25%
1983-05-11,13.218,+61.61%
1983-05-10,13.297,+64.00%
1983-05-09,13.286,+62.36%
1983-05-06,13.309,+63.72%
1983-05-05,13.163,+63.31%
1983-05-04,13.086,+62.66%
1983-05-03,13.008,+62.58%
1983-05-02,12.990,+60.57%
1983-05-01,13.100,+61.93%
1983-04-29,13.238,+68.83%
1983-04-28,13.120,+65.70%
1983-04-27,12.998,+63.13%
1983-04-26,13.028,+61.78%
1983-04-25,12.787,+59.62%
1983-04-22,12.916,+63.23%
1983-04-21,12.886,+64.91%
1983-04-20,12.940,+66.00%
1983-04-19,12.779,+62.17%
1983-04-18,12.862,+63.08%
1983-04-15,12.782,+62.70%
1983-04-14,12.730,+62.77%
1983-04-13,12.622,+61.16%
1983-04-12,12.546,+60.17%
1983-04-11,12.491,+59.18%
1983-04-08,12.307,+56.84%
1983-04-07,12.219,+56.73%
1983-04-06,12.161,+56.13%
1983-04-05,12.229,+57.85%
1983-04-04,12.320,+58.50%
1983-04-01,12.640,+58.59%
1983-03-31,12.316,+62.91%
1983-03-30,12.281,+63.97%
1983-03-29,12.137,+62.00%
1983-03-28,12.158,+62.80%
1983-03-25,12.223,+61.85%
1983-03-24,12.279,+62.94%
1983-03-23,12.235,+61.52%
1983-03-22,12.062,+60.33%
1983-03-21,12.105,+64.05%
1983-03-18,12.002,+63.11%
1983-03-17,11.977,+64.59%
1983-03-16,11.994,+64.53%
1983-03-15,12.118,+65.95%
1983-03-14,12.076,+66.68%
1983-03-11,12.109,+65.97%
1983-03-10,12.154,+66.52%
1983-03-09,12.239,+68.58%
1983-03-08,12.110,+69.11%
1983-03-07,12.303,+68.67%
1983-03-04,12.303,+67.84%
1983-03-03,12.288,+66.05%
1983-03-02,12.194,+62.22%
1983-03-01,12.230,+63.50%
1983-02-28,11.854,+59.09%
1983-02-25,11.912,+59.72%
1983-02-24,11.901,+59.21%
1983-02-23,11.678,+58.97%
1983-02-22,11.574,+57.45%
1983-02-18,11.774,+57.03%
1983-02-17,11.730,+56.63%
1983-02-16,11.729,+56.10%
1983-02-15,11.798,+56.58%
1983-02-14,11.847,+57.23%
1983-02-11,11.745,+55.81%
1983-02-10,11.734,+55.36%
1983-02-09,11.535,+54.03%
1983-02-08,11.591,+53.50%
1983-02-07,11.689,+51.31%
1983-02-04,11.626,+51.60%
1983-02-03,11.477,+49.58%
1983-02-02,11.395,+46.58%
1983-02-01,11.750,+53.80%
1983-01-31,11.559,+47.46%
1983-01-28,11.433,+47.68%
1983-01-27,11.414,+51.48%
1983-01-26,11.198,+49.33%
1983-01-25,11.214,+49.24%
1983-01-24,11.074,+47.42%
1983-01-21,11.381,+51.02%
1983-01-20,11.574,+54.22%
1983-01-19,11.493,+52.23%
1983-01-18,11.582,+51.76%
1983-01-17,11.607,+53.25%
1983-01-14,11.602,+54.24%
1983-01-13,11.528,+54.14%
1983-01-12,11.605,+53.26%
1983-01-11,11.533,+51.69%
1983-01-10,11.612,+49.20%
1983-01-07,11.486,+48.34%
1983-01-06,11.493,+48.12%
1983-01-05,11.231,+43.69%
1983-01-04,11.183,+39.94%
1983-01-03,10.945,+41.59%
1983-01-01,11.480,+48.51%
1982-12-31,11.127,+39.45%
1982-12-30,10.836,+35.82%
1982-12-29,10.907,+37.42%
1982-12-28,10.870,+36.28%
1982-12-27,10.979,+37.36%
1982-12-23,10.789,+35.23%
1982-12-22,10.720,+33.73%
1982-12-21,10.703,+33.02%
1982-12-20,10.522,+30.08%
1982-12-17,10.617,+32.20%
1982-12-16,10.448,+30.83%
1982-12-15,10.443,+30.16%
1982-12-14,10.609,+32.46%
1982-12-13,10.807,+32.62%
1982-12-10,10.778,+31.44%
1982-12-09,10.811,+32.08%
1982-12-08,10.951,+34.50%
1982-12-07,11.021,+34.96%
1982-12-06,10.947,+32.92%
1982-12-03,10.710,+31.22%
1982-12-02,10.720,+31.79%
1982-12-01,11.030,+36.85%
1982-11-30,10.698,+29.80%
1982-11-29,10.128,+23.87%
1982-11-26,10.180,+25.56%
1982-11-24,10.104,+25.16%
1982-11-23,10.032,+26.22%
1982-11-22,10.130,+27.34%
1982-11-19,10.341,+31.06%
1982-11-18,10.441,+32.84%
1982-11-17,10.410,+31.47%
1982-11-16,10.220,+30.04%
1982-11-15,10.342,+30.06%
1982-11-12,10.531,+30.79%
1982-11-11,10.699,+33.17%
1982-11-10,10.654,+32.84%
1982-11-09,10.794,+33.95%
1982-11-08,10.599,+32.19%
1982-11-05,10.729,+32.87%
1982-11-04,10.706,+31.31%
1982-11-03,10.783,+32.19%
1982-11-02,10.377,+27.83%
1982-11-01,10.660,+32.92%
1982-10-29,9.861,+26.47%
1982-10-28,9.852,+25.94%
1982-10-27,9.976,+27.70%
1982-10-26,9.917,+28.16%
1982-10-25,9.832,+26.59%
1982-10-22,10.238,+30.67%
1982-10-21,10.255,+30.39%
1982-10-20,10.268,+30.35%
1982-10-19,10.072,+29.26%
1982-10-18,10.083,+29.17%
1982-10-15,9.850,+25.64%
1982-10-14,9.924,+27.56%
1982-10-13,10.082,+27.46%
1982-10-12,9.914,+24.89%
1982-10-11,9.917,+24.68%
1982-10-08,9.664,+20.65%
1982-10-07,9.499,+19.57%
1982-10-06,9.290,+18.81%
1982-10-05,8.996,+14.95%
1982-10-04,8.961,+14.63%
1982-10-01,10.020,+27.97%
1982-09-30,8.881,+16.73%
1982-09-29,8.839,+15.72%
1982-09-28,8.956,+17.67%
1982-09-27,8.984,+20.93%
1982-09-24,8.962,+18.29%
1982-09-23,8.998,+18.10%
1982-09-22,9.011,+17.24%
1982-09-21,9.076,+17.52%
1982-09-20,8.903,+16.24%
1982-09-17,8.906,+15.41%
1982-09-16,8.995,+14.86%
1982-09-15,9.033,+14.49%
1982-09-14,8.946,+12.54%
1982-09-13,8.884,+10.90%
1982-09-10,8.791,+11.08%
1982-09-09,8.864,+13.64%
1982-09-08,8.881,+14.27%
1982-09-07,8.820,+11.50%
1982-09-03,8.916,+11.63%
1982-09-02,8.741,+7.45%
1982-09-01,9.030,+16.52%
1982-08-31,8.685,+7.37%
1982-08-30,8.422,+2.49%
1982-08-27,8.383,+2.49%
1982-08-26,8.486,+2.55%
1982-08-25,8.417,+1.57%
1982-08-24,8.256,-0.66%
1982-08-23,8.311,-2.89%
1982-08-20,8.090,-6.53%
1982-08-19,7.814,-9.58%
1982-08-18,7.769,-9.84%
1982-08-17,7.805,-10.18%
1982-08-16,7.451,-15.08%
1982-08-13,7.434,-15.92%
1982-08-12,7.331,-17.01%
1982-08-11,7.344,-17.15%
1982-08-10,7.361,-16.13%
1982-08-09,7.379,-15.43%
1982-08-06,7.424,-15.48%
1982-08-05,7.528,-14.32%
1982-08-04,7.598,-12.54%
1982-08-03,7.719,-10.67%
1982-08-02,7.801,-8.65%
1982-08-01,7.970,-6.67%
1982-07-30,7.558,-12.75%
1982-07-29,7.602,-11.66%
1982-07-28,7.603,-11.63%
1982-07-27,7.723,-10.76%
1982-07-26,7.788,-9.00%
1982-07-23,7.845,-7.58%
1982-07-22,7.867,-7.12%
1982-07-21,7.863,-8.04%
1982-07-20,7.872,-8.21%
1982-07-19,7.814,-10.31%
1982-07-16,7.838,-9.74%
1982-07-15,7.796,-10.14%
1982-07-14,7.794,-9.77%
1982-07-13,7.724,-10.57%
1982-07-12,7.733,-10.28%
1982-07-09,7.680,-10.84%
1982-07-08,7.589,-11.23%
1982-07-07,7.567,-11.43%
1982-07-06,7.572,-10.77%
1982-07-02,7.597,-11.35%
1982-07-01,7.830,-8.42%
1982-06-30,7.735,-11.52%
1982-06-29,7.664,-13.60%
1982-06-28,7.668,-13.99%
1982-06-25,7.590,-15.02%
1982-06-24,7.638,-14.38%
1982-06-23,7.659,-14.60%
1982-06-22,7.531,-15.13%
1982-06-21,7.455,-16.19%
1982-06-18,7.460,-15.73%
1982-06-17,7.483,-16.54%
1982-06-16,7.571,-14.81%
1982-06-15,7.628,-15.10%
1982-06-14,7.647,-14.82%
1982-06-11,7.736,-14.00%
1982-06-10,7.622,-14.34%
1982-06-09,7.579,-14.60%
1982-06-08,7.624,-14.27%
1982-06-07,7.658,-13.88%
1982-06-04,7.656,-13.07%
1982-06-03,7.779,-11.50%
1982-06-02,7.791,-11.30%
1982-06-01,7.740,-12.15%
1982-05-28,7.663,-15.48%
1982-05-27,7.716,-15.10%
1982-05-26,7.747,-14.11%
1982-05-25,7.836,-12.17%
1982-05-24,7.862,-11.88%
1982-05-21,7.869,-12.08%
1982-05-20,7.849,-12.47%
1982-05-19,7.869,-12.31%
1982-05-18,7.934,-11.88%
1982-05-17,7.994,-10.97%
1982-05-14,8.083,-9.36%
1982-05-13,8.097,-8.70%
1982-05-12,8.162,-8.09%
1982-05-11,8.179,-7.18%
1982-05-10,8.108,-9.35%
1982-05-07,8.183,-8.52%
1982-05-06,8.129,-8.51%
1982-05-05,8.060,-8.96%
1982-05-04,8.045,-9.37%
1982-05-03,8.001,-9.70%
1982-05-01,8.090,-8.69%
1982-04-30,7.975,-11.60%
1982-04-29,7.841,-14.08%
1982-04-28,7.918,-14.06%
1982-04-27,7.968,-14.25%
1982-04-26,8.053,-13.12%
1982-04-23,8.011,-12.80%
1982-04-22,7.913,-13.99%
1982-04-21,7.814,-15.12%
1982-04-20,7.795,-16.09%
1982-04-19,7.880,-14.71%
1982-04-16,7.887,-14.63%
1982-04-15,7.856,-14.63%
1982-04-14,7.821,-14.05%
1982-04-13,7.832,-14.24%
1982-04-12,7.833,-15.10%
1982-04-08,7.847,-14.82%
1982-04-07,7.796,-15.11%
1982-04-06,7.789,-15.21%
1982-04-05,7.747,-16.64%
1982-04-02,7.773,-16.87%
1982-04-01,7.970,-12.71%
1982-03-31,7.560,-18.95%
1982-03-30,7.490,-18.23%
1982-03-29,7.492,-18.43%
1982-03-26,7.468,-19.66%
1982-03-25,7.552,-19.26%
1982-03-24,7.536,-17.96%
1982-03-23,7.575,-18.16%
1982-03-22,7.523,-17.75%
1982-03-19,7.379,-18.95%
1982-03-18,7.358,-19.64%
1982-03-17,7.277,-20.34%
1982-03-16,7.290,-20.65%
1982-03-15,7.302,-19.58%
1982-03-12,7.245,-20.25%
1982-03-11,7.296,-17.69%
1982-03-10,7.299,-17.98%
1982-03-09,7.260,-18.83%
1982-03-08,7.161,-19.15%
1982-03-05,7.294,-17.70%
1982-03-04,7.330,-17.88%
1982-03-03,7.400,-16.91%
1982-03-02,7.517,-16.52%
1982-03-01,7.480,-18.16%
1982-02-26,7.451,-15.58%
1982-02-25,7.458,-14.46%
1982-02-24,7.475,-13.50%
1982-02-23,7.346,-14.98%
1982-02-22,7.351,-14.40%
1982-02-19,7.458,-13.18%
1982-02-18,7.498,-13.97%
1982-02-17,7.489,-13.63%
1982-02-16,7.514,-12.78%
1982-02-12,7.535,-12.88%
1982-02-11,7.538,-13.36%
1982-02-10,7.553,-13.86%
1982-02-09,7.489,-14.61%
1982-02-08,7.551,-14.77%
1982-02-05,7.725,-12.16%
1982-02-04,7.669,-12.09%
1982-02-03,7.673,-11.96%
1982-02-02,7.774,-9.71%
1982-02-01,7.640,-12.79%
1982-01-29,7.839,-10.80%
1982-01-28,7.742,-11.97%
1982-01-27,7.535,-14.84%
1982-01-26,7.499,-14.40%
1982-01-25,7.514,-14.49%
1982-01-22,7.512,-14.53%
1982-01-21,7.536,-14.98%
1982-01-20,7.505,-15.51%
1982-01-19,7.550,-16.73%
1982-01-18,7.632,-16.08%
1982-01-15,7.574,-16.37%
1982-01-14,7.522,-16.48%
1982-01-13,7.479,-16.84%
1982-01-12,7.572,-15.95%
1982-01-11,7.603,-15.59%
1982-01-08,7.783,-13.31%
1982-01-07,7.743,-15.05%
1982-01-06,7.759,-16.75%
1982-01-05,7.816,-16.05%
1982-01-04,7.991,-13.14%
1982-01-01,7.730,-14.30%
1981-12-31,7.979,-12.90%
1981-12-30,7.978,-12.99%
1981-12-29,7.937,-13.24%
1981-12-28,7.976,-13.80%
1981-12-24,7.993,-13.18%
1981-12-23,7.978,-12.97%
1981-12-22,8.016,-12.86%
1981-12-21,8.046,-11.17%
1981-12-18,8.089,-10.23%
1981-12-17,8.031,-10.80%
1981-12-16,7.986,-9.74%
1981-12-15,8.023,-8.52%
1981-12-14,8.009,-8.52%
1981-12-11,8.149,-5.56%
1981-12-10,8.200,-5.64%
1981-12-09,8.185,-7.41%
1981-12-08,8.142,-7.99%
1981-12-07,8.166,-10.08%
1981-12-04,8.236,-10.93%
1981-12-03,8.162,-11.88%
1981-12-02,8.134,-12.35%
1981-12-01,8.060,-10.54%
1981-11-30,8.242,-13.78%
1981-11-27,8.176,-14.25%
1981-11-25,8.108,-14.45%
1981-11-24,8.073,-14.20%
1981-11-23,7.948,-16.01%
1981-11-20,7.955,-16.71%
1981-11-19,7.890,-16.60%
1981-11-18,7.860,-17.29%
1981-11-17,7.918,-15.51%
1981-11-16,7.859,-15.77%
1981-11-13,7.952,-14.36%
1981-11-12,8.052,-12.06%
1981-11-11,8.034,-10.02%
1981-11-10,8.020,-8.95%
1981-11-09,8.058,-8.31%
1981-11-06,8.018,-8.56%
1981-11-05,8.075,-9.61%
1981-11-04,8.153,-7.12%
1981-11-03,8.157,-7.07%
1981-11-02,8.118,-11.66%
1981-11-01,8.020,-12.73%
1981-10-30,7.982,-7.47%
1981-10-29,7.797,-10.76%
1981-10-28,7.823,-10.56%
1981-10-27,7.812,-10.57%
1981-10-26,7.738,-12.76%
1981-10-23,7.767,-12.22%
1981-10-22,7.835,-13.05%
1981-10-21,7.865,-12.66%
1981-10-20,7.877,-13.04%
1981-10-19,7.792,-13.27%
1981-10-16,7.806,-13.56%
1981-10-15,7.840,-14.16%
1981-10-14,7.780,-13.73%
1981-10-13,7.910,-12.29%
1981-10-12,7.938,-10.81%
1981-10-09,7.954,-11.14%
1981-10-08,8.010,-10.92%
1981-10-07,7.944,-11.22%
1981-10-06,7.819,-13.10%
1981-10-05,7.826,-11.41%
1981-10-02,7.817,-10.65%
1981-10-01,7.830,-11.63%
1981-09-30,7.608,-11.23%
1981-09-29,7.638,-8.87%
1981-09-28,7.611,-11.21%
1981-09-25,7.429,-14.93%
1981-09-24,7.576,-14.35%
1981-09-23,7.619,-13.23%
1981-09-22,7.686,-13.12%
1981-09-21,7.723,-11.93%
1981-09-18,7.659,-12.08%
1981-09-17,7.717,-11.74%
1981-09-16,7.831,-8.92%
1981-09-15,7.890,-7.46%
1981-09-14,7.949,-6.67%
1981-09-11,8.011,-6.03%
1981-09-10,7.914,-6.53%
1981-09-09,7.800,-7.33%
1981-09-08,7.772,-7.10%
1981-09-04,7.910,-7.04%
1981-09-03,7.987,-6.65%
1981-09-02,8.135,-3.09%
1981-09-01,7.750,-10.30%
1981-08-31,8.089,-1.92%
1981-08-28,8.217,-0.11%
1981-08-27,8.179,-1.73%
1981-08-26,8.275,-1.63%
1981-08-25,8.287,-1.74%
1981-08-24,8.311,-2.13%
1981-08-21,8.558,+1.23%
1981-08-20,8.655,+3.78%
1981-08-19,8.642,+4.61%
1981-08-18,8.617,+3.63%
1981-08-17,8.690,+2.57%
1981-08-14,8.774,+3.96%
1981-08-13,8.842,+6.44%
1981-08-12,8.834,+5.90%
1981-08-11,8.864,+5.42%
1981-08-10,8.777,+5.37%
1981-08-07,8.725,+5.01%
1981-08-06,8.784,+7.24%
1981-08-05,8.786,+7.99%
1981-08-04,8.687,+6.56%
1981-08-03,8.641,+3.11%
1981-08-01,8.540,+1.91%
1981-07-31,8.670,+5.74%
1981-07-30,8.662,+5.88%
1981-07-29,8.605,+5.03%
1981-07-28,8.604,+5.86%
1981-07-27,8.654,+7.05%
1981-07-24,8.558,+4.98%
1981-07-23,8.488,+4.01%
1981-07-22,8.470,+3.56%
1981-07-21,8.550,+4.27%
1981-07-20,8.576,+4.98%
1981-07-17,8.712,+7.17%
1981-07-16,8.684,+8.46%
1981-07-15,8.676,+8.65%
1981-07-14,8.638,+7.53%
1981-07-13,8.637,+9.50%
1981-07-10,8.619,+10.10%
1981-07-09,8.614,+9.08%
1981-07-08,8.549,+8.38%
1981-07-07,8.544,+7.91%
1981-07-06,8.486,+7.94%
1981-07-02,8.570,+10.68%
1981-07-01,8.550,+5.95%
1981-06-30,8.742,+14.32%
1981-06-29,8.870,+15.15%
1981-06-26,8.915,+15.55%
1981-06-25,8.931,+15.24%
1981-06-24,8.921,+16.69%
1981-06-23,8.968,+17.94%
1981-06-22,8.874,+17.16%
1981-06-19,8.895,+16.82%
1981-06-18,8.853,+14.68%
1981-06-17,8.966,+16.37%
1981-06-16,8.887,+15.30%
1981-06-15,8.985,+16.84%
1981-06-12,8.977,+17.03%
1981-06-11,8.995,+16.76%
1981-06-10,8.898,+16.86%
1981-06-09,8.875,+17.55%
1981-06-08,8.893,+18.31%
1981-06-05,8.892,+18.73%
1981-06-04,8.807,+17.79%
1981-06-03,8.790,+19.79%
1981-06-02,8.784,+19.43%
1981-06-01,8.810,+14.86%
1981-05-29,9.007,+23.91%
1981-05-28,9.066,+22.73%
1981-05-27,9.088,+23.76%
1981-05-26,9.020,+23.70%
1981-05-22,8.922,+24.16%
1981-05-21,8.950,+26.04%
1981-05-20,8.967,+26.40%
1981-05-19,8.974,+26.43%
1981-05-18,9.004,+27.25%
1981-05-15,8.979,+27.31%
1981-05-14,8.918,+26.60%
1981-05-13,8.869,+26.57%
1981-05-12,8.880,+28.57%
1981-05-11,8.812,+27.65%
1981-05-08,8.944,+27.84%
1981-05-07,8.945,+26.61%
1981-05-06,8.885,+26.86%
1981-05-05,8.853,+26.24%
1981-05-04,8.877,+27.54%
1981-05-01,8.860,+23.92%
1981-04-30,9.022,+28.76%
1981-04-29,9.126,+31.82%
1981-04-28,9.213,+33.35%
1981-04-27,9.292,+35.10%
1981-04-24,9.269,+35.75%
1981-04-23,9.187,+35.42%
1981-04-22,9.200,+35.99%
1981-04-21,9.206,+41.04%
1981-04-20,9.290,+41.27%
1981-04-16,9.239,+39.12%
1981-04-15,9.202,+37.10%
1981-04-14,9.100,+35.30%
1981-04-13,9.132,+34.53%
1981-04-10,9.226,+35.54%
1981-04-09,9.237,+36.97%
1981-04-08,9.212,+39.18%
1981-04-07,9.184,+40.15%
1981-04-06,9.186,+37.49%
1981-04-03,9.293,+39.10%
1981-04-02,9.350,+39.22%
1981-04-01,9.130,+34.46%
1981-03-31,9.328,+39.70%
1981-03-30,9.160,+37.83%
1981-03-27,9.185,+41.68%
1981-03-26,9.295,+42.69%
1981-03-25,9.353,+42.86%
1981-03-24,9.186,+40.18%
1981-03-23,9.256,+37.07%
1981-03-20,9.146,+34.36%
1981-03-19,9.104,+32.23%
1981-03-18,9.156,+33.26%
1981-03-17,9.135,+35.33%
1981-03-16,9.187,+32.02%
1981-03-13,9.080,+30.24%
1981-03-12,9.085,+28.79%
1981-03-11,8.864,+24.60%
1981-03-10,8.899,+26.59%
1981-03-09,8.944,+26.76%
1981-03-06,8.857,+23.49%
1981-03-05,8.863,+20.83%
1981-03-04,8.926,+19.91%
1981-03-03,8.906,+19.93%
1981-03-02,9.005,+31.46%
1981-03-01,9.140,+33.43%
1981-02-27,8.906,+18.87%
1981-02-26,8.826,+16.15%
1981-02-25,8.719,+15.41%
1981-02-24,8.642,+12.69%
1981-02-23,8.640,+12.66%
1981-02-20,8.588,+10.60%
1981-02-19,8.590,+12.43%
1981-02-18,8.716,+13.28%
1981-02-17,8.671,+12.70%
1981-02-13,8.615,+9.11%
1981-02-12,8.649,+10.04%
1981-02-11,8.700,+11.42%
1981-02-10,8.768,+11.51%
1981-02-09,8.770,+11.54%
1981-02-06,8.860,+14.84%
1981-02-05,8.794,+15.04%
1981-02-04,8.724,+14.41%
1981-02-03,8.715,+14.52%
1981-02-02,8.610,+13.14%
1981-02-01,8.760,+15.11%
1981-01-30,8.742,+12.77%
1981-01-29,8.788,+14.49%
1981-01-28,8.795,+13.79%
1981-01-27,8.848,+15.74%
1981-01-26,8.761,+14.60%
1981-01-23,8.787,+15.10%
1981-01-22,8.789,+17.12%
1981-01-21,8.864,+17.50%
1981-01-20,8.883,+18.85%
1981-01-19,9.067,+21.31%
1981-01-16,9.094,+21.69%
1981-01-15,9.057,+21.10%
1981-01-14,9.006,+21.24%
1981-01-13,8.994,+21.59%
1981-01-12,9.009,+21.79%
1981-01-09,9.007,+22.74%
1981-01-08,8.978,+22.45%
1981-01-07,9.115,+26.81%
1981-01-06,9.320,+30.02%
1981-01-05,9.310,+29.88%
1981-01-02,9.200,+29.27%
1981-01-01,9.020,+22.06%
1980-12-31,9.161,+26.12%
1980-12-30,9.169,+25.67%
1980-12-29,9.148,+25.38%
1980-12-26,9.253,+26.89%
1980-12-24,9.206,+26.39%
1980-12-23,9.167,+25.94%
1980-12-22,9.199,+26.38%
1980-12-19,9.058,+23.73%
1980-12-18,9.011,+22.98%
1980-12-17,9.003,+21.71%
1980-12-16,8.848,+20.07%
1980-12-15,8.770,+19.01%
1980-12-12,8.755,+20.34%
1980-12-11,8.629,+18.64%
1980-12-10,8.690,+19.29%
1980-12-09,8.840,+21.51%
1980-12-08,8.849,+21.64%
1980-12-05,9.081,+25.15%
1980-12-04,9.247,+27.99%
1980-12-03,9.262,+29.36%
1980-12-02,9.280,+28.00%
1980-12-01,9.010,+24.28%
1980-11-28,9.559,+31.70%
1980-11-26,9.535,+31.34%
1980-11-25,9.478,+33.19%
1980-11-24,9.409,+32.22%
1980-11-21,9.463,+33.98%
1980-11-20,9.551,+35.49%
1980-11-19,9.460,+33.50%
1980-11-18,9.503,+34.68%
1980-11-17,9.371,+32.81%
1980-11-14,9.330,+32.74%
1980-11-13,9.285,+32.68%
1980-11-12,9.156,+30.11%
1980-11-11,8.929,+29.39%
1980-11-10,8.808,+27.63%
1980-11-07,8.788,+29.44%
1980-11-06,8.769,+27.46%
1980-11-05,8.934,+29.07%
1980-11-03,8.778,+25.96%
1980-11-01,9.190,+30.91%
1980-10-31,8.671,+25.27%
1980-10-30,8.626,+22.91%
1980-10-29,8.737,+26.92%
1980-10-28,8.747,+27.25%
1980-10-27,8.735,+27.07%
1980-10-24,8.870,+29.21%
1980-10-23,8.848,+29.09%
1980-10-22,9.011,+30.90%
1980-10-21,9.005,+29.66%
1980-10-20,9.058,+30.42%
1980-10-17,8.984,+27.13%
1980-10-16,9.031,+28.04%
1980-10-15,9.133,+29.27%
1980-10-14,9.018,+26.27%
1980-10-13,9.018,+26.27%
1980-10-10,8.900,+23.65%
1980-10-09,8.951,+22.82%
1980-10-08,8.992,+19.72%
1980-10-07,8.948,+17.64%
1980-10-06,8.998,+18.30%
1980-10-03,8.834,+17.93%
1980-10-02,8.749,+16.79%
1980-10-01,8.860,+24.79%
1980-09-30,8.570,+12.97%
1980-09-29,8.381,+10.48%
1980-09-26,8.572,+12.33%
1980-09-25,8.733,+14.74%
1980-09-24,8.845,+16.27%
1980-09-23,8.781,+14.54%
1980-09-22,8.847,+15.41%
1980-09-19,8.769,+16.70%
1980-09-18,8.711,+16.22%
1980-09-17,8.743,+15.76%
1980-09-16,8.598,+13.91%
1980-09-15,8.526,+12.96%
1980-09-12,8.517,+13.83%
1980-09-11,8.525,+14.26%
1980-09-10,8.467,+12.79%
1980-09-09,8.417,+12.66%
1980-09-08,8.366,+11.98%
1980-09-05,8.472,+14.73%
1980-09-04,8.509,+14.12%
1980-09-03,8.556,+15.31%
1980-09-02,8.394,+13.13%
1980-09-01,8.640,+16.44%
1980-08-29,8.247,+7.42%
1980-08-28,8.226,+7.15%
1980-08-27,8.323,+8.29%
1980-08-26,8.412,+9.99%
1980-08-25,8.434,+10.28%
1980-08-22,8.492,+10.64%
1980-08-21,8.454,+10.22%
1980-08-20,8.340,+8.82%
1980-08-19,8.261,+8.31%
1980-08-18,8.315,+9.02%
1980-08-15,8.472,+11.14%
1980-08-14,8.440,+11.46%
1980-08-13,8.307,+9.81%
1980-08-12,8.342,+11.33%
1980-08-11,8.408,+12.21%
1980-08-08,8.330,+11.62%
1980-08-07,8.309,+11.68%
1980-08-06,8.191,+11.52%
1980-08-05,8.136,+11.04%
1980-08-04,8.152,+11.26%
1980-08-01,8.380,+12.48%
1980-07-31,8.199,+12.15%
1980-07-30,8.181,+10.88%
1980-07-29,8.193,+11.09%
1980-07-28,8.128,+10.21%
1980-07-25,8.084,+9.64%
1980-07-24,8.152,+11.76%
1980-07-23,8.161,+12.30%
1980-07-22,8.179,+12.30%
1980-07-21,8.200,+12.59%
1980-07-18,8.169,+12.30%
1980-07-17,8.129,+11.60%
1980-07-16,8.007,+8.95%
1980-07-15,7.985,+9.10%
1980-07-14,8.033,+9.76%
1980-07-11,7.888,+6.41%
1980-07-10,7.828,+5.02%
1980-07-09,7.897,+5.67%
1980-07-08,7.888,+6.42%
1980-07-07,7.918,+6.83%
1980-07-03,7.862,+7.65%
1980-07-02,7.743,+6.14%
1980-07-01,8.070,+11.62%
1980-06-30,7.647,+2.18%
1980-06-27,7.703,+3.56%
1980-06-26,7.715,+4.36%
1980-06-25,7.750,+4.38%
1980-06-24,7.645,+2.41%
1980-06-23,7.604,+1.86%
1980-06-20,7.574,+2.48%
1980-06-19,7.614,+3.06%
1980-06-18,7.720,+4.52%
1980-06-17,7.705,+3.77%
1980-06-16,7.708,+3.81%
1980-06-13,7.690,+3.35%
1980-06-12,7.671,+2.55%
1980-06-11,7.704,+3.94%
1980-06-10,7.614,+3.16%
1980-06-09,7.550,+2.29%
1980-06-06,7.517,+2.04%
1980-06-05,7.489,+2.34%
1980-06-04,7.477,+3.52%
1980-06-03,7.338,+0.94%
1980-06-02,7.355,+1.17%
1980-06-01,7.670,+5.50%
1980-05-30,7.333,+0.11%
1980-05-29,7.269,-1.70%
1980-05-28,7.387,-0.27%
1980-05-27,7.343,-0.86%
1980-05-23,7.292,-1.22%
1980-05-22,7.186,-3.27%
1980-05-21,7.101,-4.05%
1980-05-20,7.094,-3.95%
1980-05-19,7.098,-3.90%
1980-05-16,7.076,-2.72%
1980-05-15,7.053,-2.77%
1980-05-14,7.044,-2.81%
1980-05-13,7.007,-3.78%
1980-05-12,6.907,-5.15%
1980-05-09,6.903,-6.09%
1980-05-08,6.996,-4.56%
1980-05-07,7.065,-3.47%
1980-05-06,7.004,-5.89%
1980-05-05,7.013,-5.76%
1980-05-02,6.960,-7.42%
1980-05-01,7.150,-1.38%
1980-04-30,7.007,-6.83%
1980-04-29,6.923,-9.55%
1980-04-28,6.909,-9.73%
1980-04-25,6.878,-10.76%
1980-04-24,6.828,-11.14%
1980-04-23,6.784,-11.17%
1980-04-22,6.765,-11.12%
1980-04-21,6.527,-14.24%
1980-04-18,6.576,-14.01%
1980-04-17,6.609,-13.18%
1980-04-16,6.641,-12.65%
1980-04-15,6.712,-12.48%
1980-04-14,6.726,-12.30%
1980-04-11,6.788,-11.75%
1980-04-10,6.807,-12.39%
1980-04-09,6.744,-12.81%
1980-04-08,6.619,-14.68%
1980-04-07,6.553,-15.53%
1980-04-03,6.681,-13.22%
1980-04-02,6.716,-11.47%
1980-04-01,6.790,-10.07%
1980-03-31,6.677,-14.69%
1980-03-28,6.646,-15.52%
1980-03-27,6.483,-17.88%
1980-03-26,6.514,-16.32%
1980-03-25,6.547,-16.35%
1980-03-24,6.553,-16.28%
1980-03-21,6.753,-13.42%
1980-03-20,6.807,-12.09%
1980-03-19,6.885,-11.57%
1980-03-18,6.871,-11.42%
1980-03-17,6.750,-12.98%
1980-03-14,6.959,-9.41%
1980-03-13,6.972,-9.36%
1980-03-12,7.054,-8.14%
1980-03-11,7.114,-7.24%
1980-03-10,7.030,-8.33%
1980-03-07,7.056,-6.96%
1980-03-06,7.172,-4.88%
1980-03-05,7.335,-2.91%
1980-03-04,7.444,-0.36%
1980-03-03,7.426,-0.60%
1980-03-01,6.850,-9.03%
1980-02-29,7.502,-0.37%
1980-02-28,7.490,+0.97%
1980-02-27,7.492,-1.41%
1980-02-26,7.599,-1.58%
1980-02-25,7.555,-2.26%
1980-02-22,7.669,-1.34%
1980-02-21,7.685,-1.88%
1980-02-20,7.765,-1.20%
1980-02-19,7.640,-2.05%
1980-02-15,7.694,-1.42%
1980-02-14,7.781,-0.45%
1980-02-13,7.896,+0.96%
1980-02-12,7.860,+1.25%
1980-02-11,7.808,+0.92%
1980-02-08,7.863,+1.87%
1980-02-07,7.752,+0.92%
1980-02-06,7.715,-0.46%
1980-02-05,7.644,-1.42%
1980-02-04,7.625,-3.06%
1980-02-01,7.610,+0.53%
1980-01-31,7.611,-3.66%
1980-01-30,7.752,-5.41%
1980-01-29,7.676,-6.80%
1980-01-28,7.729,-6.44%
1980-01-25,7.645,-6.85%
1980-01-24,7.651,-5.81%
1980-01-23,7.634,-6.43%
1980-01-22,7.504,-7.38%
1980-01-21,7.544,-6.75%
1980-01-18,7.474,-7.59%
1980-01-17,7.450,-7.66%
1980-01-16,7.473,-7.36%
1980-01-15,7.479,-8.41%
1980-01-14,7.428,-8.35%
1980-01-11,7.397,-7.96%
1980-01-10,7.395,-7.69%
1980-01-09,7.338,-8.91%
1980-01-08,7.332,-8.50%
1980-01-07,7.188,-10.60%
1980-01-04,7.168,-10.34%
1980-01-03,7.081,-10.73%
1980-01-02,7.117,-9.28%
1980-01-01,7.390,-6.22%
1979-12-31,7.264,-8.70%
1979-12-28,7.296,-8.46%
1979-12-27,7.304,-8.72%
1979-12-26,7.292,-9.67%
1979-12-24,7.284,-8.64%
1979-12-21,7.279,-7.16%
1979-12-20,7.325,-6.55%
1979-12-19,7.321,-6.15%
1979-12-18,7.327,-5.27%
1979-12-17,7.397,-6.27%
1979-12-14,7.369,-7.31%
1979-12-13,7.285,-8.39%
1979-12-12,7.275,-9.02%
1979-12-11,7.273,-9.53%
1979-12-10,7.285,-8.93%
1979-12-07,7.275,-9.47%
1979-12-06,7.307,-9.45%
1979-12-05,7.256,-10.04%
1979-12-04,7.225,-9.22%
1979-12-03,7.160,-8.09%
1979-12-01,7.250,-6.93%
1979-11-30,7.183,-8.37%
1979-11-29,7.261,-8.45%
1979-11-28,7.258,-9.84%
1979-11-27,7.232,-10.95%
1979-11-26,7.260,-10.41%
1979-11-23,7.116,-11.91%
1979-11-21,7.063,-12.13%
1979-11-20,7.049,-12.52%
1979-11-19,7.086,-11.29%
1979-11-16,7.056,-11.00%
1979-11-15,7.079,-9.74%
1979-11-14,7.029,-10.17%
1979-11-13,6.998,-11.18%
1979-11-12,7.037,-12.23%
1979-11-09,6.901,-13.61%
1979-11-08,6.818,-14.68%
1979-11-07,6.789,-14.50%
1979-11-06,6.880,-14.57%
1979-11-05,6.922,-14.93%
1979-11-02,6.969,-13.85%
1979-11-01,7.020,-10.46%
1979-10-31,6.922,-12.17%
1979-10-30,7.018,-14.58%
1979-10-29,6.884,-15.79%
1979-10-26,6.874,-17.18%
1979-10-25,6.835,-18.74%
1979-10-24,6.865,-18.53%
1979-10-23,6.854,-19.23%
1979-10-22,6.884,-18.69%
1979-10-19,6.945,-19.10%
1979-10-18,7.082,-18.46%
1979-10-17,7.067,-19.25%
1979-10-16,7.053,-20.48%
1979-10-15,7.065,-21.90%
1979-10-12,7.142,-21.21%
1979-10-11,7.180,-21.18%
1979-10-10,7.198,-20.28%
1979-10-09,7.288,-19.38%
1979-10-08,7.511,-16.05%
1979-10-05,7.606,-14.79%
1979-10-04,7.530,-15.47%
1979-10-03,7.491,-15.53%
1979-10-02,7.491,-15.82%
1979-10-01,7.100,-16.57%
1979-09-28,7.586,-14.74%
1979-09-27,7.648,-13.79%
1979-09-26,7.631,-14.79%
1979-09-25,7.611,-14.37%
1979-09-24,7.607,-14.40%
1979-09-21,7.666,-13.79%
1979-09-20,7.669,-13.61%
1979-09-19,7.514,-16.02%
1979-09-18,7.495,-16.78%
1979-09-17,7.553,-16.87%
1979-09-14,7.548,-17.70%
1979-09-13,7.484,-19.34%
1979-09-12,7.482,-19.86%
1979-09-11,7.461,-20.07%
1979-09-10,7.507,-19.44%
1979-09-07,7.471,-18.78%
1979-09-06,7.415,-19.36%
1979-09-05,7.384,-19.02%
1979-09-04,7.456,-16.97%
1979-09-01,7.420,-17.37%
1979-08-31,7.586,-15.83%
1979-08-30,7.677,-15.89%
1979-08-29,7.677,-15.79%
1979-08-28,7.677,-16.26%
1979-08-27,7.686,-16.91%
1979-08-24,7.648,-17.46%
1979-08-23,7.650,-17.31%
1979-08-22,7.675,-16.56%
1979-08-21,7.670,-16.28%
1979-08-20,7.664,-17.01%
1979-08-17,7.627,-17.69%
1979-08-16,7.612,-17.51%
1979-08-15,7.623,-16.76%
1979-08-14,7.572,-17.41%
1979-08-13,7.565,-17.48%
1979-08-10,7.493,-18.03%
1979-08-09,7.429,-19.38%
1979-08-08,7.463,-18.63%
1979-08-07,7.440,-18.52%
1979-08-06,7.345,-19.85%
1979-08-03,7.327,-19.73%
1979-08-02,7.331,-19.23%
1979-08-01,7.450,-17.86%
1979-07-31,7.311,-17.65%
1979-07-30,7.378,-17.15%
1979-07-27,7.375,-16.80%
1979-07-26,7.375,-16.41%
1979-07-25,7.373,-15.89%
1979-07-24,7.294,-16.18%
1979-07-23,7.267,-16.51%
1979-07-20,7.283,-16.57%
1979-07-19,7.268,-16.81%
1979-07-18,7.274,-15.67%
1979-07-17,7.284,-16.34%
1979-07-16,7.349,-15.42%
1979-07-13,7.319,-14.61%
1979-07-12,7.345,-14.29%
1979-07-11,7.413,-13.22%
1979-07-10,7.454,-12.14%
1979-07-09,7.473,-11.56%
1979-07-06,7.412,-11.75%
1979-07-05,7.327,-12.71%
1979-07-03,7.303,-13.75%
1979-07-02,7.295,-14.88%
1979-07-01,7.230,-15.64%
1979-06-29,7.484,-12.84%
1979-06-28,7.476,-12.78%
1979-06-27,7.438,-12.84%
1979-06-26,7.393,-13.02%
1979-06-25,7.425,-13.78%
1979-06-22,7.465,-13.67%
1979-06-21,7.425,-13.92%
1979-06-20,7.391,-14.76%
1979-06-19,7.388,-15.65%
1979-06-18,7.386,-15.62%
1979-06-15,7.425,-15.97%
1979-06-14,7.433,-16.84%
1979-06-13,7.441,-16.82%
1979-06-12,7.480,-16.37%
1979-06-11,7.412,-17.44%
1979-06-08,7.381,-18.03%
1979-06-07,7.403,-17.71%
1979-06-06,7.367,-18.26%
1979-06-05,7.318,-18.51%
1979-06-04,7.223,-18.09%
1979-06-01,7.270,-16.44%
1979-05-31,7.206,-17.56%
1979-05-30,7.325,-16.66%
1979-05-29,7.395,-15.62%
1979-05-25,7.407,-15.68%
1979-05-24,7.386,-16.15%
1979-05-23,7.382,-17.03%
1979-05-22,7.429,-17.38%
1979-05-21,7.401,-16.88%
1979-05-18,7.386,-17.47%
1979-05-17,7.387,-18.27%
1979-05-16,7.274,-19.31%
1979-05-15,7.254,-19.06%
1979-05-14,7.248,-18.55%
1979-05-11,7.282,-17.44%
1979-05-10,7.282,-16.34%
1979-05-09,7.351,-15.53%
1979-05-08,7.330,-16.03%
1979-05-07,7.319,-16.45%
1979-05-04,7.442,-14.51%
1979-05-03,7.525,-13.85%
1979-05-02,7.518,-14.81%
1979-05-01,7.250,-17.14%
1979-04-30,7.521,-15.18%
1979-04-27,7.654,-12.80%
1979-04-26,7.670,-13.49%
1979-04-25,7.707,-12.92%
1979-04-24,7.684,-12.38%
1979-04-23,7.637,-11.60%
1979-04-20,7.611,-12.09%
1979-04-19,7.615,-11.40%
1979-04-18,7.647,-10.62%
1979-04-17,7.612,-11.99%
1979-04-16,7.603,-10.65%
1979-04-12,7.669,-7.06%
1979-04-11,7.692,-6.93%
1979-04-10,7.770,-6.24%
1979-04-09,7.735,-6.32%
1979-04-06,7.758,-5.65%
1979-04-05,7.764,-5.42%
1979-04-04,7.718,-5.15%
1979-04-03,7.699,-4.96%
1979-04-02,7.586,-9.80%
1979-04-01,7.550,-10.23%
1979-03-30,7.827,-4.49%
1979-03-29,7.861,-4.32%
1979-03-28,7.867,-4.10%
1979-03-27,7.895,-3.08%
1979-03-26,7.784,-4.97%
1979-03-23,7.827,-4.44%
1979-03-22,7.833,-4.49%
1979-03-21,7.800,-5.22%
1979-03-20,7.743,-6.98%
1979-03-19,7.786,-5.83%
1979-03-16,7.757,-5.45%
1979-03-15,7.693,-5.83%
1979-03-14,7.682,-6.20%
1979-03-13,7.692,-5.65%
1979-03-12,7.679,-5.74%
1979-03-09,7.669,-4.80%
1979-03-08,7.672,-4.16%
1979-03-07,7.584,-5.28%
1979-03-06,7.540,-5.34%
1979-03-05,7.555,-5.75%
1979-03-02,7.471,-6.66%
1979-03-01,7.530,-7.38%
1979-02-28,7.418,-7.02%
1979-02-27,7.599,-5.58%
1979-02-26,7.721,-4.89%
1979-02-23,7.730,-3.86%
1979-02-22,7.773,-3.24%
1979-02-21,7.832,-2.54%
1979-02-20,7.859,-2.61%
1979-02-16,7.800,-3.48%
1979-02-15,7.805,-4.23%
1979-02-14,7.816,-4.32%
1979-02-13,7.821,-5.13%
1979-02-12,7.763,-6.06%
1979-02-09,7.737,-6.60%
1979-02-08,7.719,-7.37%
1979-02-07,7.681,-7.31%
1979-02-06,7.751,-5.60%
1979-02-05,7.754,-5.69%
1979-02-02,7.866,-4.87%
1979-02-01,7.570,-7.23%
1979-01-31,7.900,-3.52%
1979-01-30,8.195,-0.11%
1979-01-29,8.236,+1.25%
1979-01-26,8.261,+1.56%
1979-01-25,8.207,-0.01%
1979-01-24,8.123,-0.89%
1979-01-23,8.159,-0.44%
1979-01-22,8.102,-1.84%
1979-01-19,8.090,-2.21%
1979-01-18,8.088,-2.74%
1979-01-17,8.068,-2.24%
1979-01-16,8.067,-1.77%
1979-01-15,8.166,-0.85%
1979-01-12,8.105,-1.73%
1979-01-11,8.037,-2.48%
1979-01-10,8.011,-3.25%
1979-01-09,8.056,-3.21%
1979-01-08,8.013,-4.75%
1979-01-05,8.040,-5.59%
1979-01-04,7.995,-6.90%
1979-01-03,7.932,-7.93%
1979-01-02,7.845,-5.25%
1979-01-01,7.880,-4.83%
1978-12-29,7.956,-9.24%
1978-12-28,7.970,-8.90%
1978-12-27,8.002,-8.48%
1978-12-26,8.073,-7.66%
1978-12-22,7.973,-7.94%
1978-12-21,7.840,-8.75%
1978-12-20,7.838,-8.23%
1978-12-19,7.801,-8.86%
1978-12-18,7.735,-10.31%
1978-12-15,7.892,-8.64%
1978-12-14,7.950,-8.43%
1978-12-13,7.952,-7.95%
1978-12-12,7.996,-7.51%
1978-12-11,8.039,-7.03%
1978-12-08,7.999,-6.82%
1978-12-07,8.036,-6.20%
1978-12-06,8.070,-5.86%
1978-12-05,8.066,-7.34%
1978-12-04,7.959,-8.95%
1978-12-01,7.790,-9.63%
1978-11-30,7.839,-10.47%
1978-11-29,7.931,-9.66%
1978-11-28,8.050,-9.72%
1978-11-27,8.121,-9.55%
1978-11-24,8.104,-9.54%
1978-11-22,8.078,-9.46%
1978-11-21,8.038,-9.11%
1978-11-20,8.058,-8.96%
1978-11-17,7.988,-9.60%
1978-11-16,7.928,-10.55%
1978-11-15,7.843,-11.95%
1978-11-14,7.825,-11.59%
1978-11-13,7.879,-11.59%
1978-11-10,8.018,-8.82%
1978-11-09,7.988,-7.47%
1978-11-08,7.991,-6.92%
1978-11-07,7.940,-7.34%
1978-11-06,8.053,-5.29%
1978-11-03,8.137,-3.44%
1978-11-02,8.089,-3.95%
1978-11-01,7.840,-9.99%
1978-10-31,7.881,-8.08%
1978-10-30,8.216,-4.98%
1978-10-27,8.175,-5.18%
1978-10-26,8.300,-3.48%
1978-10-25,8.411,-1.01%
1978-10-24,8.426,-1.52%
1978-10-23,8.486,-1.55%
1978-10-20,8.466,-2.16%
1978-10-19,8.585,-0.48%
1978-10-18,8.685,-0.47%
1978-10-17,8.752,+0.29%
1978-10-16,8.869,+1.52%
1978-10-13,9.046,+3.67%
1978-10-12,9.065,+3.23%
1978-10-11,9.109,+2.76%
1978-10-10,9.029,+1.00%
1978-10-09,9.040,+0.88%
1978-10-06,8.947,-0.23%
1978-10-05,8.926,-0.09%
1978-10-04,8.908,-0.65%
1978-10-03,8.868,-1.83%
1978-10-02,8.899,+2.29%
1978-10-01,8.510,-2.18%
1978-09-29,8.948,-0.95%
1978-09-28,8.897,-0.96%
1978-09-27,8.871,-1.17%
1978-09-26,8.955,-0.39%
1978-09-25,8.888,-0.78%
1978-09-22,8.887,-0.84%
1978-09-21,8.892,-0.79%
1978-09-20,8.877,-1.78%
1978-09-19,8.947,-0.96%
1978-09-18,9.006,-0.96%
1978-09-15,9.086,-0.41%
1978-09-14,9.171,+0.78%
1978-09-13,9.279,+2.45%
1978-09-12,9.336,+3.15%
1978-09-11,9.335,+2.77%
1978-09-08,9.318,+1.63%
1978-09-07,9.199,-0.42%
1978-09-06,9.195,-0.15%
1978-09-05,9.118,-0.73%
1978-09-01,8.980,-0.11%
1978-08-31,9.013,-1.18%
1978-08-30,9.127,-0.38%
1978-08-29,9.117,-1.04%
1978-08-28,9.168,+0.41%
1978-08-25,9.250,+1.20%
1978-08-24,9.266,+0.26%
1978-08-23,9.251,-0.30%
1978-08-22,9.198,-1.05%
1978-08-21,9.161,-1.17%
1978-08-18,9.235,-0.54%
1978-08-17,9.266,-0.27%
1978-08-16,9.228,-0.67%
1978-08-15,9.158,-1.88%
1978-08-14,9.168,-1.46%
1978-08-11,9.168,-1.75%
1978-08-10,9.141,-2.79%
1978-08-09,9.215,-1.13%
1978-08-08,9.172,-1.54%
1978-08-07,9.131,-2.74%
1978-08-04,9.164,-2.37%
1978-08-03,9.128,-2.38%
1978-08-02,9.076,-3.07%
1978-08-01,9.070,-1.52%
1978-07-31,8.878,-6.42%
1978-07-28,8.905,-6.08%
1978-07-27,8.864,-6.36%
1978-07-26,8.823,-8.31%
1978-07-25,8.766,-9.43%
1978-07-24,8.702,-10.81%
1978-07-21,8.704,-10.73%
1978-07-20,8.729,-10.59%
1978-07-19,8.737,-10.56%
1978-07-18,8.626,-10.96%
1978-07-17,8.707,-9.43%
1978-07-14,8.689,-9.09%
1978-07-13,8.571,-10.33%
1978-07-12,8.570,-10.21%
1978-07-11,8.542,-10.59%
1978-07-10,8.484,-11.41%
1978-07-07,8.450,-11.06%
1978-07-06,8.399,-12.12%
1978-07-05,8.394,-12.62%
1978-07-03,8.467,-11.06%
1978-07-01,8.570,-9.98%
1978-06-30,8.507,-11.78%
1978-06-29,8.587,-11.57%
1978-06-28,8.571,-11.76%
1978-06-27,8.534,-12.87%
1978-06-26,8.500,-13.40%
1978-06-23,8.612,-11.75%
1978-06-22,8.647,-11.26%
1978-06-21,8.626,-11.72%
1978-06-20,8.671,-10.98%
1978-06-19,8.759,-9.66%
1978-06-16,8.753,-9.62%
1978-06-15,8.836,-8.54%
1978-06-14,8.938,-7.72%
1978-06-13,8.946,-6.59%
1978-06-12,8.944,-6.35%
1978-06-09,8.978,-5.68%
1978-06-08,9.004,-5.47%
1978-06-07,8.996,-5.10%
1978-06-06,9.013,-4.43%
1978-06-05,8.980,-5.22%
1978-06-02,8.818,-6.02%
1978-06-01,8.700,-8.71%
1978-05-31,8.741,-6.24%
1978-05-30,8.789,-6.97%
1978-05-26,8.764,-7.94%
1978-05-25,8.784,-7.51%
1978-05-24,8.809,-8.10%
1978-05-23,8.897,-7.63%
1978-05-22,8.992,-7.87%
1978-05-19,8.904,-9.16%
1978-05-18,8.949,-9.08%
1978-05-17,9.038,-7.69%
1978-05-16,9.015,-7.65%
1978-05-15,8.962,-7.78%
1978-05-12,8.899,-8.15%
1978-05-11,8.820,-9.02%
1978-05-10,8.704,-10.84%
1978-05-09,8.702,-10.59%
1978-05-08,8.729,-10.59%
1978-05-05,8.760,-10.83%
1978-05-04,8.705,-11.26%
1978-05-03,8.735,-10.48%
1978-05-02,8.825,-9.10%
1978-05-01,8.750,-8.66%
1978-04-28,8.867,-8.98%
1978-04-27,8.778,-9.67%
1978-04-26,8.866,-7.97%
1978-04-25,8.850,-8.18%
1978-04-24,8.770,-10.20%
1978-04-21,8.639,-12.70%
1978-04-20,8.658,-13.07%
1978-04-19,8.595,-13.43%
1978-04-18,8.556,-14.22%
1978-04-17,8.649,-13.72%
1978-04-14,8.509,-15.08%
1978-04-13,8.332,-16.15%
1978-04-12,8.252,-16.95%
1978-04-11,8.265,-15.75%
1978-04-10,8.287,-15.07%
1978-04-07,8.257,-15.37%
1978-04-06,8.223,-15.34%
1978-04-05,8.209,-15.57%
1978-04-04,8.137,-16.50%
1978-04-03,8.101,-16.66%
1978-04-01,8.410,-13.48%
1978-03-31,8.169,-16.34%
1978-03-30,8.195,-16.67%
1978-03-29,8.216,-17.42%
1978-03-28,8.203,-16.97%
1978-03-27,8.146,-17.60%
1978-03-23,8.191,-18.09%
1978-03-22,8.201,-18.64%
1978-03-21,8.230,-18.60%
1978-03-20,8.324,-18.12%
1978-03-17,8.268,-18.85%
1978-03-16,8.204,-19.54%
1978-03-15,8.169,-19.74%
1978-03-14,8.190,-19.09%
1978-03-13,8.153,-18.84%
1978-03-10,8.147,-18.91%
1978-03-09,8.056,-19.36%
1978-03-08,8.005,-20.48%
1978-03-07,8.007,-20.76%
1978-03-06,7.965,-21.14%
1978-03-03,8.016,-20.38%
1978-03-02,8.004,-20.11%
1978-03-01,8.130,-18.54%
1978-02-28,7.978,-19.92%
1978-02-27,8.048,-19.34%
1978-02-24,8.118,-18.74%
1978-02-23,8.040,-19.99%
1978-02-22,8.033,-20.30%
1978-02-21,8.036,-20.27%
1978-02-17,8.070,-20.27%
1978-02-16,8.081,-20.63%
1978-02-15,8.150,-19.58%
1978-02-14,8.169,-19.15%
1978-02-13,8.244,-17.99%
1978-02-10,8.264,-18.28%
1978-02-09,8.284,-18.00%
1978-02-08,8.333,-18.23%
1978-02-07,8.287,-18.91%
1978-02-06,8.211,-19.65%
1978-02-03,8.222,-19.52%
1978-02-02,8.269,-19.46%
1978-02-01,8.160,-19.05%
1978-01-31,8.188,-19.99%
1978-01-30,8.204,-20.24%
1978-01-27,8.134,-20.81%
1978-01-26,8.134,-21.24%
1978-01-25,8.208,-21.13%
1978-01-24,8.196,-21.34%
1978-01-23,8.195,-21.40%
1978-01-20,8.254,-20.57%
1978-01-19,8.273,-21.05%
1978-01-18,8.316,-20.24%
1978-01-17,8.253,-21.15%
1978-01-16,8.212,-21.75%
1978-01-13,8.236,-21.67%
1978-01-12,8.248,-20.95%
1978-01-11,8.241,-21.57%
1978-01-10,8.280,-22.00%
1978-01-09,8.323,-21.45%
1978-01-06,8.413,-20.61%
1978-01-05,8.516,-19.44%
1978-01-04,8.588,-19.48%
1978-01-03,8.615,-20.21%
1978-01-01,8.280,-20.46%
1977-12-30,8.781,-19.57%
1977-12-29,8.766,-19.30%
1977-12-28,8.749,-19.78%
1977-12-27,8.743,-19.30%
1977-12-23,8.743,-18.36%
1977-12-22,8.661,-19.03%
1977-12-21,8.592,-19.29%
1977-12-20,8.541,-19.33%
1977-12-19,8.559,-19.63%
1977-12-16,8.624,-19.44%
1977-12-15,8.638,-19.57%
1977-12-14,8.682,-19.10%
1977-12-13,8.639,-19.16%
1977-12-12,8.645,-19.17%
1977-12-09,8.647,-19.00%
1977-12-08,8.584,-19.26%
1977-12-07,8.567,-18.96%
1977-12-06,8.572,-18.96%
1977-12-05,8.705,-17.06%
1977-12-02,8.741,-16.20%
1977-12-01,8.620,-18.45%
1977-11-30,8.756,-16.04%
1977-11-29,8.779,-17.13%
1977-11-28,8.917,-16.41%
1977-11-25,8.978,-15.22%
1977-11-23,8.959,-15.03%
1977-11-22,8.922,-15.90%
1977-11-21,8.844,-16.09%
1977-11-18,8.851,-16.00%
1977-11-17,8.836,-15.07%
1977-11-16,8.863,-14.33%
1977-11-15,8.907,-13.78%
1977-11-14,8.851,-13.76%
1977-11-11,8.912,-13.51%
1977-11-10,8.794,-13.94%
1977-11-09,8.633,-15.95%
1977-11-08,8.585,-16.65%
1977-11-07,8.569,-17.81%
1977-11-04,8.503,-19.71%
1977-11-03,8.427,-20.05%
1977-11-02,8.422,-18.55%
1977-11-01,8.710,-15.76%
1977-10-31,8.574,-20.43%
1977-10-28,8.647,-18.73%
1977-10-27,8.622,-19.08%
1977-10-26,8.599,-18.74%
1977-10-25,8.497,-18.91%
1977-10-24,8.556,-18.26%
1977-10-21,8.620,-18.31%
1977-10-20,8.653,-18.77%
1977-10-19,8.626,-18.80%
1977-10-18,8.726,-17.87%
1977-10-17,8.727,-17.36%
1977-10-14,8.736,-17.30%
1977-10-13,8.726,-18.40%
1977-10-12,8.781,-16.82%
1977-10-11,8.864,-16.72%
1977-10-10,8.940,-16.75%
1977-10-07,8.961,-17.35%
1977-10-06,8.968,-16.82%
1977-10-05,8.934,-17.35%
1977-10-04,8.966,-17.69%
1977-10-03,9.033,-14.30%
1977-10-01,8.700,-17.46%
1977-09-30,9.013,-18.21%
1977-09-29,9.034,-18.98%
1977-09-28,8.983,-19.85%
1977-09-27,8.976,-20.92%
1977-09-26,8.990,-20.46%
1977-09-23,8.958,-20.82%
1977-09-22,8.962,-21.19%
1977-09-21,8.963,-21.45%
1977-09-20,9.038,-19.67%
1977-09-19,9.034,-19.67%
1977-09-16,9.093,-18.43%
1977-09-15,9.123,-17.30%
1977-09-14,9.100,-17.27%
1977-09-13,9.057,-17.93%
1977-09-12,9.051,-18.27%
1977-09-09,9.083,-17.79%
1977-09-08,9.169,-17.43%
1977-09-07,9.238,-16.88%
1977-09-06,9.209,-16.56%
1977-09-02,9.185,-16.48%
1977-09-01,8.990,-18.64%
1977-08-31,9.121,-16.24%
1977-08-30,9.162,-16.08%
1977-08-29,9.213,-15.11%
1977-08-26,9.131,-15.73%
1977-08-25,9.140,-16.24%
1977-08-24,9.242,-14.67%
1977-08-23,9.279,-14.91%
1977-08-22,9.296,-15.10%
1977-08-19,9.269,-16.18%
1977-08-18,9.285,-16.97%
1977-08-17,9.291,-17.11%
1977-08-16,9.290,-16.82%
1977-08-15,9.333,-16.30%
1977-08-12,9.304,-16.53%
1977-08-11,9.331,-16.16%
1977-08-10,9.403,-15.80%
1977-08-09,9.320,-15.79%
1977-08-08,9.315,-16.09%
1977-08-05,9.388,-15.48%
1977-08-04,9.386,-15.96%
1977-08-03,9.351,-16.04%
1977-08-02,9.363,-15.16%
1977-08-01,9.210,-15.74%
1977-07-29,9.487,-14.75%
1977-07-28,9.481,-14.90%
1977-07-27,9.466,-15.38%
1977-07-26,9.623,-14.47%
1977-07-25,9.679,-13.96%
1977-07-22,9.757,-13.16%
1977-07-21,9.750,-13.13%
1977-07-20,9.763,-12.93%
1977-07-19,9.769,-13.36%
1977-07-18,9.688,-14.39%
1977-07-15,9.614,-15.47%
1977-07-13,9.558,-16.33%
1977-07-12,9.544,-16.64%
1977-07-11,9.554,-15.82%
1977-07-08,9.577,-14.80%
1977-07-07,9.501,-15.36%
1977-07-06,9.557,-14.62%
1977-07-05,9.606,-14.65%
1977-07-01,9.520,-14.54%
1977-06-30,9.643,-14.47%
1977-06-29,9.710,-15.39%
1977-06-28,9.713,-15.01%
1977-06-27,9.794,-14.54%
1977-06-24,9.815,-13.76%
1977-06-23,9.759,-14.46%
1977-06-22,9.744,-14.77%
1977-06-21,9.771,-15.20%
1977-06-20,9.740,-15.05%
1977-06-17,9.696,-15.31%
1977-06-16,9.685,-14.08%
1977-06-15,9.661,-13.83%
1977-06-14,9.686,-14.02%
1977-06-13,9.577,-14.12%
1977-06-10,9.550,-13.19%
1977-06-09,9.519,-12.75%
1977-06-08,9.525,-12.75%
1977-06-07,9.479,-13.02%
1977-06-06,9.431,-13.92%
1977-06-03,9.475,-14.36%
1977-06-02,9.383,-15.27%
1977-06-01,9.530,-13.44%
1977-05-31,9.323,-17.55%
1977-05-27,9.447,-15.78%
1977-05-26,9.520,-15.09%
1977-05-25,9.497,-15.42%
1977-05-24,9.585,-14.60%
1977-05-23,9.632,-15.72%
1977-05-20,9.760,-15.22%
1977-05-19,9.802,-14.17%
1977-05-18,9.843,-13.88%
1977-05-17,9.791,-14.19%
1977-05-16,9.762,-14.65%
1977-05-13,9.718,-15.72%
1977-05-12,9.689,-16.47%
1977-05-11,9.694,-16.57%
1977-05-10,9.762,-16.11%
1977-05-09,9.733,-15.36%
1977-05-06,9.763,-14.49%
1977-05-05,9.824,-13.72%
1977-05-04,9.810,-14.30%
1977-05-03,9.758,-14.34%
1977-05-02,9.709,-13.16%
1977-05-01,9.580,-14.31%
1977-04-29,9.766,-17.19%
1977-04-28,9.742,-17.39%
1977-04-27,9.718,-17.38%
1977-04-26,9.634,-18.55%
1977-04-25,9.638,-18.41%
1977-04-22,9.766,-17.87%
1977-04-21,9.896,-17.06%
1977-04-20,9.960,-16.15%
1977-04-19,9.928,-15.25%
1977-04-18,9.974,-14.20%
1977-04-15,10.024,-13.77%
1977-04-14,10.020,-13.49%
1977-04-13,9.937,-14.84%
1977-04-12,9.936,-14.12%
1977-04-11,9.810,-15.34%
1977-04-07,9.757,-17.33%
1977-04-06,9.713,-18.62%
1977-04-05,9.723,-18.66%
1977-04-04,9.745,-17.46%
1977-04-01,9.720,-15.48%
1977-03-31,9.764,-17.72%
1977-03-30,9.834,-18.73%
1977-03-29,9.949,-18.10%
1977-03-28,9.880,-19.02%
1977-03-25,9.886,-18.97%
1977-03-24,9.950,-18.89%
1977-03-23,10.000,-17.55%
1977-03-22,10.080,-15.63%
1977-03-21,10.111,-15.25%
1977-03-18,10.166,-14.69%
1977-03-17,10.188,-14.84%
1977-03-16,10.197,-14.83%
1977-03-15,10.178,-14.03%
1977-03-14,10.122,-15.40%
1977-03-11,10.045,-16.89%
1977-03-10,10.047,-16.09%
1977-03-09,9.990,-16.27%
1977-03-08,10.067,-15.30%
1977-03-07,10.105,-14.05%
1977-03-04,10.100,-13.93%
1977-03-03,10.068,-15.11%
1977-03-02,10.019,-16.01%
1977-03-01,9.980,-14.48%
1977-02-28,9.962,-18.18%
1977-02-25,9.978,-19.64%
1977-02-24,9.990,-19.81%
1977-02-23,10.049,-19.01%
1977-02-22,10.079,-19.15%
1977-02-18,10.079,-17.33%
1977-02-17,10.122,-16.31%
1977-02-16,10.181,-16.34%
1977-02-15,10.134,-16.73%
1977-02-14,10.104,-16.98%
1977-02-11,10.052,-18.30%
1977-02-10,10.112,-17.57%
1977-02-09,10.103,-16.94%
1977-02-08,10.191,-16.08%
1977-02-07,10.220,-15.84%
1977-02-04,10.219,-17.87%
1977-02-03,10.216,-17.31%
1977-02-02,10.267,-16.64%
1977-02-01,10.080,-15.51%
1977-01-31,10.234,-19.23%
1977-01-28,10.286,-16.90%
1977-01-27,10.271,-17.48%
1977-01-26,10.327,-17.54%
1977-01-25,10.407,-16.50%
1977-01-24,10.419,-16.41%
1977-01-21,10.426,-15.52%
1977-01-20,10.391,-16.34%
1977-01-19,10.479,-15.16%
1977-01-18,10.426,-14.44%
1977-01-17,10.467,-14.11%
1977-01-14,10.495,-13.99%
1977-01-13,10.515,-12.42%
1977-01-12,10.434,-13.78%
1977-01-11,10.507,-11.91%
1977-01-10,10.616,-11.00%
1977-01-07,10.596,-10.23%
1977-01-06,10.597,-9.81%
1977-01-05,10.571,-9.11%
1977-01-04,10.666,-6.60%
1977-01-03,10.797,-5.46%
1977-01-01,10.410,-12.00%
1976-12-31,10.844,-4.29%
1976-12-30,10.917,-4.05%
1976-12-29,10.862,-4.91%
1976-12-28,10.906,-4.66%
1976-12-27,10.834,-5.29%
1976-12-23,10.709,-4.78%
1976-12-22,10.696,-4.25%
1976-12-21,10.646,-5.41%
1976-12-20,10.587,-5.94%
1976-12-17,10.650,-5.74%
1976-12-16,10.705,-5.02%
1976-12-15,10.740,-3.81%
1976-12-14,10.732,-3.59%
1976-12-13,10.687,-4.00%
1976-12-10,10.695,-4.19%
1976-12-09,10.675,-3.52%
1976-12-08,10.631,-3.66%
1976-12-07,10.571,-3.93%
1976-12-06,10.578,-3.87%
1976-12-03,10.496,-5.47%
1976-12-02,10.431,-7.87%
1976-12-01,10.570,-5.12%
1976-11-30,10.429,-10.50%
1976-11-29,10.594,-9.09%
1976-11-26,10.667,-8.15%
1976-11-24,10.590,-7.56%
1976-11-23,10.544,-7.78%
1976-11-22,10.609,-7.22%
1976-11-19,10.540,-8.28%
1976-11-18,10.537,-9.34%
1976-11-17,10.404,-10.93%
1976-11-16,10.345,-10.96%
1976-11-15,10.331,-11.08%
1976-11-12,10.263,-11.88%
1976-11-11,10.304,-10.23%
1976-11-10,10.218,-10.45%
1976-11-09,10.271,-9.97%
1976-11-08,10.300,-9.72%
1976-11-05,10.426,-8.43%
1976-11-04,10.590,-6.32%
1976-11-03,10.540,-6.31%
1976-11-01,10.340,-9.46%
1976-10-29,10.775,-6.46%
1976-10-28,10.640,-8.78%
1976-10-27,10.655,-7.85%
1976-10-26,10.582,-8.59%
1976-10-25,10.479,-9.48%
1976-10-22,10.467,-10.45%
1976-10-21,10.552,-9.58%
1976-10-20,10.653,-7.97%
1976-10-19,10.623,-7.23%
1976-10-18,10.625,-7.21%
1976-10-15,10.560,-8.17%
1976-10-14,10.563,-8.19%
1976-10-13,10.693,-7.24%
1976-10-12,10.556,-7.13%
1976-10-11,10.643,-6.37%
1976-10-08,10.739,-5.23%
1976-10-07,10.842,-3.04%
1976-10-06,10.782,-3.70%
1976-10-05,10.809,-2.41%
1976-10-04,10.893,-1.65%
1976-10-01,10.540,-6.81%
1976-09-30,11.020,+1.96%
1976-09-29,11.150,+2.67%
1976-09-28,11.208,+1.82%
1976-09-27,11.351,+3.12%
1976-09-24,11.302,+3.21%
1976-09-23,11.314,+4.30%
1976-09-22,11.371,+4.66%
1976-09-21,11.411,+4.04%
1976-09-20,11.251,+2.58%
1976-09-17,11.246,+6.90%
1976-09-16,11.147,+6.32%
1976-09-15,11.032,+4.22%
1976-09-14,10.999,+3.38%
1976-09-13,11.036,+3.73%
1976-09-10,11.074,+3.49%
1976-09-09,11.048,+2.25%
1976-09-08,11.105,+1.24%
1976-09-07,11.114,+1.64%
1976-09-03,11.037,+0.46%
1976-09-02,10.997,+0.73%
1976-09-01,11.050,+1.28%
1976-08-31,10.890,-1.10%
1976-08-30,10.917,-0.85%
1976-08-27,10.853,+1.42%
1976-08-26,10.836,+1.83%
1976-08-25,10.912,+1.22%
1976-08-24,10.831,+1.39%
1976-08-23,10.905,+2.09%
1976-08-20,10.949,+3.80%
1976-08-19,11.058,+2.70%
1976-08-18,11.183,+2.36%
1976-08-17,11.209,+2.40%
1976-08-16,11.169,+2.04%
1976-08-13,11.150,+2.33%
1976-08-12,11.147,+0.95%
1976-08-11,11.129,+1.45%
1976-08-10,11.167,+2.43%
1976-08-09,11.068,+1.52%
1976-08-06,11.101,+1.55%
1976-08-05,11.107,+1.63%
1976-08-04,11.169,+1.11%
1976-08-03,11.138,+1.72%
1976-08-02,11.036,+0.79%
1976-08-01,10.930,-0.18%
1976-07-30,11.183,+0.21%
1976-07-29,11.128,+0.44%
1976-07-28,11.141,-0.01%
1976-07-27,11.187,-0.27%
1976-07-26,11.251,+0.30%
1976-07-23,11.250,-0.70%
1976-07-22,11.236,-2.20%
1976-07-21,11.224,-3.35%
1976-07-20,11.213,-4.24%
1976-07-19,11.275,-3.71%
1976-07-16,11.317,-4.79%
1976-07-15,11.373,-5.31%
1976-07-14,11.454,-4.22%
1976-07-13,11.424,-3.94%
1976-07-12,11.449,-3.73%
1976-07-09,11.349,-4.71%
1976-07-08,11.241,-4.19%
1976-07-07,11.225,-4.48%
1976-07-06,11.194,-5.57%
1976-07-02,11.255,-4.88%
1976-07-01,11.140,-4.95%
1976-06-30,11.274,-5.73%
1976-06-29,11.476,-1.71%
1976-06-28,11.429,-2.12%
1976-06-25,11.461,-1.65%
1976-06-24,11.381,-1.89%
1976-06-23,11.409,-1.05%
1976-06-22,11.433,+0.25%
1976-06-21,11.523,+1.03%
1976-06-18,11.465,+2.99%
1976-06-17,11.449,+2.64%
1976-06-16,11.272,+0.07%
1976-06-15,11.211,+0.57%
1976-06-14,11.265,+1.05%
1976-06-11,11.151,0%
1976-06-10,11.001,-1.23%
1976-06-09,10.910,-2.88%
1976-06-08,10.917,-4.14%
1976-06-07,10.898,-4.31%
1976-06-04,10.956,-3.93%
1976-06-03,11.064,-3.29%
1976-06-02,11.074,-2.87%
1976-06-01,11.010,-5.17%
1976-05-28,11.307,+4.49%
1976-05-27,11.217,+2.94%
1976-05-26,11.212,+2.62%
1976-05-25,11.229,+2.77%
1976-05-24,11.223,+2.72%
1976-05-21,11.429,+6.39%
1976-05-20,11.512,+5.95%
1976-05-19,11.420,+4.58%
1976-05-18,11.429,+4.78%
1976-05-17,11.410,+4.60%
1976-05-14,11.438,+2.77%
1976-05-13,11.530,+4.37%
1976-05-12,11.599,+6.12%
1976-05-11,11.620,+6.41%
1976-05-10,11.637,+6.57%
1976-05-07,11.499,+7.02%
1976-05-06,11.418,+6.79%
1976-05-05,11.386,+4.79%
1976-05-04,11.447,+6.36%
1976-05-03,11.391,+5.84%
1976-05-01,11.180,+0.72%
1976-04-30,11.472,+8.94%
1976-04-29,11.793,+16.36%
1976-04-28,11.793,+15.56%
1976-04-27,11.762,+14.74%
1976-04-26,11.828,+15.38%
1976-04-23,11.812,+15.89%
1976-04-22,11.891,+15.37%
1976-04-21,11.931,+15.58%
1976-04-20,11.879,+16.31%
1976-04-19,11.714,+14.70%
1976-04-15,11.625,+13.83%
1976-04-14,11.583,+14.34%
1976-04-13,11.669,+17.14%
1976-04-12,11.570,+16.14%
1976-04-09,11.588,+18.20%
1976-04-08,11.695,+22.01%
1976-04-07,11.803,+24.12%
1976-04-06,11.935,+24.69%
1976-04-05,11.953,+24.87%
1976-04-02,11.807,+21.04%
1976-04-01,11.500,+12.52%
1976-03-31,11.867,+20.29%
1976-03-30,12.101,+24.11%
1976-03-29,12.148,+24.59%
1976-03-26,12.200,+25.51%
1976-03-25,12.200,+27.86%
1976-03-24,12.268,+29.59%
1976-03-23,12.128,+25.07%
1976-03-22,11.947,+23.20%
1976-03-19,11.931,+21.66%
1976-03-18,11.916,+20.38%
1976-03-17,11.964,+19.63%
1976-03-16,11.972,+21.47%
1976-03-15,11.839,+20.12%
1976-03-12,11.964,+23.09%
1976-03-11,12.087,+23.22%
1976-03-10,11.974,+21.22%
1976-03-09,11.931,+21.72%
1976-03-08,11.885,+21.25%
1976-03-05,11.757,+21.96%
1976-03-04,11.734,+20.77%
1976-03-03,11.860,+22.84%
1976-03-02,11.929,+20.37%
1976-03-01,11.670,+17.76%
1976-02-27,12.175,+31.75%
1976-02-26,12.223,+32.92%
1976-02-25,12.416,+36.44%
1976-02-24,12.458,+33.70%
1976-02-23,12.407,+31.25%
1976-02-20,12.466,+32.53%
1976-02-19,12.382,+32.88%
1976-02-18,12.192,+31.66%
1976-02-17,12.094,+29.69%
1976-02-13,12.170,+31.30%
1976-02-12,12.241,+33.87%
1976-02-11,12.304,+36.85%
1976-02-10,12.267,+36.82%
1976-02-09,12.164,+35.20%
1976-02-06,12.144,+35.10%
1976-02-05,12.258,+35.70%
1976-02-04,12.443,+40.12%
1976-02-03,12.354,+38.75%
1976-02-02,12.316,+32.29%
1976-02-01,11.930,+28.14%
1976-01-30,12.671,+47.80%
1976-01-29,12.577,+44.71%
1976-01-28,12.378,+44.74%
1976-01-27,12.446,+46.80%
1976-01-26,12.523,+52.55%
1976-01-23,12.464,+53.74%
1976-01-22,12.317,+52.63%
1976-01-21,12.342,+55.19%
1976-01-20,12.420,+55.33%
1976-01-19,12.352,+54.75%
1976-01-16,12.186,+50.35%
1976-01-15,12.137,+49.56%
1976-01-14,12.202,+51.33%
1976-01-13,12.006,+47.60%
1976-01-12,12.102,+48.16%
1976-01-09,11.928,+48.99%
1976-01-08,11.882,+50.81%
1976-01-07,11.803,+47.74%
1976-01-06,11.750,+46.99%
1976-01-05,11.631,+46.23%
1976-01-02,11.420,+44.56%
1976-01-01,11.830,+42.53%
1975-12-31,11.330,+46.91%
1975-12-30,11.378,+51.79%
1975-12-29,11.423,+52.45%
1975-12-26,11.439,+51.97%
1975-12-24,11.338,+51.90%
1975-12-23,11.246,+52.76%
1975-12-22,11.171,+49.58%
1975-12-19,11.255,+49.07%
1975-12-18,11.335,+49.58%
1975-12-17,11.299,+49.81%
1975-12-16,11.271,+51.96%
1975-12-15,11.165,+49.16%
1975-12-12,11.132,+47.87%
1975-12-11,11.128,+47.35%
1975-12-10,11.163,+48.66%
1975-12-09,11.065,+51.14%
1975-12-08,11.035,+52.08%
1975-12-05,11.004,+49.09%
1975-12-04,11.133,+47.99%
1975-12-03,11.103,+48.10%
1975-12-02,11.322,+48.93%
1975-12-01,11.140,+47.75%
1975-11-28,11.653,+50.61%
1975-11-26,11.614,+51.13%
1975-11-25,11.585,+52.15%
1975-11-24,11.456,+50.30%
1975-11-21,11.434,+51.60%
1975-11-20,11.448,+52.42%
1975-11-19,11.492,+52.33%
1975-11-18,11.622,+51.66%
1975-11-17,11.681,+46.84%
1975-11-14,11.618,+43.75%
1975-11-13,11.627,+43.30%
1975-11-12,11.646,+42.91%
1975-11-11,11.478,+38.07%
1975-11-10,11.410,+37.69%
1975-11-07,11.409,+37.13%
1975-11-06,11.437,+38.31%
1975-11-05,11.386,+37.03%
1975-11-04,11.304,+39.83%
1975-11-03,11.250,+40.45%
1975-11-01,11.420,+42.57%
1975-10-31,11.372,+39.11%
1975-10-30,11.509,+41.09%
1975-10-29,11.519,+44.08%
1975-10-28,11.664,+51.60%
1975-10-27,11.563,+50.23%
1975-10-24,11.576,+50.18%
1975-10-23,11.758,+50.80%
1975-10-22,11.689,+45.62%
1975-10-21,11.670,+44.65%
1975-10-20,11.575,+45.89%
1975-10-17,11.451,+46.58%
1975-10-16,11.517,+49.18%
1975-10-15,11.499,+46.63%
1975-10-14,11.505,+44.08%
1975-10-13,11.528,+47.62%
1975-10-10,11.367,+48.37%
1975-10-09,11.388,+52.96%
1975-10-08,11.332,+59.22%
1975-10-07,11.182,+56.83%
1975-10-06,11.196,+63.61%
1975-10-03,11.076,+62.02%
1975-10-02,10.802,+55.27%
1975-10-01,11.310,+47.27%
1975-09-30,10.808,+54.95%
1975-09-29,10.860,+50.33%
1975-09-26,11.008,+48.90%
1975-09-25,10.937,+45.52%
1975-09-24,10.950,+44.73%
1975-09-23,10.848,+40.48%
1975-09-22,10.865,+39.26%
1975-09-19,10.968,+40.69%
1975-09-18,10.736,+42.52%
1975-09-17,10.520,+40.36%
1975-09-16,10.484,+42.31%
1975-09-15,10.585,+45.94%
1975-09-12,10.639,+43.38%
1975-09-11,10.658,+39.78%
1975-09-10,10.701,+38.94%
1975-09-09,10.805,+39.33%
1975-09-08,10.969,+38.08%
1975-09-05,10.935,+38.72%
1975-09-04,11.009,+44.08%
1975-09-03,10.987,+40.07%
1975-09-02,10.917,+45.95%
1975-09-01,10.910,+45.86%
1975-08-29,11.011,+39.38%
1975-08-28,10.951,+37.13%
1975-08-27,10.701,+33.65%
1975-08-26,10.641,+30.66%
1975-08-25,10.781,+33.49%
1975-08-22,10.682,+30.00%
1975-08-21,10.529,+26.90%
1975-08-20,10.548,+24.70%
1975-08-19,10.767,+27.93%
1975-08-18,10.925,+27.91%
1975-08-15,10.946,+27.10%
1975-08-14,10.849,+25.28%
1975-08-13,10.896,+22.99%
1975-08-12,11.042,+22.68%
1975-08-11,10.970,+20.21%
1975-08-08,10.902,+18.41%
1975-08-07,10.938,+17.26%
1975-08-06,10.932,+20.29%
1975-08-05,10.929,+22.13%
1975-08-04,11.046,+24.53%
1975-08-01,10.950,+29.43%
1975-07-31,11.248,+25.66%
1975-07-30,11.160,+21.16%
1975-07-29,11.079,+19.63%
1975-07-28,11.142,+18.18%
1975-07-25,11.217,+16.73%
1975-07-24,11.315,+16.36%
1975-07-23,11.329,+16.97%
1975-07-22,11.489,+19.81%
1975-07-21,11.613,+21.50%
1975-07-18,11.709,+22.15%
1975-07-17,11.763,+22.83%
1975-07-16,11.886,+25.45%
1975-07-15,12.011,+25.30%
1975-07-14,11.959,+25.70%
1975-07-11,11.892,+30.10%
1975-07-10,11.911,+30.15%
1975-07-09,11.910,+27.75%
1975-07-08,11.732,+26.45%
1975-07-07,11.751,+22.76%
1975-07-03,11.854,+22.97%
1975-07-02,11.832,+22.67%
1975-07-01,11.720,+30.95%
1975-06-30,11.959,+19.73%
1975-06-27,11.676,+16.48%
1975-06-26,11.676,+14.67%
1975-06-25,11.653,+12.76%
1975-06-24,11.600,+13.89%
1975-06-23,11.530,+13.51%
1975-06-20,11.405,+11.32%
1975-06-19,11.333,+9.84%
1975-06-18,11.132,+7.15%
1975-06-17,11.155,+6.66%
1975-06-16,11.264,+6.22%
1975-06-13,11.148,+3.94%
1975-06-12,11.094,+3.76%
1975-06-11,11.151,+4.04%
1975-06-10,11.138,+3.01%
1975-06-09,11.233,+4.50%
1975-06-06,11.389,+6.63%
1975-06-05,11.415,+8.83%
1975-06-04,11.404,+8.93%
1975-06-03,11.440,+10.55%
1975-06-02,11.401,+11.01%
1975-06-01,11.610,+13.05%
1975-05-30,10.995,+6.77%
1975-05-29,10.818,+5.71%
1975-05-28,10.821,+3.96%
1975-05-27,10.897,+4.45%
1975-05-23,10.926,+6.26%
1975-05-22,10.783,+5.12%
1975-05-21,10.743,+3.75%
1975-05-20,10.865,+4.99%
1975-05-19,10.920,+5.10%
1975-05-16,10.908,+3.22%
1975-05-15,11.027,+3.50%
1975-05-14,11.130,+4.19%
1975-05-13,11.047,+3.46%
1975-05-12,10.930,+1.45%
1975-05-09,10.920,-0.26%
1975-05-08,10.803,+0.08%
1975-05-07,10.745,-0.26%
1975-05-06,10.692,-0.38%
1975-05-05,10.866,+1.05%
1975-05-02,10.762,-0.78%
1975-05-01,11.100,+6.63%
1975-04-30,10.531,-1.00%
1975-04-29,10.135,-5.86%
1975-04-28,10.205,-5.40%
1975-04-25,10.251,-4.32%
1975-04-24,10.182,-5.73%
1975-04-23,10.192,-7.19%
1975-04-22,10.307,-7.73%
1975-04-21,10.323,-7.95%
1975-04-18,10.213,-9.91%
1975-04-17,10.325,-8.52%
1975-04-16,10.249,-8.52%
1975-04-15,10.213,-7.25%
1975-04-14,10.130,-8.07%
1975-04-11,9.962,-9.59%
1975-04-10,9.914,-10.30%
1975-04-09,9.804,-11.50%
1975-04-08,9.585,-12.93%
1975-04-07,9.509,-14.53%
1975-04-04,9.572,-15.16%
1975-04-03,9.646,-14.51%
1975-04-02,9.755,-12.64%
1975-04-01,10.220,-6.15%
1975-03-31,9.865,-12.98%
1975-03-27,9.750,-16.32%
1975-03-26,9.720,-17.73%
1975-03-25,9.542,-18.98%
1975-03-24,9.467,-19.31%
1975-03-21,9.697,-17.42%
1975-03-20,9.722,-17.40%
1975-03-19,9.807,-16.39%
1975-03-18,9.899,-16.31%
1975-03-17,10.001,-16.49%
1975-03-14,9.856,-18.01%
1975-03-13,9.737,-19.07%
1975-03-12,9.720,-18.73%
1975-03-11,9.809,-17.76%
1975-03-10,9.878,-16.25%
1975-03-07,9.802,-16.18%
1975-03-06,9.731,-17.67%
1975-03-05,9.640,-17.88%
1975-03-04,9.716,-15.69%
1975-03-03,9.655,-17.20%
1975-03-01,9.910,-15.01%
1975-02-28,9.487,-18.26%
1975-02-27,9.241,-21.10%
1975-02-26,9.196,-21.17%
1975-02-25,9.100,-21.19%
1975-02-24,9.318,-19.61%
1975-02-21,9.453,-17.86%
1975-02-20,9.406,-17.16%
1975-02-19,9.318,-16.75%
1975-02-18,9.260,-17.40%
1975-02-14,9.325,-15.62%
1975-02-13,9.269,-16.16%
1975-02-12,9.144,-17.25%
1975-02-11,8.991,-18.38%
1975-02-10,8.966,-20.08%
1975-02-07,8.997,-20.64%
1975-02-06,8.989,-20.68%
1975-02-05,9.033,-20.06%
1975-02-04,8.880,-21.66%
1975-02-03,8.904,-20.99%
1975-02-01,9.310,-17.39%
1975-01-31,8.808,-24.94%
1975-01-30,8.573,-27.93%
1975-01-29,8.691,-26.13%
1975-01-28,8.552,-27.38%
1975-01-27,8.478,-28.41%
1975-01-24,8.209,-30.81%
1975-01-23,8.107,-31.85%
1975-01-22,8.070,-31.80%
1975-01-21,7.953,-31.97%
1975-01-20,7.996,-31.72%
1975-01-17,7.982,-33.06%
1975-01-16,8.105,-30.87%
1975-01-15,8.115,-29.73%
1975-01-14,8.063,-29.57%
1975-01-13,8.134,-29.13%
1975-01-10,8.168,-27.86%
1975-01-09,8.006,-30.07%
1975-01-08,7.879,-33.11%
1975-01-07,7.989,-33.52%
1975-01-06,7.994,-34.04%
1975-01-03,7.954,-34.96%
1975-01-02,7.900,-34.01%
1975-01-01,8.300,-28.94%
1974-12-31,7.712,-35.49%
1974-12-30,7.496,-38.52%
1974-12-27,7.493,-38.67%
1974-12-26,7.527,-37.11%
1974-12-24,7.464,-35.73%
1974-12-23,7.362,-37.04%
1974-12-20,7.468,-36.81%
1974-12-19,7.550,-36.30%
1974-12-18,7.578,-36.01%
1974-12-17,7.542,-34.95%
1974-12-16,7.417,-36.39%
1974-12-13,7.485,-35.18%
1974-12-12,7.528,-35.64%
1974-12-11,7.552,-37.09%
1974-12-10,7.509,-38.67%
1974-12-09,7.321,-39.32%
1974-12-06,7.256,-38.52%
1974-12-05,7.381,-35.93%
1974-12-04,7.523,-35.70%
1974-12-03,7.497,-36.13%
1974-12-02,7.602,-34.58%
1974-12-01,7.540,-35.11%
1974-11-29,7.740,-37.56%
1974-11-27,7.737,-36.54%
1974-11-26,7.685,-37.54%
1974-11-25,7.614,-39.90%
1974-11-22,7.622,-40.02%
1974-11-21,7.542,-40.65%
1974-11-20,7.511,-40.24%
1974-11-19,7.544,-41.20%
1974-11-18,7.663,-42.09%
1974-11-15,7.955,-39.03%
1974-11-14,8.082,-38.07%
1974-11-13,8.114,-38.96%
1974-11-12,8.149,-38.75%
1974-11-11,8.313,-38.03%
1974-11-08,8.287,-39.21%
1974-11-07,8.320,-38.27%
1974-11-06,8.269,-38.16%
1974-11-05,8.309,-38.19%
1974-11-04,8.084,-40.73%
1974-11-01,8.010,-37.18%
1974-10-31,8.175,-40.74%
1974-10-30,8.157,-42.63%
1974-10-29,7.995,-44.69%
1974-10-28,7.694,-46.88%
1974-10-25,7.697,-46.43%
1974-10-24,7.708,-46.24%
1974-10-23,7.797,-45.37%
1974-10-22,8.027,-43.45%
1974-10-21,8.068,-43.71%
1974-10-18,7.934,-44.54%
1974-10-17,7.812,-45.37%
1974-10-16,7.720,-46.12%
1974-10-15,7.842,-45.20%
1974-10-14,7.985,-44.90%
1974-10-11,7.809,-45.94%
1974-10-10,7.661,-46.06%
1974-10-09,7.445,-48.01%
1974-10-08,7.117,-50.35%
1974-10-07,7.130,-50.09%
1974-10-04,6.843,-51.46%
1974-10-03,6.836,-51.68%
1974-10-02,6.957,-50.82%
1974-10-01,7.680,-45.10%
1974-09-30,6.975,-51.50%
1974-09-27,7.224,-50.07%
1974-09-26,7.393,-48.78%
1974-09-25,7.516,-47.55%
1974-09-24,7.566,-46.86%
1974-09-23,7.722,-45.69%
1974-09-20,7.802,-44.90%
1974-09-19,7.796,-44.48%
1974-09-18,7.533,-45.27%
1974-09-17,7.495,-45.74%
1974-09-16,7.367,-46.81%
1974-09-13,7.253,-47.09%
1974-09-12,7.420,-45.71%
1974-09-11,7.625,-44.30%
1974-09-10,7.702,-44.08%
1974-09-09,7.755,-44.18%
1974-09-06,7.944,-43.04%
1974-09-05,7.883,-43.20%
1974-09-04,7.641,-44.87%
1974-09-03,7.844,-42.87%
1974-09-01,7.480,-45.52%
1974-08-30,8.143,-42.15%
1974-08-29,7.900,-43.96%
1974-08-28,7.986,-42.79%
1974-08-27,8.007,-42.30%
1974-08-26,8.144,-40.86%
1974-08-23,8.076,-41.52%
1974-08-22,8.217,-39.68%
1974-08-21,8.297,-39.31%
1974-08-20,8.459,-38.56%
1974-08-19,8.416,-39.29%
1974-08-16,8.541,-38.38%
1974-08-15,8.612,-38.30%
1974-08-14,8.660,-37.77%
1974-08-13,8.859,-36.96%
1974-08-12,9.001,-36.59%
1974-08-09,9.126,-36.23%
1974-08-08,9.207,-35.62%
1974-08-07,9.328,-35.39%
1974-08-06,9.088,-37.16%
1974-08-05,8.949,-37.98%
1974-08-02,8.870,-38.63%
1974-08-01,8.460,-38.56%
1974-07-31,8.951,-38.96%
1974-07-30,9.211,-39.04%
1974-07-29,9.261,-38.90%
1974-07-26,9.428,-37.95%
1974-07-25,9.609,-36.64%
1974-07-24,9.724,-34.99%
1974-07-23,9.685,-34.87%
1974-07-22,9.589,-35.29%
1974-07-19,9.558,-35.14%
1974-07-18,9.586,-34.83%
1974-07-17,9.577,-34.50%
1974-07-16,9.475,-35.17%
1974-07-15,9.586,-33.42%
1974-07-12,9.514,-34.80%
1974-07-11,9.141,-37.53%
1974-07-10,9.152,-36.08%
1974-07-09,9.323,-34.01%
1974-07-08,9.278,-33.77%
1974-07-05,9.572,-32.00%
1974-07-03,9.640,-31.58%
1974-07-02,9.645,-32.23%
1974-07-01,8.950,-37.59%
1974-06-28,9.988,-32.36%
1974-06-27,10.024,-31.41%
1974-06-26,10.182,-30.12%
1974-06-25,10.334,-28.35%
1974-06-24,10.185,-30.36%
1974-06-21,10.158,-30.22%
1974-06-20,10.245,-30.45%
1974-06-19,10.318,-29.65%
1974-06-18,10.389,-28.90%
1974-06-17,10.458,-29.45%
1974-06-14,10.604,-29.34%
1974-06-13,10.725,-29.33%
1974-06-12,10.692,-30.00%
1974-06-11,10.718,-28.78%
1974-06-10,10.813,-28.37%
1974-06-07,10.749,-27.99%
1974-06-06,10.681,-27.40%
1974-06-05,10.489,-28.92%
1974-06-04,10.469,-27.91%
1974-06-03,10.348,-28.63%
1974-06-01,10.270,-29.17%
1974-05-31,10.137,-31.52%
1974-05-30,10.298,-32.52%
1974-05-29,10.234,-33.94%
1974-05-28,10.409,-33.07%
1974-05-24,10.433,-32.42%
1974-05-23,10.282,-31.44%
1974-05-22,10.258,-31.27%
1974-05-21,10.355,-30.05%
1974-05-20,10.349,-30.85%
1974-05-17,10.390,-31.69%
1974-05-16,10.568,-31.09%
1974-05-15,10.654,-30.62%
1974-05-14,10.682,-30.00%
1974-05-13,10.678,-31.49%
1974-05-10,10.774,-31.74%
1974-05-09,10.949,-31.20%
1974-05-08,10.794,-32.66%
1974-05-07,10.773,-32.36%
1974-05-06,10.733,-32.89%
1974-05-03,10.753,-32.29%
1974-05-02,10.847,-30.57%
1974-05-01,10.410,-31.15%
1974-04-30,10.637,-30.99%
1974-04-29,10.766,-31.73%
1974-04-26,10.787,-32.64%
1974-04-25,10.714,-32.75%
1974-04-24,10.801,-33.22%
1974-04-23,10.982,-33.07%
1974-04-22,11.170,-32.29%
1974-04-19,11.214,-32.02%
1974-04-18,11.337,-30.88%
1974-04-17,11.287,-30.82%
1974-04-16,11.203,-31.64%
1974-04-15,11.011,-33.19%
1974-04-11,11.019,-33.50%
1974-04-10,11.053,-33.02%
1974-04-09,11.078,-32.05%
1974-04-08,11.008,-31.50%
1974-04-05,11.126,-30.28%
1974-04-04,11.283,-29.46%
1974-04-03,11.283,-29.77%
1974-04-02,11.166,-31.09%
1974-04-01,10.890,-31.47%
1974-03-29,11.337,-32.91%
1974-03-28,11.438,-31.65%
1974-03-27,11.651,-30.34%
1974-03-26,11.815,-28.25%
1974-03-25,11.778,-27.85%
1974-03-22,11.733,-28.10%
1974-03-21,11.742,-29.12%
1974-03-20,11.770,-29.87%
1974-03-19,11.729,-30.26%
1974-03-18,11.828,-30.51%
1974-03-15,11.976,-30.00%
1974-03-14,12.021,-30.26%
1974-03-13,12.031,-29.90%
1974-03-12,11.960,-29.94%
1974-03-11,11.928,-30.08%
1974-03-08,11.795,-31.13%
1974-03-07,11.694,-31.85%
1974-03-06,11.819,-30.91%
1974-03-05,11.739,-30.51%
1974-03-04,11.524,-31.54%
1974-03-01,11.660,-29.46%
1974-02-28,11.607,-30.68%
1974-02-27,11.713,-30.82%
1974-02-26,11.665,-31.90%
1974-02-25,11.547,-33.16%
1974-02-22,11.591,-33.66%
1974-02-21,11.508,-34.28%
1974-02-20,11.354,-35.55%
1974-02-19,11.193,-36.24%
1974-02-15,11.211,-35.84%
1974-02-14,11.051,-37.11%
1974-02-13,11.055,-37.99%
1974-02-12,11.050,-37.64%
1974-02-11,11.016,-37.08%
1974-02-08,11.219,-35.06%
1974-02-07,11.337,-34.67%
1974-02-06,11.332,-35.15%
1974-02-05,11.300,-35.21%
1974-02-04,11.335,-35.07%
1974-02-01,11.270,-34.17%
1974-01-31,11.734,-33.76%
1974-01-30,11.895,-34.07%
1974-01-29,11.766,-34.89%
1974-01-28,11.776,-35.08%
1974-01-25,11.842,-34.87%
1974-01-24,11.865,-34.74%
1974-01-23,11.896,-35.40%
1974-01-22,11.832,-35.74%
1974-01-21,11.691,-36.81%
1974-01-18,11.711,-36.74%
1974-01-17,11.924,-35.50%
1974-01-16,11.724,-36.29%
1974-01-15,11.548,-37.41%
1974-01-14,11.449,-38.39%
1974-01-11,11.478,-38.72%
1974-01-10,11.322,-39.14%
1974-01-09,11.449,-38.61%
1974-01-08,11.779,-36.90%
1974-01-07,12.018,-35.63%
1974-01-04,12.120,-34.83%
1974-01-03,12.230,-34.34%
1974-01-02,11.971,-35.47%
1974-01-01,11.680,-35.40%
1973-12-31,11.955,-35.89%
1973-12-28,12.193,-33.99%
1973-12-27,12.218,-33.86%
1973-12-26,11.968,-34.86%
1973-12-24,11.613,-36.54%
1973-12-21,11.693,-35.70%
1973-12-20,11.819,-35.48%
1973-12-19,11.853,-35.51%
1973-12-18,11.843,-35.87%
1973-12-17,11.594,-37.94%
1973-12-14,11.661,-37.57%
1973-12-13,11.548,-38.34%
1973-12-12,11.696,-37.61%
1973-12-11,12.005,-36.20%
1973-12-10,12.244,-34.79%
1973-12-07,12.064,-35.61%
1973-12-06,11.803,-36.69%
1973-12-05,11.520,-37.98%
1973-12-04,11.699,-37.12%
1973-12-03,11.738,-35.86%
1973-12-01,11.620,-36.50%
1973-11-30,11.995,-34.92%
1973-11-29,12.396,-33.72%
1973-11-28,12.439,-33.46%
1973-11-27,12.191,-34.93%
1973-11-26,12.303,-34.64%
1973-11-23,12.668,-32.49%
1973-11-21,12.708,-31.87%
1973-11-20,12.568,-32.23%
1973-11-19,12.829,-30.80%
1973-11-16,13.233,-28.39%
1973-11-15,13.048,-29.01%
1973-11-14,13.051,-29.27%
1973-11-13,13.294,-27.29%
1973-11-12,13.304,-27.12%
1973-11-09,13.414,-26.37%
1973-11-08,13.633,-25.07%
1973-11-07,13.478,-26.33%
1973-11-06,13.371,-26.91%
1973-11-05,13.442,-26.68%
1973-11-02,13.639,-24.96%
1973-11-01,12.750,-29.87%
1973-10-31,13.795,-22.98%
1973-10-30,14.217,-21.06%
1973-10-29,14.454,-19.77%
1973-10-26,14.484,-19.88%
1973-10-25,14.369,-20.32%
1973-10-24,14.339,-20.55%
1973-10-23,14.272,-20.59%
1973-10-22,14.195,-20.22%
1973-10-19,14.333,-18.55%
1973-10-18,14.306,-18.81%
1973-10-17,14.300,-18.32%
1973-10-16,14.329,-17.60%
1973-10-15,14.311,-18.58%
1973-10-12,14.492,-18.06%
1973-10-11,14.446,-19.00%
1973-10-10,14.203,-20.72%
1973-10-09,14.321,-19.99%
1973-10-08,14.334,-19.71%
1973-10-05,14.285,-19.45%
1973-10-04,14.098,-21.37%
1973-10-03,14.146,-21.25%
1973-10-02,14.147,-21.15%
1973-10-01,13.990,-20.47%
1973-09-28,14.381,-20.77%
1973-09-27,14.467,-19.79%
1973-09-26,14.434,-18.87%
1973-09-25,14.330,-19.36%
1973-09-24,14.239,-20.23%
1973-09-21,14.218,-20.28%
1973-09-20,14.159,-20.73%
1973-09-19,14.042,-21.35%
1973-09-18,13.763,-22.95%
1973-09-17,13.813,-22.82%
1973-09-14,13.851,-22.69%
1973-09-13,13.708,-23.47%
1973-09-12,13.668,-23.39%
1973-09-11,13.690,-24.00%
1973-09-10,13.773,-23.98%
1973-09-07,13.894,-23.41%
1973-09-06,13.946,-23.30%
1973-09-05,13.878,-24.14%
1973-09-04,13.861,-22.22%
1973-09-01,13.730,-22.95%
1973-08-31,13.826,-24.33%
1973-08-30,14.076,-23.24%
1973-08-29,14.096,-23.01%
1973-08-28,13.959,-23.64%
1973-08-27,13.878,-24.38%
1973-08-24,13.770,-25.21%
1973-08-23,13.809,-25.83%
1973-08-22,13.622,-26.93%
1973-08-21,13.671,-26.21%
1973-08-20,13.768,-25.71%
1973-08-17,13.863,-24.92%
1973-08-16,13.860,-25.15%
1973-08-15,13.958,-24.89%
1973-08-14,13.917,-25.44%
1973-08-13,14.053,-24.31%
1973-08-10,14.196,-22.91%
1973-08-09,14.310,-22.16%
1973-08-08,14.302,-22.09%
1973-08-07,14.438,-21.29%
1973-08-06,14.462,-21.03%
1973-08-03,14.430,-21.00%
1973-08-02,14.454,-20.25%
1973-08-01,13.770,-24.59%
1973-07-31,14.664,-17.66%
1973-07-30,15.111,-15.99%
1973-07-27,15.158,-15.65%
1973-07-26,15.194,-15.65%
1973-07-25,15.165,-15.86%
1973-07-24,14.957,-17.26%
1973-07-23,14.871,-16.76%
1973-07-20,14.819,-16.39%
1973-07-19,14.737,-17.11%
1973-07-18,14.710,-17.02%
1973-07-17,14.622,-17.55%
1973-07-16,14.615,-18.30%
1973-07-13,14.397,-19.13%
1973-07-12,14.592,-18.50%
1973-07-11,14.633,-18.60%
1973-07-10,14.318,-20.93%
1973-07-09,14.127,-22.40%
1973-07-06,14.008,-23.31%
1973-07-05,14.077,-22.26%
1973-07-03,14.090,-21.74%
1973-07-02,14.232,-19.96%
1973-07-01,14.340,-19.35%
1973-06-29,14.705,-18.50%
1973-06-28,14.766,-18.32%
1973-06-27,14.615,-19.42%
1973-06-26,14.570,-19.75%
1973-06-25,14.422,-21.14%
1973-06-22,14.626,-20.33%
1973-06-21,14.557,-20.79%
1973-06-20,14.731,-19.67%
1973-06-19,14.667,-19.69%
1973-06-18,14.612,-20.17%
1973-06-15,14.824,-19.07%
1973-06-14,15.007,-18.03%
1973-06-13,15.176,-16.46%
1973-06-12,15.274,-15.50%
1973-06-11,15.049,-16.63%
1973-06-08,15.096,-16.70%
1973-06-07,14.928,-17.91%
1973-06-06,14.712,-19.51%
1973-06-05,14.756,-19.73%
1973-06-04,14.523,-21.65%
1973-06-01,14.500,-19.85%
1973-05-31,14.803,-19.99%
1973-05-30,15.261,-18.96%
1973-05-29,15.491,-17.97%
1973-05-25,15.553,-17.49%
1973-05-24,15.438,-17.99%
1973-05-23,14.996,-19.95%
1973-05-22,14.925,-20.26%
1973-05-21,14.803,-20.40%
1973-05-18,14.965,-18.76%
1973-05-17,15.210,-16.62%
1973-05-16,15.336,-15.74%
1973-05-15,15.356,-15.79%
1973-05-14,15.259,-15.95%
1973-05-11,15.586,-13.65%
1973-05-10,15.784,-12.26%
1973-05-09,15.914,-10.97%
1973-05-08,16.030,-11.50%
1973-05-07,15.927,-12.47%
1973-05-04,15.994,-11.79%
1973-05-03,15.882,-12.19%
1973-05-02,15.624,-13.69%
1973-05-01,15.120,-16.88%
1973-04-30,15.414,-16.82%
1973-04-27,15.769,-14.42%
1973-04-26,16.013,-12.96%
1973-04-25,15.932,-13.59%
1973-04-24,16.175,-13.14%
1973-04-23,16.407,-12.46%
1973-04-19,16.496,-12.23%
1973-04-18,16.403,-13.18%
1973-04-17,16.315,-13.44%
1973-04-16,16.388,-13.31%
1973-04-13,16.482,-12.87%
1973-04-12,16.556,-12.70%
1973-04-11,16.571,-12.29%
1973-04-10,16.501,-12.41%
1973-04-09,16.303,-13.59%
1973-04-06,16.071,-14.67%
1973-04-05,15.959,-14.94%
1973-04-04,15.996,-14.04%
1973-04-03,16.065,-13.16%
1973-04-02,16.203,-12.75%
1973-04-01,15.890,-14.43%
1973-03-30,16.720,-10.01%
1973-03-29,16.898,-8.44%
1973-03-28,16.735,-9.90%
1973-03-27,16.726,-10.06%
1973-03-26,16.468,-11.62%
1973-03-23,16.324,-12.58%
1973-03-22,16.318,-11.87%
1973-03-21,16.565,-10.41%
1973-03-20,16.784,-9.99%
1973-03-19,16.817,-10.09%
1973-03-16,17.022,-8.64%
1973-03-15,17.109,-8.38%
1973-03-14,17.238,-7.57%
1973-03-13,17.163,-7.73%
1973-03-12,17.070,-9.12%
1973-03-09,17.060,-9.64%
1973-03-08,17.126,-9.31%
1973-03-07,17.159,-9.06%
1973-03-06,17.106,-9.26%
1973-03-05,16.894,-9.69%
1973-03-02,16.834,-9.49%
1973-03-01,16.530,-10.84%
1973-02-28,16.744,-9.49%
1973-02-27,16.931,-8.47%
1973-02-26,17.128,-7.41%
1973-02-23,17.276,-5.90%
1973-02-22,17.472,-4.75%
1973-02-21,17.510,-4.53%
1973-02-20,17.618,-3.94%
1973-02-16,17.554,-4.60%
1973-02-15,17.473,-4.51%
1973-02-14,17.573,-3.56%
1973-02-13,17.829,-2.61%
1973-02-12,17.719,-3.21%
1973-02-09,17.508,-4.79%
1973-02-08,17.276,-5.32%
1973-02-07,17.353,-4.72%
1973-02-06,17.473,-4.35%
1973-02-05,17.440,-4.53%
1973-02-02,17.458,-4.27%
1973-02-01,17.120,-6.09%
1973-01-31,17.715,-2.17%
1973-01-30,18.042,-1.27%
1973-01-29,18.070,-1.12%
1973-01-26,18.139,+0.87%
1973-01-24,18.182,+1.04%
1973-01-23,18.414,+1.26%
1973-01-22,18.413,+1.26%
1973-01-19,18.502,+1.52%
1973-01-18,18.512,+1.41%
1973-01-17,18.486,+1.61%
1973-01-16,18.402,+1.45%
1973-01-15,18.449,+1.71%
1973-01-12,18.583,+2.25%
1973-01-11,18.729,+3.00%
1973-01-10,18.603,+2.63%
1973-01-09,18.650,+2.74%
1973-01-08,18.668,+2.84%
1973-01-05,18.671,+3.26%
1973-01-04,18.598,+3.84%
1973-01-03,18.625,+4.42%
1973-01-02,18.551,+3.06%
1973-01-01,18.080,+0.44%
1972-12-29,18.649,+2.36%
1972-12-27,18.472,+2.65%
1972-12-26,18.373,+2.32%
1972-12-22,18.299,+1.46%
1972-12-21,18.185,+0.21%
1972-12-20,18.318,+1.19%
1972-12-19,18.379,+2.84%
1972-12-18,18.468,+3.33%
1972-12-15,18.682,+6.36%
1972-12-14,18.679,+7.29%
1972-12-13,18.730,+7.32%
1972-12-12,18.746,+7.65%
1972-12-11,18.818,+8.06%
1972-12-08,18.777,+8.69%
1972-12-07,18.736,+8.51%
1972-12-06,18.643,+8.37%
1972-12-05,18.575,+7.36%
1972-12-04,18.605,+7.54%
1972-12-01,18.300,+5.17%
1972-11-30,18.431,+10.01%
1972-11-29,18.703,+10.52%
1972-11-28,18.695,+12.24%
1972-11-27,18.735,+12.48%
1972-11-24,18.823,+15.03%
1972-11-22,18.764,+14.09%
1972-11-21,18.653,+12.39%
1972-11-20,18.544,+11.74%
1972-11-17,18.538,+10.21%
1972-11-16,18.480,+10.03%
1972-11-15,18.379,+10.50%
1972-11-14,18.451,+10.56%
1972-11-13,18.283,+9.56%
1972-11-10,18.255,+7.88%
1972-11-09,18.218,+6.46%
1972-11-08,18.194,+6.40%
1972-11-06,18.295,+6.91%
1972-11-03,18.334,+6.63%
1972-11-02,18.175,+7.67%
1972-11-01,18.180,+9.92%
1972-10-31,17.910,+3.20%
1972-10-30,18.011,+3.79%
1972-10-27,18.016,+4.30%
1972-10-26,18.077,+3.60%
1972-10-25,18.033,+2.96%
1972-10-24,18.047,+2.60%
1972-10-23,17.972,+2.18%
1972-10-20,17.792,+1.00%
1972-10-19,17.598,-1.49%
1972-10-18,17.621,-1.71%
1972-10-17,17.508,-2.78%
1972-10-16,17.389,-3.44%
1972-10-13,17.577,-3.62%
1972-10-12,17.687,-3.54%
1972-10-11,17.834,-2.34%
1972-10-10,17.914,-2.10%
1972-10-09,17.899,-2.18%
1972-10-06,17.853,-2.88%
1972-10-05,17.735,-2.83%
1972-10-04,17.930,-1.87%
1972-10-03,17.964,+1.89%
1972-10-02,17.941,+1.76%
1972-10-01,17.590,-0.23%
1972-09-29,18.183,+0.11%
1972-09-28,18.150,-0.06%
1972-09-27,18.036,-0.41%
1972-09-26,17.791,-2.30%
1972-09-25,17.771,-2.41%
1972-09-22,17.849,-2.30%
1972-09-21,17.834,-3.23%
1972-09-20,17.862,-3.42%
1972-09-19,17.854,-3.73%
1972-09-18,17.863,-3.68%
1972-09-15,17.896,-3.32%
1972-09-14,17.916,-2.79%
1972-09-13,17.911,-3.53%
1972-09-12,17.840,-4.25%
1972-09-11,18.012,-3.32%
1972-09-08,18.117,-3.64%
1972-09-07,18.140,-3.34%
1972-09-06,18.183,-2.67%
1972-09-05,18.294,-2.07%
1972-09-01,17.820,-2.68%
1972-08-31,18.271,-0.56%
1972-08-30,18.337,-1.24%
1972-08-29,18.310,-2.33%
1972-08-28,18.280,-2.49%
1972-08-25,18.353,-2.03%
1972-08-24,18.411,-1.71%
1972-08-23,18.617,+0.45%
1972-08-22,18.642,+1.62%
1972-08-21,18.527,+0.99%
1972-08-18,18.534,+0.75%
1972-08-17,18.464,-1.02%
1972-08-16,18.517,+0.50%
1972-08-15,18.584,+4.09%
1972-08-14,18.665,+4.55%
1972-08-11,18.566,+5.13%
1972-08-10,18.416,+5.53%
1972-08-09,18.385,+5.36%
1972-08-08,18.357,+4.40%
1972-08-07,18.343,+4.32%
1972-08-04,18.313,+4.54%
1972-08-03,18.265,+3.59%
1972-08-02,18.124,+1.23%
1972-08-01,18.260,+1.22%
1972-07-31,17.809,-0.87%
1972-07-28,17.987,-1.42%
1972-07-27,17.970,-2.23%
1972-07-26,18.012,-2.88%
1972-07-25,18.023,-3.09%
1972-07-24,18.077,-2.80%
1972-07-21,17.866,-4.27%
1972-07-20,17.724,-5.06%
1972-07-19,17.779,-4.39%
1972-07-18,17.727,-4.85%
1972-07-17,17.735,-4.80%
1972-07-14,17.889,-4.08%
1972-07-13,17.802,-4.82%
1972-07-12,17.905,-5.52%
1972-07-11,17.977,-5.02%
1972-07-10,18.109,-4.32%
1972-07-07,18.206,-3.19%
1972-07-06,18.265,-2.60%
1972-07-05,18.107,-3.46%
1972-07-03,18.005,-4.00%
1972-07-01,17.780,-3.74%
1972-06-30,17.946,-4.24%
1972-06-29,18.044,-3.41%
1972-06-28,18.078,-2.15%
1972-06-27,18.137,-2.09%
1972-06-26,18.155,-1.99%
1972-06-23,18.289,-1.69%
1972-06-22,18.358,-0.49%
1972-06-21,18.377,-0.67%
1972-06-20,18.338,-1.98%
1972-06-19,18.262,-2.39%
1972-06-16,18.304,-3.67%
1972-06-15,18.318,-3.41%
1972-06-14,18.309,-3.36%
1972-06-13,18.167,-4.91%
1972-06-12,18.076,-5.39%
1972-06-09,18.051,-4.78%
1972-06-08,18.122,-4.44%
1972-06-07,18.184,-4.89%
1972-06-06,18.279,-4.54%
1972-06-05,18.382,-4.01%
1972-06-02,18.535,-2.88%
1972-06-01,18.090,-3.47%
1972-05-31,18.502,-2.50%
1972-05-30,18.831,-0.77%
1972-05-26,18.884,-0.45%
1972-05-25,18.850,-0.51%
1972-05-24,18.824,-1.30%
1972-05-23,18.734,-2.61%
1972-05-22,18.718,-2.69%
1972-05-19,18.597,-3.40%
1972-05-18,18.420,-4.09%
1972-05-17,18.241,-4.89%
1972-05-16,18.201,-6.51%
1972-05-15,18.235,-6.34%
1972-05-12,18.154,-7.38%
1972-05-11,18.049,-7.66%
1972-05-10,17.990,-7.73%
1972-05-09,17.874,-8.78%
1972-05-08,18.113,-7.56%
1972-05-05,18.196,-7.95%
1972-05-04,18.131,-8.29%
1972-05-03,18.087,-8.07%
1972-05-02,18.102,-5.77%
1972-05-01,18.190,-5.31%
1972-04-28,18.532,-7.67%
1972-04-27,18.425,-7.87%
1972-04-26,18.398,-7.60%
1972-04-25,18.437,-7.51%
1972-04-24,18.621,-6.58%
1972-04-21,18.742,-5.35%
1972-04-20,18.768,-5.45%
1972-04-19,18.795,-5.67%
1972-04-18,18.893,-4.71%
1972-04-17,18.849,-4.93%
1972-04-14,18.905,-4.53%
1972-04-13,18.917,-4.11%
1972-04-12,18.964,-3.78%
1972-04-11,18.892,-3.41%
1972-04-10,18.838,-3.69%
1972-04-07,18.867,-3.42%
1972-04-06,18.833,-3.15%
1972-04-05,18.761,-2.83%
1972-04-04,18.609,-3.40%
1972-04-03,18.499,-3.97%
1972-04-01,18.570,-5.35%
1972-03-30,18.579,-3.83%
1972-03-29,18.456,-4.24%
1972-03-28,18.574,-3.55%
1972-03-27,18.596,-3.44%
1972-03-24,18.634,-2.92%
1972-03-23,18.674,-3.35%
1972-03-22,18.516,-4.49%
1972-03-21,18.490,-4.99%
1972-03-20,18.646,-4.19%
1972-03-17,18.704,-4.00%
1972-03-16,18.631,-4.46%
1972-03-15,18.674,-3.77%
1972-03-14,18.650,-2.79%
1972-03-13,18.601,-3.04%
1972-03-10,18.782,-1.83%
1972-03-09,18.880,-1.48%
1972-03-08,18.884,-1.38%
1972-03-07,18.868,-1.04%
1972-03-06,18.851,-1.13%
1972-03-03,18.707,+0.14%
1972-03-02,18.600,-0.46%
1972-03-01,18.540,-2.83%
1972-02-29,18.470,-3.20%
1972-02-28,18.500,-1.33%
1972-02-25,18.498,-1.52%
1972-02-24,18.371,-2.00%
1972-02-23,18.359,-1.41%
1972-02-22,18.343,-1.12%
1972-02-18,18.341,-2.99%
1972-02-17,18.395,-3.34%
1972-02-16,18.401,-3.76%
1972-02-15,18.298,-4.08%
1972-02-14,18.221,-4.48%
1972-02-11,18.307,-3.52%
1972-02-10,18.395,-2.54%
1972-02-09,18.389,-2.69%
1972-02-08,18.247,-3.38%
1972-02-07,18.213,-3.04%
1972-02-04,18.268,-2.44%
1972-02-03,18.230,-2.65%
1972-02-02,18.237,-2.41%
1972-02-01,18.230,-2.57%
1972-01-31,18.108,-3.11%
1972-01-28,18.274,-1.54%
1972-01-27,18.158,-1.83%
1972-01-26,17.982,-3.50%
1972-01-25,18.032,-2.91%
1972-01-24,17.995,-2.70%
1972-01-21,18.184,-0.96%
1972-01-20,18.225,-0.31%
1972-01-19,18.225,-0.28%
1972-01-18,18.254,+0.25%
1972-01-17,18.193,+0.32%
1972-01-14,18.139,+0.27%
1972-01-13,18.068,+0.14%
1972-01-12,18.174,+0.55%
1972-01-11,18.184,+1.42%
1972-01-10,18.126,+0.86%
1972-01-07,18.153,+0.81%
1972-01-06,18.160,+0.88%
1972-01-05,18.082,+1.04%
1972-01-04,17.911,+0.80%
1972-01-03,17.837,-1.56%
1972-01-01,18.000,-0.66%
1971-12-31,17.911,-0.29%
1971-12-30,18.143,+2.44%
1971-12-29,18.219,+3.08%
1971-12-28,18.173,+3.94%
1971-12-27,17.995,+3.47%
1971-12-23,17.957,+3.83%
1971-12-22,18.036,+4.36%
1971-12-21,18.146,+5.11%
1971-12-20,18.102,+4.53%
1971-12-17,17.872,+3.41%
1971-12-16,17.779,+3.24%
1971-12-15,17.565,+2.07%
1971-12-14,17.410,+1.01%
1971-12-13,17.453,+0.74%
1971-12-10,17.414,+0.90%
1971-12-09,17.283,+0.56%
1971-12-08,17.276,+0.60%
1971-12-07,17.267,+0.02%
1971-12-06,17.203,+0.19%
1971-12-03,17.301,+1.39%
1971-12-02,17.084,+0.59%
1971-12-01,17.400,-0.85%
1971-11-30,16.754,+0.10%
1971-11-29,16.922,+3.98%
1971-11-26,16.656,+3.35%
1971-11-24,16.364,+1.91%
1971-11-23,16.333,+2.37%
1971-11-22,16.447,+3.73%
1971-11-19,16.596,+5.69%
1971-11-18,16.690,+6.44%
1971-11-17,16.821,+6.57%
1971-11-16,16.795,+6.53%
1971-11-15,16.632,+5.33%
1971-11-12,16.688,+4.71%
1971-11-11,16.688,+3.63%
1971-11-10,16.922,+5.37%
1971-11-09,17.112,+6.71%
1971-11-08,17.100,+7.20%
1971-11-05,17.112,+7.43%
1971-11-04,17.172,+7.44%
1971-11-03,17.194,+7.79%
1971-11-02,16.880,+6.73%
1971-11-01,16.540,+2.22%
1971-10-29,17.354,+11.59%
1971-10-28,17.304,+11.17%
1971-10-27,17.273,+11.39%
1971-10-26,17.448,+12.26%
1971-10-25,17.514,+12.06%
1971-10-22,17.589,+13.07%
1971-10-21,17.606,+12.80%
1971-10-20,17.615,+12.89%
1971-10-19,17.864,+15.16%
1971-10-18,17.928,+14.02%
1971-10-15,18.009,+14.03%
1971-10-14,18.072,+15.06%
1971-10-13,18.238,+16.29%
1971-10-12,18.337,+16.77%
1971-10-11,18.262,+15.05%
1971-10-08,18.298,+14.11%
1971-10-07,18.420,+13.63%
1971-10-06,18.383,+13.45%
1971-10-05,18.252,+13.14%
1971-10-04,18.271,+15.00%
1971-10-01,17.630,+10.33%
1971-09-30,18.110,+15.27%
1971-09-29,18.163,+16.56%
1971-09-28,18.160,+17.15%
1971-09-27,18.111,+16.69%
1971-09-24,18.210,+17.41%
1971-09-23,18.252,+19.21%
1971-09-22,18.269,+21.03%
1971-09-21,18.430,+21.73%
1971-09-20,18.494,+21.10%
1971-09-17,18.545,+21.92%
1971-09-16,18.490,+22.30%
1971-09-15,18.510,+23.08%
1971-09-14,18.430,+21.49%
1971-09-13,18.566,+21.72%
1971-09-10,18.631,+22.47%
1971-09-09,18.701,+22.20%
1971-09-08,18.801,+22.49%
1971-09-07,18.766,+22.57%
1971-09-03,18.681,+23.11%
1971-09-02,18.421,+23.09%
1971-09-01,18.310,+18.82%
1971-08-31,18.373,+21.93%
1971-08-30,18.567,+24.07%
1971-08-27,18.746,+26.47%
1971-08-26,18.701,+25.97%
1971-08-25,18.733,+26.32%
1971-08-24,18.731,+26.51%
1971-08-23,18.534,+27.94%
1971-08-20,18.345,+29.24%
1971-08-19,18.313,+30.17%
1971-08-18,18.396,+32.05%
1971-08-17,18.655,+35.47%
1971-08-16,18.425,+34.06%
1971-08-13,17.853,+30.63%
1971-08-12,17.910,+29.90%
1971-08-11,17.660,+27.41%
1971-08-10,17.451,+25.27%
1971-08-09,17.450,+23.51%
1971-08-06,17.584,+24.79%
1971-08-05,17.554,+24.41%
1971-08-04,17.517,+24.13%
1971-08-03,17.632,+25.23%
1971-08-02,17.903,+24.33%
1971-08-01,18.040,+25.28%
1971-07-30,17.966,+27.03%
1971-07-29,18.049,+27.66%
1971-07-28,18.246,+29.51%
1971-07-27,18.380,+30.66%
1971-07-26,18.547,+31.56%
1971-07-23,18.598,+31.62%
1971-07-22,18.630,+33.50%
1971-07-21,18.662,+33.82%
1971-07-20,18.669,+32.59%
1971-07-19,18.596,+32.13%
1971-07-16,18.630,+34.71%
1971-07-15,18.662,+36.93%
1971-07-14,18.650,+38.33%
1971-07-13,18.703,+38.61%
1971-07-12,18.951,+40.28%
1971-07-09,18.927,+41.07%
1971-07-08,18.861,+42.62%
1971-07-07,18.805,+45.73%
1971-07-06,18.752,+44.20%
1971-07-02,18.756,+41.98%
1971-07-01,18.470,+33.45%
1971-06-30,18.741,+42.26%
1971-06-29,18.681,+42.49%
1971-06-28,18.476,+39.82%
1971-06-25,18.524,+39.14%
1971-06-24,18.558,+39.49%
1971-06-23,18.603,+38.35%
1971-06-22,18.448,+33.84%
1971-06-21,18.501,+33.50%
1971-06-18,18.709,+35.96%
1971-06-17,18.998,+38.99%
1971-06-16,19.002,+38.74%
1971-06-15,18.964,+41.76%
1971-06-14,18.945,+41.94%
1971-06-11,19.106,+42.69%
1971-06-10,19.025,+40.14%
1971-06-09,18.958,+38.24%
1971-06-08,18.964,+38.74%
1971-06-07,19.119,+39.55%
1971-06-04,19.149,+37.62%
1971-06-03,19.095,+35.21%
1971-06-02,19.085,+36.32%
1971-06-01,18.740,+36.89%
1971-05-28,18.977,+42.18%
1971-05-27,18.933,+45.44%
1971-05-26,18.970,+53.05%
1971-05-25,18.947,+50.77%
1971-05-24,19.072,+47.56%
1971-05-21,19.236,+49.01%
1971-05-20,19.297,+46.72%
1971-05-19,19.251,+42.61%
1971-05-18,19.206,+39.51%
1971-05-17,19.179,+39.41%
1971-05-14,19.469,+44.26%
1971-05-13,19.560,+42.87%
1971-05-12,19.600,+40.73%
1971-05-11,19.547,+39.02%
1971-05-10,19.497,+37.20%
1971-05-07,19.594,+37.20%
1971-05-06,19.663,+38.32%
1971-05-05,19.768,+40.59%
1971-05-04,19.770,+39.90%
1971-05-03,19.674,+43.82%
1971-05-01,19.210,+40.42%
1971-04-30,19.800,+35.77%
1971-04-29,20.044,+37.94%
1971-04-28,20.071,+40.77%
1971-04-27,19.998,+38.21%
1971-04-26,19.912,+35.44%
1971-04-23,19.933,+35.14%
1971-04-22,19.839,+32.54%
1971-04-21,19.801,+30.57%
1971-04-20,19.849,+30.20%
1971-04-19,19.925,+30.94%
1971-04-16,19.826,+29.97%
1971-04-15,19.831,+28.73%
1971-04-14,19.803,+28.32%
1971-04-13,19.728,+26.73%
1971-04-12,19.709,+25.75%
1971-04-08,19.559,+24.44%
1971-04-07,19.536,+24.25%
1971-04-06,19.446,+23.34%
1971-04-05,19.308,+21.61%
1971-04-02,19.264,+20.79%
1971-04-01,19.620,+27.57%
1971-03-31,19.216,+20.70%
1971-03-30,19.318,+22.42%
1971-03-29,19.274,+21.75%
1971-03-26,19.258,+21.65%
1971-03-25,19.193,+21.44%
1971-03-24,19.195,+23.93%
1971-03-23,19.322,+26.16%
1971-03-22,19.387,+26.49%
1971-03-19,19.462,+26.45%
1971-03-18,19.497,+26.51%
1971-03-17,19.484,+26.78%
1971-03-16,19.501,+27.45%
1971-03-15,19.405,+25.45%
1971-03-12,19.185,+23.37%
1971-03-11,19.150,+22.65%
1971-03-10,19.133,+22.45%
1971-03-09,19.164,+22.98%
1971-03-08,19.148,+21.61%
1971-03-05,19.067,+20.33%
1971-03-04,18.867,+19.02%
1971-03-03,18.680,+17.59%
1971-03-02,18.686,+18.31%
1971-03-01,19.080,+21.14%
1971-02-26,18.750,+20.85%
1971-02-25,18.783,+20.46%
1971-02-24,18.746,+22.08%
1971-02-23,18.622,+21.21%
1971-02-22,18.550,+20.74%
1971-02-19,18.748,+22.41%
1971-02-18,18.907,+23.90%
1971-02-17,19.031,+26.26%
1971-02-16,19.120,+26.70%
1971-02-12,19.076,+26.03%
1971-02-11,18.975,+25.06%
1971-02-10,18.874,+25.61%
1971-02-09,18.897,+24.45%
1971-02-08,18.886,+25.36%
1971-02-05,18.785,+25.31%
1971-02-04,18.725,+24.41%
1971-02-03,18.727,+23.67%
1971-02-02,18.688,+24.88%
1971-02-01,18.710,+21.89%
1971-01-29,18.690,+26.07%
1971-01-28,18.559,+23.59%
1971-01-27,18.497,+22.02%
1971-01-26,18.634,+22.16%
1971-01-25,18.573,+20.53%
1971-01-22,18.495,+18.85%
1971-01-21,18.361,+18.04%
1971-01-20,18.281,+17.62%
1971-01-19,18.277,+17.84%
1971-01-18,18.209,+15.76%
1971-01-15,18.135,+14.33%
1971-01-14,18.090,+14.09%
1971-01-13,18.043,+13.61%
1971-01-12,18.074,+13.92%
1971-01-11,17.930,+12.16%
1971-01-08,17.971,+12.07%
1971-01-07,18.008,+12.37%
1971-01-06,18.002,+12.10%
1971-01-05,17.895,+10.67%
1971-01-04,17.768,+10.43%
1971-01-01,18.120,+14.97%
1970-12-31,17.963,+12.78%
1970-12-30,17.710,+12.52%
1970-12-29,17.674,+12.72%
1970-12-28,17.484,+10.74%
1970-12-24,17.392,+11.01%
1970-12-23,17.294,+11.55%
1970-12-22,17.282,+11.04%
1970-12-21,17.263,+9.95%
1970-12-18,17.317,+11.23%
1970-12-17,17.282,+12.76%
1970-12-16,17.221,+11.71%
1970-12-15,17.209,+10.62%
1970-12-14,17.236,+10.47%
1970-12-11,17.324,+11.39%
1970-12-10,17.259,+11.02%
1970-12-09,17.186,+10.46%
1970-12-08,17.173,+10.28%
1970-12-07,17.263,+9.53%
1970-12-04,17.171,+8.68%
1970-12-03,17.063,+8.36%
1970-12-02,16.983,+6.68%
1970-12-01,17.550,+11.36%
1970-11-30,16.737,+4.37%
1970-11-27,16.275,+2.08%
1970-11-25,16.116,+1.44%
1970-11-24,16.057,+0.75%
1970-11-23,15.955,-1.04%
1970-11-20,15.856,-2.27%
1970-11-19,15.703,-4.21%
1970-11-18,15.680,-4.84%
1970-11-17,15.784,-4.22%
1970-11-16,15.765,-4.99%
1970-11-13,15.790,-5.18%
1970-11-12,15.938,-4.75%
1970-11-11,16.104,-3.94%
1970-11-10,16.059,-4.46%
1970-11-09,16.036,-4.53%
1970-11-06,15.951,-4.46%
1970-11-05,15.928,-4.57%
1970-11-04,15.983,-3.82%
1970-11-03,15.951,-3.95%
1970-11-02,15.816,-4.32%
1970-11-01,16.180,-2.12%
1970-10-30,15.532,-5.62%
1970-10-29,15.552,-5.38%
1970-10-28,15.565,-6.13%
1970-10-27,15.507,-6.74%
1970-10-26,15.543,-6.70%
1970-10-23,15.629,-5.55%
1970-10-22,15.556,-6.35%
1970-10-21,15.608,-5.42%
1970-10-20,15.604,-4.72%
1970-10-19,15.513,-5.08%
1970-10-16,15.724,-3.90%
1970-10-15,15.793,-2.82%
1970-10-14,15.707,-3.33%
1970-10-13,15.683,-2.30%
1970-10-12,15.703,-1.15%
1970-10-09,15.873,+0.49%
1970-10-08,16.035,+1.92%
1970-10-07,16.211,+2.57%
1970-10-06,16.203,+2.22%
1970-10-05,16.132,+1.96%
1970-10-02,15.888,+0.37%
1970-10-01,15.980,-2.14%
1970-09-30,15.711,-0.63%
1970-09-29,15.582,-2.08%
1970-09-28,15.501,-3.37%
1970-09-25,15.521,-3.86%
1970-09-24,15.510,-4.67%
1970-09-23,15.311,-6.02%
1970-09-22,15.094,-7.35%
1970-09-21,15.140,-6.64%
1970-09-18,15.272,-5.54%
1970-09-17,15.211,-5.64%
1970-09-16,15.118,-6.53%
1970-09-15,15.039,-6.95%
1970-09-14,15.170,-5.62%
1970-09-11,15.253,-4.97%
1970-09-10,15.213,-5.95%
1970-09-09,15.303,-3.80%
1970-09-08,15.349,-2.81%
1970-09-04,15.311,-4.59%
1970-09-03,15.174,-6.22%
1970-09-02,14.965,-8.05%
1970-09-01,15.410,-3.99%
1970-08-31,15.068,-7.55%
1970-08-28,14.965,-7.58%
1970-08-27,14.823,-8.07%
1970-08-26,14.846,-7.74%
1970-08-25,14.830,-8.46%
1970-08-24,14.806,-9.55%
1970-08-21,14.486,-10.97%
1970-08-20,14.194,-12.51%
1970-08-19,14.069,-13.28%
1970-08-18,13.931,-13.68%
1970-08-17,13.771,-14.15%
1970-08-14,13.744,-13.71%
1970-08-13,13.667,-13.60%
1970-08-12,13.788,-12.77%
1970-08-11,13.861,-13.00%
1970-08-10,13.931,-13.10%
1970-08-07,14.128,-11.91%
1970-08-06,14.091,-12.08%
1970-08-05,14.110,-11.48%
1970-08-04,14.112,-11.07%
1970-08-03,14.080,-12.22%
1970-08-01,14.400,-10.22%
1970-07-31,14.269,-8.95%
1970-07-30,14.143,-8.16%
1970-07-29,14.138,-7.73%
1970-07-28,14.089,-8.79%
1970-07-27,14.067,-10.67%
1970-07-24,14.098,-11.28%
1970-07-23,14.130,-11.38%
1970-07-22,13.955,-12.86%
1970-07-21,13.946,-14.23%
1970-07-20,14.080,-13.40%
1970-07-17,14.074,-14.17%
1970-07-16,13.830,-15.14%
1970-07-15,13.629,-15.54%
1970-07-14,13.482,-16.73%
1970-07-13,13.493,-17.72%
1970-07-10,13.509,-17.29%
1970-07-09,13.417,-19.12%
1970-07-08,13.225,-20.89%
1970-07-07,12.904,-23.90%
1970-07-06,13.004,-23.76%
1970-07-02,13.210,-22.03%
1970-07-01,13.840,-14.36%
1970-06-30,13.174,-21.26%
1970-06-29,13.110,-21.47%
1970-06-26,13.214,-20.78%
1970-06-25,13.313,-19.99%
1970-06-24,13.304,-20.30%
1970-06-23,13.446,-18.54%
1970-06-22,13.784,-16.87%
1970-06-19,13.858,-16.91%
1970-06-18,13.761,-17.98%
1970-06-17,13.669,-18.64%
1970-06-16,13.696,-18.79%
1970-06-15,13.378,-20.94%
1970-06-12,13.347,-20.81%
1970-06-11,13.390,-21.58%
1970-06-10,13.576,-21.18%
1970-06-09,13.714,-20.99%
1970-06-08,13.669,-21.96%
1970-06-05,13.700,-22.27%
1970-06-04,13.914,-20.93%
1970-06-03,14.122,-19.78%
1970-06-02,14.000,-20.71%
1970-06-01,13.690,-19.38%
1970-05-29,13.694,-22.83%
1970-05-28,13.347,-24.64%
1970-05-27,13.018,-26.72%
1970-05-26,12.395,-30.76%
1970-05-25,12.567,-29.95%
1970-05-22,12.925,-27.96%
1970-05-21,12.909,-27.96%
1970-05-20,13.152,-26.30%
1970-05-19,13.499,-25.03%
1970-05-18,13.767,-24.24%
1970-05-15,13.757,-24.23%
1970-05-14,13.496,-25.88%
1970-05-13,13.691,-24.23%
1970-05-12,13.927,-22.59%
1970-05-11,14.061,-21.97%
1970-05-08,14.211,-21.17%
1970-05-07,14.281,-20.46%
1970-05-06,14.216,-20.96%
1970-05-05,14.061,-21.46%
1970-05-04,14.132,-20.78%
1970-05-01,13.680,-23.75%
1970-04-30,14.583,-18.01%
1970-04-29,14.531,-17.73%
1970-04-28,14.258,-18.67%
1970-04-27,14.469,-17.22%
1970-04-24,14.702,-15.51%
1970-04-23,14.750,-14.84%
1970-04-22,14.968,-13.56%
1970-04-21,15.165,-12.23%
1970-04-20,15.245,-12.36%
1970-04-17,15.217,-12.12%
1970-04-16,15.254,-11.78%
1970-04-15,15.405,-11.69%
1970-04-14,15.433,-11.57%
1970-04-13,15.567,-10.87%
1970-04-10,15.673,-10.17%
1970-04-09,15.725,-9.40%
1970-04-08,15.718,-8.65%
1970-04-07,15.723,-8.39%
1970-04-06,15.766,-8.86%
1970-04-03,15.877,-8.22%
1970-04-02,15.948,-7.90%
1970-04-01,15.380,-11.51%
1970-03-31,15.920,-9.04%
1970-03-30,15.780,-9.84%
1970-03-26,15.831,-8.54%
1970-03-25,15.805,-8.02%
1970-03-24,15.489,-9.71%
1970-03-23,15.315,-10.85%
1970-03-20,15.327,-10.96%
1970-03-19,15.391,-10.02%
1970-03-18,15.412,-9.24%
1970-03-17,15.368,-9.28%
1970-03-16,15.301,-9.45%
1970-03-13,15.468,-8.82%
1970-03-12,15.551,-8.94%
1970-03-11,15.614,-8.82%
1970-03-10,15.625,-8.45%
1970-03-09,15.583,-8.38%
1970-03-06,15.746,-7.47%
1970-03-05,15.845,-7.83%
1970-03-04,15.852,-7.43%
1970-03-03,15.886,-6.34%
1970-03-02,15.794,-7.42%
1970-03-01,15.750,-7.68%
1970-02-27,15.620,-8.00%
1970-02-26,15.515,-8.91%
1970-02-25,15.593,-8.02%
1970-02-24,15.356,-9.98%
1970-02-20,15.363,-11.02%
1970-02-19,15.316,-12.04%
1970-02-18,15.260,-13.01%
1970-02-17,15.073,-14.95%
1970-02-16,15.091,-15.82%
1970-02-13,15.103,-15.83%
1970-02-12,15.136,-14.76%
1970-02-11,15.173,-15.39%
1970-02-10,15.026,-16.11%
1970-02-09,15.185,-15.22%
1970-02-06,15.066,-15.89%
1970-02-05,14.991,-16.04%
1970-02-04,15.051,-15.47%
1970-02-03,15.143,-14.93%
1970-02-02,14.965,-14.49%
1970-02-01,15.350,-12.29%
1970-01-30,14.709,-17.38%
1970-01-29,14.825,-16.70%
1970-01-28,15.016,-15.55%
1970-01-27,15.159,-14.73%
1970-01-26,15.254,-14.18%
1970-01-23,15.410,-13.34%
1970-01-22,15.562,-12.10%
1970-01-21,15.555,-11.84%
1970-01-20,15.542,-11.97%
1970-01-19,15.510,-12.44%
1970-01-16,15.730,-11.33%
1970-01-15,15.862,-10.09%
1970-01-14,15.856,-9.69%
1970-01-13,15.881,-8.89%
1970-01-12,15.865,-9.46%
1970-01-09,15.986,-9.03%
1970-01-08,16.035,-8.37%
1970-01-07,16.026,-8.80%
1970-01-06,16.059,-9.73%
1970-01-05,16.170,-10.44%
1970-01-02,16.090,-10.82%
1970-01-01,15.760,-10.71%
1969-12-31,15.927,-11.67%
1969-12-30,15.739,-13.12%
1969-12-29,15.679,-14.22%
1969-12-26,15.789,-13.96%
1969-12-24,15.667,-14.54%
1969-12-23,15.503,-15.57%
1969-12-22,15.564,-16.13%
1969-12-19,15.701,-15.89%
1969-12-18,15.569,-16.36%
1969-12-17,15.326,-17.66%
1969-12-16,15.416,-17.52%
1969-12-15,15.557,-17.14%
1969-12-12,15.603,-16.69%
1969-12-11,15.553,-17.02%
1969-12-10,15.546,-17.05%
1969-12-09,15.558,-17.20%
1969-12-08,15.572,-17.33%
1969-12-05,15.761,-16.12%
1969-12-04,15.799,-16.19%
1969-12-03,15.747,-16.47%
1969-12-02,15.919,-15.63%
1969-12-01,15.760,-14.76%
1969-11-28,16.036,-15.32%
1969-11-26,15.944,-15.42%
1969-11-25,15.887,-15.11%
1969-11-24,15.938,-14.69%
1969-11-21,16.123,-13.43%
1969-11-20,16.224,-13.03%
1969-11-19,16.393,-12.12%
1969-11-18,16.477,-11.49%
1969-11-17,16.480,-11.35%
1969-11-14,16.593,-10.25%
1969-11-13,16.653,-9.87%
1969-11-12,16.733,-9.00%
1969-11-11,16.764,-8.24%
1969-11-10,16.809,-7.99%
1969-11-07,16.797,-7.66%
1969-11-06,16.696,-8.01%
1969-11-05,16.691,-7.89%
1969-11-04,16.617,-8.29%
1969-11-03,16.607,-9.70%
1969-11-01,16.530,-10.11%
1969-10-31,16.622,-8.54%
1969-10-30,16.457,-9.83%
1969-10-29,16.436,-9.94%
1969-10-28,16.581,-9.67%
1969-10-27,16.628,-9.68%
1969-10-24,16.659,-9.20%
1969-10-23,16.547,-10.44%
1969-10-22,16.610,-10.09%
1969-10-21,16.503,-11.03%
1969-10-20,16.377,-11.57%
1969-10-17,16.343,-11.06%
1969-10-16,16.362,-10.55%
1969-10-15,16.251,-11.16%
1969-10-14,16.248,-10.99%
1969-10-13,16.053,-11.94%
1969-10-10,15.885,-12.95%
1969-10-09,15.795,-13.83%
1969-10-08,15.733,-14.16%
1969-10-07,15.805,-13.74%
1969-10-06,15.851,-13.49%
1969-10-03,15.822,-13.34%
1969-10-02,15.830,-13.21%
1969-10-01,16.330,-10.47%
1969-09-30,15.810,-12.84%
1969-09-29,15.913,-12.43%
1969-09-26,16.041,-11.77%
1969-09-25,16.145,-11.40%
1969-09-24,16.269,-10.72%
1969-09-23,16.291,-10.29%
1969-09-22,16.291,-9.78%
1969-09-19,16.216,-10.13%
1969-09-18,16.167,-10.32%
1969-09-17,16.121,-10.58%
1969-09-16,16.175,-10.05%
1969-09-15,16.162,-9.79%
1969-09-12,16.073,-9.98%
1969-09-11,16.051,-10.29%
1969-09-10,16.175,-9.60%
1969-09-09,15.908,-11.52%
1969-09-08,15.792,-12.14%
1969-09-05,15.952,-10.85%
1969-09-04,16.048,-9.67%
1969-09-03,16.181,-8.28%
1969-09-02,16.276,-9.07%
1969-09-01,16.050,-10.34%
1969-08-29,16.299,-7.56%
1969-08-28,16.193,-8.23%
1969-08-27,16.125,-8.61%
1969-08-26,16.092,-8.92%
1969-08-25,16.200,-8.07%
1969-08-22,16.369,-7.13%
1969-08-21,16.271,-7.92%
1969-08-20,16.224,-8.19%
1969-08-19,16.224,-8.23%
1969-08-18,16.138,-8.42%
1969-08-15,16.041,-8.41%
1969-08-14,15.928,-9.47%
1969-08-13,15.819,-10.09%
1969-08-12,15.807,-9.68%
1969-08-11,15.932,-8.03%
1969-08-08,16.031,-7.49%
1969-08-07,16.039,-7.64%
1969-08-06,16.027,-7.71%
1969-08-05,15.940,-7.83%
1969-08-04,15.869,-8.03%
1969-08-01,16.040,-7.97%
1969-07-31,15.671,-10.70%
1969-07-30,15.399,-12.25%
1969-07-29,15.322,-12.60%
1969-07-28,15.447,-12.51%
1969-07-25,15.747,-10.44%
1969-07-24,15.890,-10.79%
1969-07-23,15.945,-10.48%
1969-07-22,16.014,-10.20%
1969-07-18,16.259,-10.72%
1969-07-17,16.397,-10.20%
1969-07-16,16.298,-10.74%
1969-07-15,16.137,-12.10%
1969-07-14,16.190,-11.88%
1969-07-11,16.399,-10.79%
1969-07-10,16.332,-11.02%
1969-07-09,16.589,-9.62%
1969-07-08,16.717,-8.66%
1969-07-07,16.957,-6.40%
1969-07-03,17.057,-5.85%
1969-07-02,16.942,-5.39%
1969-07-01,16.160,-9.77%
1969-06-30,16.731,-7.09%
1969-06-27,16.695,-7.66%
1969-06-26,16.681,-7.83%
1969-06-25,16.640,-8.06%
1969-06-24,16.693,-8.05%
1969-06-23,16.506,-9.32%
1969-06-20,16.581,-8.77%
1969-06-19,16.679,-7.75%
1969-06-18,16.777,-7.21%
1969-06-17,16.801,-7.21%
1969-06-16,16.864,-7.79%
1969-06-13,16.921,-7.58%
1969-06-12,16.854,-8.32%
1969-06-11,17.075,-7.12%
1969-06-10,17.225,-6.07%
1969-06-09,17.358,-5.21%
1969-06-06,17.516,-3.76%
1969-06-05,17.626,-2.42%
1969-06-04,17.597,-3.06%
1969-06-03,17.604,-2.64%
1969-06-02,17.657,-2.12%
1969-06-01,16.980,-5.88%
1969-05-29,17.746,-0.69%
1969-05-28,17.712,-0.57%
1969-05-27,17.765,+0.37%
1969-05-26,17.901,+0.98%
1969-05-23,17.940,+1.38%
1969-05-22,17.942,+1.17%
1969-05-21,17.919,+1.31%
1969-05-20,17.846,+1.40%
1969-05-19,18.005,+1.83%
1969-05-16,18.172,+2.03%
1969-05-15,18.156,+1.45%
1969-05-14,18.209,+1.70%
1969-05-13,18.069,+0.84%
1969-05-12,17.991,+0.09%
1969-05-09,18.019,+0.36%
1969-05-08,18.027,-0.12%
1969-05-07,17.954,-0.52%
1969-05-06,17.986,+0.22%
1969-05-05,17.902,-0.57%
1969-05-02,17.839,-0.84%
1969-05-01,17.940,+1.36%
1969-04-30,17.786,-0.12%
1969-04-29,17.662,-1.41%
1969-04-28,17.531,-1.89%
1969-04-25,17.478,-1.90%
1969-04-24,17.400,-2.03%
1969-04-23,17.320,-2.34%
1969-04-22,17.316,-1.18%
1969-04-21,17.278,-1.94%
1969-04-18,17.395,-2.53%
1969-04-17,17.316,-2.70%
1969-04-16,17.290,-2.65%
1969-04-15,17.445,-1.75%
1969-04-14,17.452,-1.65%
1969-04-11,17.466,-1.57%
1969-04-10,17.448,-0.78%
1969-04-09,17.357,-0.56%
1969-04-08,17.206,-1.42%
1969-04-07,17.163,+0.08%
1969-04-03,17.299,+0.68%
1969-04-02,17.316,+1.69%
1969-04-01,17.380,-0.46%
1969-03-28,17.502,+5.52%
1969-03-27,17.431,+4.98%
1969-03-26,17.309,+5.10%
1969-03-25,17.183,+5.05%
1969-03-24,17.155,+4.77%
1969-03-21,17.178,+5.02%
1969-03-20,17.214,+4.47%
1969-03-19,17.105,+3.79%
1969-03-18,16.981,+2.35%
1969-03-17,16.940,+2.67%
1969-03-14,16.897,+3.31%
1969-03-13,16.964,+1.75%
1969-03-12,17.078,+2.21%
1969-03-11,17.124,+2.59%
1969-03-10,17.067,+3.52%
1969-03-07,17.009,+3.08%
1969-03-06,17.017,+2.95%
1969-03-05,17.191,+5.83%
1969-03-04,17.124,+5.18%
1969-03-03,16.962,+3.55%
1969-03-01,17.060,+4.15%
1969-02-28,16.919,+0.86%
1969-02-27,16.979,+0.72%
1969-02-26,17.033,+1.43%
1969-02-25,16.952,+0.15%
1969-02-24,17.059,+0.79%
1969-02-20,17.265,+2.08%
1969-02-19,17.413,+3.54%
1969-02-18,17.543,+4.72%
1969-02-17,17.723,+5.80%
1969-02-14,17.926,+6.79%
1969-02-13,17.943,+8.18%
1969-02-12,17.756,+6.11%
1969-02-11,17.933,+7.17%
1969-02-07,17.912,+4.49%
1969-02-06,17.913,+4.67%
1969-02-05,17.855,+4.37%
1969-02-04,17.806,+3.63%
1969-02-03,17.801,+3.60%
1969-02-01,17.500,+4.10%
1969-01-31,17.822,+3.76%
1969-01-30,17.804,+2.16%
1969-01-29,17.797,+1.62%
1969-01-28,17.780,+1.41%
1969-01-27,17.778,+1.40%
1969-01-24,17.774,+1.68%
1969-01-23,17.783,+1.20%
1969-01-22,17.705,+0.36%
1969-01-21,17.644,-1.26%
1969-01-20,17.655,-1.20%
1969-01-17,17.714,-1.28%
1969-01-16,17.740,-1.32%
1969-01-15,17.642,-2.48%
1969-01-14,17.557,-3.25%
1969-01-13,17.431,-3.94%
1969-01-10,17.523,-3.24%
1969-01-09,17.573,-2.94%
1969-01-08,17.500,-3.46%
1969-01-07,17.573,-2.37%
1969-01-06,17.790,-1.17%
1969-01-03,18.054,+0.58%
1969-01-02,18.043,+0.06%
1969-01-01,17.650,-0.28%
1968-12-31,18.031,-0.56%
1968-12-30,18.115,-0.10%
1968-12-27,18.279,+1.39%
1968-12-26,18.351,+2.49%
1968-12-24,18.332,+2.44%
1968-12-23,18.361,+2.60%
1968-12-20,18.558,+3.76%
1968-12-19,18.668,+4.95%
1968-12-17,18.614,+4.20%
1968-12-16,18.691,+4.64%
1968-12-13,18.775,+4.77%
1968-12-12,18.729,+4.87%
1968-12-10,18.742,+4.49%
1968-12-09,18.789,+4.76%
1968-12-06,18.836,+4.78%
1968-12-05,18.791,+4.98%
1968-12-03,18.852,+5.44%
1968-12-02,18.869,+5.53%
1968-12-01,18.490,+3.41%
1968-11-29,19.046,+7.05%
1968-11-27,18.938,+6.79%
1968-11-26,18.851,+6.60%
1968-11-25,18.714,+5.82%
1968-11-22,18.682,+5.93%
1968-11-21,18.624,+6.22%
1968-11-19,18.654,+6.72%
1968-11-18,18.615,+6.49%
1968-11-15,18.591,+7.58%
1968-11-14,18.489,+7.43%
1968-11-13,18.476,+6.67%
1968-11-12,18.387,+5.89%
1968-11-08,18.269,+6.44%
1968-11-07,18.190,+5.58%
1968-11-06,18.149,+5.35%
1968-11-04,18.120,+4.84%
1968-11-01,18.390,+5.57%
1968-10-31,18.174,+2.77%
1968-10-29,18.251,+1.86%
1968-10-28,18.357,+2.46%
1968-10-25,18.410,+3.23%
1968-10-24,18.346,+2.98%
1968-10-22,18.475,+2.66%
1968-10-21,18.549,+3.07%
1968-10-18,18.519,+3.04%
1968-10-17,18.376,+2.52%
1968-10-15,18.292,+0.99%
1968-10-14,18.254,+0.78%
1968-10-11,18.230,+0.26%
1968-10-10,18.249,-0.13%
1968-10-08,18.329,-0.12%
1968-10-07,18.322,-0.16%
1968-10-04,18.323,+0.71%
1968-10-03,18.258,+0.12%
1968-10-01,18.240,+1.22%
1968-09-30,18.140,-0.40%
1968-09-27,18.172,-0.31%
1968-09-26,18.181,-0.23%
1968-09-24,18.222,-0.25%
1968-09-23,18.160,-0.59%
1968-09-20,18.057,-0.26%
1968-09-19,18.044,-0.37%
1968-09-17,18.028,-0.56%
1968-09-16,17.982,-0.82%
1968-09-13,17.915,-0.90%
1968-09-12,17.854,-0.20%
1968-09-10,17.892,+0.69%
1968-09-09,17.980,+1.18%
1968-09-06,17.975,+1.12%
1968-09-05,17.893,+0.85%
1968-09-04,17.766,-1.74%
1968-09-03,17.641,-2.43%
1968-09-01,17.900,-1.00%
1968-08-30,17.654,+0.91%
1968-08-29,17.632,+0.99%
1968-08-27,17.645,+1.26%
1968-08-26,17.668,+1.39%
1968-08-23,17.623,+0.15%
1968-08-22,17.625,+0.03%
1968-08-20,17.671,-0.81%
1968-08-19,17.679,-0.77%
1968-08-16,17.621,-0.86%
1968-08-15,17.513,-1.69%
1968-08-13,17.595,-1.62%
1968-08-12,17.502,-2.14%
1968-08-09,17.323,-3.78%
1968-08-08,17.329,-3.66%
1968-08-06,17.366,-3.59%
1968-08-05,17.295,-3.99%
1968-08-02,17.255,-4.16%
1968-08-01,17.430,-2.02%
1968-07-30,17.548,-1.02%
1968-07-29,17.531,-1.11%
1968-07-26,17.655,+0.05%
1968-07-25,17.583,-0.02%
1968-07-23,17.811,+0.95%
1968-07-22,17.833,+1.07%
1968-07-19,18.036,+2.65%
1968-07-18,18.212,+3.82%
1968-07-16,18.259,+4.94%
1968-07-15,18.359,+5.51%
1968-07-12,18.373,+5.98%
1968-07-11,18.382,+5.94%
1968-07-09,18.354,+6.69%
1968-07-08,18.302,+6.39%
1968-07-03,18.117,+6.22%
1968-07-02,17.907,+2.44%
1968-07-01,17.910,+2.46%
1968-06-28,18.007,+5.90%
1968-06-27,18.080,+6.34%
1968-06-25,18.098,+5.64%
1968-06-24,18.154,+5.97%
1968-06-21,18.203,+6.02%
1968-06-20,18.175,+5.53%
1968-06-18,18.081,+4.92%
1968-06-17,18.107,+5.07%
1968-06-14,18.288,+6.28%
1968-06-13,18.309,+6.15%
1968-06-11,18.383,+7.82%
1968-06-10,18.338,+7.55%
1968-06-07,18.313,+8.18%
1968-06-06,18.201,+8.32%
1968-06-05,18.063,+9.69%
1968-06-04,18.152,+8.56%
1968-06-03,18.081,+8.13%
1968-06-01,18.040,+5.19%
1968-05-31,17.844,+7.57%
1968-05-29,17.869,+6.83%
1968-05-28,17.814,+5.93%
1968-05-27,17.699,+5.24%
1968-05-24,17.728,+6.35%
1968-05-23,17.695,+4.93%
1968-05-22,17.734,+4.66%
1968-05-21,17.688,+3.94%
1968-05-20,17.600,+3.42%
1968-05-17,17.682,+3.10%
1968-05-16,17.810,+3.45%
1968-05-15,17.896,+4.43%
1968-05-14,17.905,+3.62%
1968-05-13,17.918,+3.70%
1968-05-10,17.974,+4.17%
1968-05-09,17.954,+3.77%
1968-05-08,18.049,+3.24%
1968-05-07,18.047,+3.38%
1968-05-06,17.947,+2.81%
1968-05-03,18.004,+3.72%
1968-05-02,17.991,+3.91%
1968-05-01,17.700,+2.67%
1968-04-30,17.808,+3.23%
1968-04-29,17.915,+3.86%
1968-04-26,17.869,+4.69%
1968-04-25,17.816,+4.28%
1968-04-24,17.761,+4.51%
1968-04-23,17.735,+4.72%
1968-04-22,17.522,+3.46%
1968-04-19,17.619,+4.44%
1968-04-18,17.846,+5.88%
1968-04-17,17.796,+6.50%
1968-04-16,17.761,+7.04%
1968-04-15,17.756,+7.01%
1968-04-11,17.744,+8.81%
1968-04-10,17.586,+8.62%
1968-04-08,17.454,+6.45%
1968-04-05,17.149,+4.09%
1968-04-04,17.250,+5.37%
1968-04-03,17.182,+4.93%
1968-04-02,17.029,+1.30%
1968-04-01,17.460,+3.87%
1968-03-29,16.704,+0.89%
1968-03-28,16.587,-0.01%
1968-03-27,16.604,+0.13%
1968-03-26,16.469,-0.76%
1968-03-25,16.357,-1.43%
1968-03-22,16.374,-0.58%
1968-03-21,16.357,-0.40%
1968-03-20,16.478,+0.11%
1968-03-19,16.480,+0.07%
1968-03-18,16.591,+0.74%
1968-03-15,16.500,+1.38%
1968-03-14,16.356,+1.45%
1968-03-13,16.672,+3.32%
1968-03-12,16.709,+3.01%
1968-03-11,16.691,+2.90%
1968-03-08,16.487,+2.35%
1968-03-07,16.500,+2.56%
1968-03-06,16.530,+2.82%
1968-03-05,16.244,+0.83%
1968-03-04,16.281,+1.06%
1968-03-01,16.380,-0.18%
1968-02-29,16.548,+0.84%
1968-02-28,16.775,+5.93%
1968-02-27,16.858,+7.63%
1968-02-26,16.793,+6.05%
1968-02-23,16.926,+6.84%
1968-02-21,16.991,+7.39%
1968-02-20,16.914,+6.83%
1968-02-19,16.818,+5.63%
1968-02-16,16.752,+5.25%
1968-02-15,16.816,+5.16%
1968-02-14,16.786,+5.09%
1968-02-13,16.587,+4.54%
1968-02-09,16.734,+5.74%
1968-02-08,16.927,+6.52%
1968-02-07,17.143,+8.83%
1968-02-06,17.114,+8.36%
1968-02-05,17.108,+8.10%
1968-02-02,17.182,+9.36%
1968-02-01,16.810,+5.46%
1968-01-31,17.177,+9.48%
1968-01-30,17.428,+11.62%
1968-01-29,17.514,+12.82%
1968-01-26,17.533,+13.40%
1968-01-25,17.505,+13.17%
1968-01-24,17.480,+12.14%
1968-01-23,17.572,+12.89%
1968-01-22,17.642,+13.76%
1968-01-19,17.869,+15.56%
1968-01-18,17.929,+15.99%
1968-01-17,17.944,+16.83%
1968-01-16,17.977,+18.34%
1968-01-15,18.090,+18.77%
1968-01-12,18.146,+20.02%
1968-01-11,18.128,+20.53%
1968-01-10,18.109,+21.37%
1968-01-09,18.105,+21.34%
1968-01-08,18.128,+22.43%
1968-01-05,18.000,+22.42%
1968-01-04,17.891,+23.27%
1968-01-03,17.949,+23.93%
1968-01-02,18.032,+17.86%
1968-01-01,17.700,+15.69%
1967-12-29,18.133,+24.99%
1967-12-28,18.024,+23.87%
1967-12-27,18.028,+23.30%
1967-12-26,17.906,+21.76%
1967-12-22,17.895,+21.36%
1967-12-21,17.929,+22.05%
1967-12-20,17.885,+22.38%
1967-12-19,17.788,+21.25%
1967-12-18,17.814,+20.97%
1967-12-15,17.863,+21.22%
1967-12-14,17.945,+20.30%
1967-12-13,17.921,+20.01%
1967-12-12,17.859,+19.20%
1967-12-11,17.880,+20.59%
1967-12-08,17.936,+21.11%
1967-12-07,17.957,+21.73%
1967-12-06,17.977,+23.20%
1967-12-05,17.900,+23.58%
1967-12-04,17.876,+23.59%
1967-12-01,17.880,+22.05%
1967-11-30,17.669,+21.67%
1967-11-29,17.791,+22.12%
1967-11-28,17.791,+21.68%
1967-11-27,17.734,+21.08%
1967-11-24,17.684,+21.70%
1967-11-22,17.637,+22.20%
1967-11-21,17.533,+20.84%
1967-11-20,17.260,+17.25%
1967-11-17,17.480,+17.96%
1967-11-16,17.439,+16.87%
1967-11-15,17.281,+16.77%
1967-11-14,17.211,+16.76%
1967-11-13,17.320,+16.68%
1967-11-10,17.365,+17.05%
1967-11-09,17.249,+17.00%
1967-11-08,17.164,+17.36%
1967-11-06,17.228,+17.69%
1967-11-03,17.284,+18.43%
1967-11-02,17.390,+18.69%
1967-11-01,17.420,+19.15%
1967-10-31,17.684,+21.72%
1967-10-30,17.885,+22.81%
1967-10-27,17.917,+23.05%
1967-10-26,17.913,+24.03%
1967-10-25,17.834,+24.55%
1967-10-24,17.815,+25.18%
1967-10-23,17.917,+26.26%
1967-10-20,17.996,+27.39%
1967-10-19,18.006,+27.12%
1967-10-18,17.972,+25.86%
1967-10-17,17.925,+27.49%
1967-10-16,17.972,+29.28%
1967-10-13,18.113,+29.80%
1967-10-12,18.066,+29.21%
1967-10-11,18.183,+33.75%
1967-10-10,18.272,+35.09%
1967-10-09,18.398,+38.49%
1967-10-06,18.351,+36.55%
1967-10-05,18.240,+34.56%
1967-10-04,18.194,+33.48%
1967-10-03,18.236,+34.16%
1967-10-02,18.174,+30.09%
1967-10-01,18.020,+28.99%
1967-09-29,18.213,+31.03%
1967-09-28,18.228,+29.77%
1967-09-27,18.228,+28.13%
1967-09-26,18.222,+28.49%
1967-09-25,18.379,+29.91%
1967-09-22,18.267,+28.67%
1967-09-21,18.220,+28.72%
1967-09-20,18.104,+25.75%
1967-09-19,18.111,+24.93%
1967-09-18,18.179,+24.77%
1967-09-15,18.130,+24.29%
1967-09-14,18.117,+25.70%
1967-09-13,18.077,+26.71%
1967-09-12,17.889,+26.06%
1967-09-11,17.804,+28.12%
1967-09-08,17.770,+28.28%
1967-09-07,17.765,+27.76%
1967-09-06,17.776,+26.81%
1967-09-05,17.742,+25.81%
1967-09-01,18.080,+28.05%
1967-08-31,17.635,+25.57%
1967-08-30,17.494,+26.37%
1967-08-29,17.459,+28.38%
1967-08-28,17.414,+24.89%
1967-08-25,17.425,+22.32%
1967-08-24,17.498,+21.27%
1967-08-23,17.596,+23.45%
1967-08-22,17.620,+23.42%
1967-08-21,17.716,+21.94%
1967-08-18,17.816,+21.79%
1967-08-17,17.788,+20.08%
1967-08-16,17.773,+19.31%
1967-08-15,17.814,+17.98%
1967-08-14,17.789,+17.21%
1967-08-11,17.885,+18.05%
1967-08-10,17.957,+18.40%
1967-08-09,18.004,+18.18%
1967-08-08,17.987,+17.69%
1967-08-07,17.966,+17.21%
1967-08-04,18.013,+17.61%
1967-08-03,17.981,+18.51%
1967-08-02,18.004,+19.83%
1967-08-01,17.790,+21.10%
1967-07-31,17.810,+16.32%
1967-07-28,17.728,+15.55%
1967-07-27,17.702,+14.93%
1967-07-26,17.647,+15.11%
1967-07-25,17.587,+14.55%
1967-07-24,17.585,+12.41%
1967-07-21,17.644,+12.65%
1967-07-20,17.608,+12.43%
1967-07-19,17.570,+11.13%
1967-07-18,17.542,+10.11%
1967-07-17,17.402,+9.11%
1967-07-14,17.400,+9.43%
1967-07-13,17.340,+9.71%
1967-07-12,17.336,+8.95%
1967-07-11,17.351,+8.34%
1967-07-10,17.270,+7.63%
1967-07-07,17.203,+7.49%
1967-07-06,17.133,+7.45%
1967-07-05,17.141,+9.05%
1967-07-03,17.056,+8.91%
1967-07-01,17.480,+11.62%
1967-06-30,17.006,+9.57%
1967-06-29,16.918,+8.05%
1967-06-28,17.004,+7.58%
1967-06-27,17.002,+7.05%
1967-06-26,17.065,+6.83%
1967-06-23,17.132,+7.35%
1967-06-22,17.127,+6.88%
1967-06-21,17.169,+7.32%
1967-06-20,17.222,+7.93%
1967-06-19,17.227,+7.93%
1967-06-16,17.233,+8.02%
1967-06-15,17.223,+7.63%
1967-06-14,17.207,+7.11%
1967-06-13,17.248,+7.67%
1967-06-12,17.140,+7.47%
1967-06-09,17.050,+8.08%
1967-06-08,17.020,+8.62%
1967-06-07,16.929,+8.17%
1967-06-06,16.803,+6.62%
1967-06-05,16.467,+3.71%
1967-06-02,16.721,+5.43%
1967-06-01,17.150,+8.82%
1967-05-31,16.588,+4.39%
1967-05-29,16.726,+3.04%
1967-05-26,16.817,+3.91%
1967-05-25,16.856,+4.15%
1967-05-24,16.669,+3.35%
1967-05-23,16.863,+5.25%
1967-05-22,16.945,+6.71%
1967-05-19,17.018,+7.69%
1967-05-18,17.104,+8.10%
1967-05-17,17.150,+10.32%
1967-05-16,17.216,+9.73%
1967-05-15,17.137,+7.87%
1967-05-12,17.279,+7.81%
1967-05-11,17.329,+6.88%
1967-05-10,17.255,+6.60%
1967-05-09,17.301,+7.83%
1967-05-08,17.482,+7.07%
1967-05-05,17.457,+6.81%
1967-05-04,17.434,+4.93%
1967-05-03,17.359,+3.94%
1967-05-02,17.314,+2.47%
1967-05-01,17.240,+7.68%
1967-04-28,17.250,+1.08%
1967-04-27,17.213,+0.17%
1967-04-26,17.068,-0.92%
1967-04-25,17.084,-0.92%
1967-04-24,16.994,-1.65%
1967-04-21,16.936,-2.14%
1967-04-20,16.901,-1.98%
1967-04-19,16.870,-1.62%
1967-04-18,16.855,-1.72%
1967-04-17,16.710,-3.00%
1967-04-14,16.593,-3.55%
1967-04-13,16.415,-4.24%
1967-04-12,16.290,-4.88%
1967-04-11,16.308,-5.13%
1967-04-10,16.191,-5.78%
1967-04-07,16.396,-4.59%
1967-04-06,16.503,-3.75%
1967-04-05,16.475,-3.65%
1967-04-04,16.371,-3.68%
1967-04-03,16.374,-3.85%
1967-04-01,16.810,-1.29%
1967-03-31,16.550,-0.96%
1967-03-30,16.551,-1.38%
1967-03-29,16.557,-1.88%
1967-03-28,16.589,-2.08%
1967-03-27,16.582,-2.03%
1967-03-23,16.595,-1.51%
1967-03-22,16.469,-2.61%
1967-03-21,16.423,-2.60%
1967-03-20,16.460,-1.64%
1967-03-17,16.469,-1.19%
1967-03-16,16.440,-1.02%
1967-03-15,16.276,-1.43%
1967-03-14,16.122,-2.92%
1967-03-13,16.137,-3.92%
1967-03-10,16.221,-3.54%
1967-03-09,16.155,-3.94%
1967-03-08,16.108,-3.37%
1967-03-07,16.088,-3.33%
1967-03-06,16.077,-4.70%
1967-03-03,16.111,-4.74%
1967-03-02,16.088,-4.54%
1967-03-01,16.410,-1.38%
1967-02-28,15.836,-8.17%
1967-02-27,15.663,-9.95%
1967-02-24,15.835,-8.71%
1967-02-23,15.842,-9.26%
1967-02-21,15.822,-9.75%
1967-02-20,15.833,-10.22%
1967-02-17,15.922,-9.96%
1967-02-16,15.917,-10.47%
1967-02-15,15.991,-10.07%
1967-02-14,15.973,-10.63%
1967-02-13,15.866,-11.38%
1967-02-10,15.850,-11.48%
1967-02-09,15.826,-11.83%
1967-02-08,15.891,-10.99%
1967-02-07,15.752,-11.81%
1967-02-06,15.793,-11.27%
1967-02-03,15.826,-10.49%
1967-02-02,15.712,-11.02%
1967-02-01,15.940,-9.02%
1967-01-31,15.690,-11.48%
1967-01-30,15.614,-13.15%
1967-01-27,15.524,-13.98%
1967-01-26,15.461,-14.36%
1967-01-25,15.468,-14.46%
1967-01-24,15.587,-13.67%
1967-01-23,15.566,-13.57%
1967-01-20,15.508,-13.79%
1967-01-19,15.463,-14.34%
1967-01-18,15.458,-14.61%
1967-01-17,15.359,-14.99%
1967-01-16,15.191,-15.68%
1967-01-13,15.231,-15.33%
1967-01-12,15.119,-15.80%
1967-01-11,15.040,-16.44%
1967-01-10,14.921,-17.03%
1967-01-09,14.921,-16.86%
1967-01-06,14.807,-17.42%
1967-01-05,14.703,-17.81%
1967-01-04,14.514,-18.35%
1967-01-03,14.483,-18.46%
1967-01-01,15.300,-14.09%
1966-12-30,14.500,-19.48%
1966-12-29,14.507,-19.10%
1966-12-28,14.551,-18.60%
1966-12-27,14.621,-18.20%
1966-12-23,14.706,-18.33%
1966-12-22,14.745,-18.20%
1966-12-21,14.690,-18.26%
1966-12-20,14.614,-18.36%
1966-12-19,14.670,-18.43%
1966-12-16,14.726,-18.15%
1966-12-15,14.736,-18.01%
1966-12-14,14.917,-16.87%
1966-12-13,14.933,-16.74%
1966-12-12,14.982,-16.44%
1966-12-09,14.827,-17.09%
1966-12-08,14.810,-16.93%
1966-12-07,14.751,-17.36%
1966-12-06,14.592,-17.53%
1966-12-05,14.484,-18.75%
1966-12-02,14.464,-18.81%
1966-12-01,14.650,-17.09%
1966-11-30,14.522,-18.84%
1966-11-29,14.569,-19.85%
1966-11-28,14.621,-19.77%
1966-11-25,14.647,-19.55%
1966-11-23,14.531,-20.05%
1966-11-22,14.433,-20.47%
1966-11-21,14.509,-20.56%
1966-11-18,14.721,-19.39%
1966-11-17,14.819,-19.19%
1966-11-16,14.922,-18.45%
1966-11-15,14.799,-19.32%
1966-11-14,14.741,-19.57%
1966-11-11,14.844,-18.62%
1966-11-10,14.835,-18.42%
1966-11-09,14.743,-19.01%
1966-11-07,14.625,-20.04%
1966-11-04,14.639,-20.04%
1966-11-03,14.594,-20.16%
1966-11-02,14.652,-18.60%
1966-11-01,14.620,-18.78%
1966-10-31,14.529,-21.71%
1966-10-28,14.563,-21.35%
1966-10-27,14.561,-21.61%
1966-10-26,14.443,-21.99%
1966-10-25,14.319,-22.21%
1966-10-24,14.232,-22.95%
1966-10-21,14.191,-23.13%
1966-10-20,14.127,-23.35%
1966-10-19,14.165,-23.16%
1966-10-18,14.279,-22.44%
1966-10-17,14.060,-23.37%
1966-10-14,13.902,-24.08%
1966-10-13,13.955,-23.91%
1966-10-12,13.982,-23.77%
1966-10-11,13.595,-25.90%
1966-10-10,13.526,-25.86%
1966-10-07,13.285,-26.87%
1966-10-06,13.439,-26.08%
1966-10-05,13.555,-25.52%
1966-10-04,13.630,-24.65%
1966-10-03,13.593,-24.90%
1966-10-01,13.970,-22.82%
1966-09-30,13.895,-23.08%
1966-09-29,13.900,-23.88%
1966-09-28,14.046,-23.43%
1966-09-27,14.226,-22.63%
1966-09-26,14.182,-22.33%
1966-09-23,14.148,-22.38%
1966-09-22,14.197,-22.42%
1966-09-21,14.155,-22.30%
1966-09-20,14.397,-21.21%
1966-09-19,14.497,-20.63%
1966-09-16,14.570,-20.21%
1966-09-15,14.587,-19.67%
1966-09-14,14.413,-20.19%
1966-09-13,14.266,-21.31%
1966-09-12,14.191,-21.50%
1966-09-09,13.896,-22.93%
1966-09-08,13.852,-22.98%
1966-09-07,13.905,-22.42%
1966-09-06,14.018,-21.52%
1966-09-02,14.102,-20.68%
1966-09-01,14.120,-21.34%
1966-08-31,14.044,-20.57%
1966-08-30,13.843,-22.38%
1966-08-29,13.600,-23.73%
1966-08-26,13.943,-21.76%
1966-08-25,14.245,-19.76%
1966-08-24,14.429,-18.63%
1966-08-23,14.254,-19.47%
1966-08-22,14.277,-19.47%
1966-08-19,14.529,-18.14%
1966-08-18,14.628,-17.77%
1966-08-17,14.814,-16.78%
1966-08-16,14.896,-16.15%
1966-08-15,15.099,-14.91%
1966-08-12,15.177,-14.08%
1966-08-11,15.150,-13.98%
1966-08-10,15.166,-13.63%
1966-08-09,15.235,-13.23%
1966-08-08,15.283,-13.17%
1966-08-05,15.328,-12.63%
1966-08-04,15.316,-12.70%
1966-08-03,15.173,-13.18%
1966-08-02,15.024,-13.99%
1966-08-01,14.690,-16.25%
1966-07-29,15.311,-12.49%
1966-07-28,15.342,-11.63%
1966-07-27,15.403,-11.11%
1966-07-26,15.330,-11.72%
1966-07-25,15.353,-11.61%
1966-07-22,15.643,-9.70%
1966-07-21,15.663,-9.83%
1966-07-20,15.661,-10.35%
1966-07-19,15.811,-10.63%
1966-07-18,15.932,-10.01%
1966-07-15,15.949,-9.95%
1966-07-14,15.901,-10.38%
1966-07-13,15.806,-10.62%
1966-07-12,15.912,-10.13%
1966-07-11,16.016,-9.56%
1966-07-08,16.046,-9.05%
1966-07-07,16.004,-8.52%
1966-07-06,15.945,-9.20%
1966-07-05,15.718,-10.67%
1966-07-01,15.660,-9.79%
1966-06-30,15.520,-10.70%
1966-06-29,15.657,-9.00%
1966-06-28,15.806,-7.21%
1966-06-27,15.882,-8.41%
1966-06-24,15.974,-8.43%
1966-06-23,15.959,-9.71%
1966-06-22,16.024,-9.92%
1966-06-21,15.998,-9.90%
1966-06-20,15.956,-10.44%
1966-06-17,15.961,-10.83%
1966-06-16,15.954,-10.31%
1966-06-15,16.002,-9.28%
1966-06-14,16.065,-8.40%
1966-06-13,16.020,-9.85%
1966-06-10,15.948,-9.84%
1966-06-09,15.775,-11.15%
1966-06-08,15.670,-12.65%
1966-06-07,15.651,-13.71%
1966-06-06,15.760,-13.34%
1966-06-03,15.878,-12.48%
1966-06-02,15.860,-12.77%
1966-06-01,15.760,-10.30%
1966-05-31,15.891,-14.99%
1966-05-27,16.232,-12.59%
1966-05-26,16.184,-13.31%
1966-05-25,16.184,-13.60%
1966-05-24,16.128,-13.40%
1966-05-23,16.022,-14.61%
1966-05-20,15.879,-15.78%
1966-05-19,15.803,-16.64%
1966-05-18,15.822,-16.34%
1966-05-17,15.545,-17.88%
1966-05-16,15.690,-17.63%
1966-05-13,15.887,-16.76%
1966-05-12,16.028,-15.71%
1966-05-11,16.214,-14.36%
1966-05-10,16.186,-14.61%
1966-05-09,16.045,-15.53%
1966-05-06,16.327,-14.12%
1966-05-05,16.344,-13.82%
1966-05-04,16.615,-12.20%
1966-05-03,16.701,-11.47%
1966-05-02,16.896,-9.36%
1966-05-01,16.010,-14.11%
1966-04-29,17.052,-10.26%
1966-04-28,17.066,-10.26%
1966-04-27,17.184,-9.68%
1966-04-26,17.227,-9.30%
1966-04-25,17.243,-9.20%
1966-04-22,17.279,-8.91%
1966-04-21,17.307,-8.27%
1966-04-20,17.243,-8.78%
1966-04-19,17.148,-9.33%
1966-04-18,17.150,-8.95%
1966-04-15,17.227,-8.54%
1966-04-14,17.204,-8.76%
1966-04-13,17.142,-8.88%
1966-04-12,17.125,-8.87%
1966-04-11,17.189,-8.12%
1966-04-07,17.184,-7.08%
1966-04-06,17.146,-7.23%
1966-04-05,17.099,-7.52%
1966-04-04,16.996,-8.08%
1966-04-01,17.030,-8.44%
1966-03-31,16.710,-9.23%
1966-03-30,16.783,-9.66%
1966-03-29,16.875,-8.99%
1966-03-28,16.941,-8.81%
1966-03-25,16.926,-9.56%
1966-03-24,16.879,-10.07%
1966-03-23,16.849,-10.07%
1966-03-22,16.911,-9.63%
1966-03-21,16.862,-9.91%
1966-03-18,16.735,-10.55%
1966-03-17,16.667,-11.13%
1966-03-16,16.609,-11.55%
1966-03-15,16.512,-12.18%
1966-03-14,16.607,-11.64%
1966-03-11,16.796,-10.32%
1966-03-10,16.817,-9.83%
1966-03-09,16.817,-9.99%
1966-03-08,16.669,-10.92%
1966-03-07,16.643,-11.03%
1966-03-04,16.870,-10.01%
1966-03-03,16.913,-10.07%
1966-03-02,16.853,-10.53%
1966-03-01,16.640,-10.30%
1966-02-28,17.244,-9.47%
1966-02-25,17.393,-8.45%
1966-02-24,17.345,-8.67%
1966-02-23,17.458,-7.51%
1966-02-21,17.532,-6.66%
1966-02-18,17.635,-5.93%
1966-02-17,17.683,-5.37%
1966-02-16,17.779,-4.74%
1966-02-15,17.781,-5.18%
1966-02-14,17.872,-4.80%
1966-02-11,17.903,-3.93%
1966-02-10,17.906,-4.94%
1966-02-09,17.950,-5.56%
1966-02-08,17.853,-5.75%
1966-02-07,17.861,-6.08%
1966-02-04,17.798,-6.71%
1966-02-03,17.681,-7.39%
1966-02-02,17.658,-7.42%
1966-02-01,17.520,-6.31%
1966-01-31,17.725,-7.89%
1966-01-28,17.979,-6.49%
1966-01-27,18.048,-5.86%
1966-01-26,18.054,-5.52%
1966-01-25,18.083,-5.28%
1966-01-24,18.056,-5.29%
1966-01-21,18.010,-5.29%
1966-01-20,17.988,-5.49%
1966-01-19,18.052,-5.19%
1966-01-18,18.102,-4.77%
1966-01-17,18.067,-4.64%
1966-01-14,18.015,-4.51%
1966-01-13,17.988,-4.65%
1966-01-12,17.956,-4.57%
1966-01-11,17.998,-4.11%
1966-01-10,17.983,-4.16%
1966-01-07,17.946,-4.23%
1966-01-06,17.931,-3.89%
1966-01-05,17.890,-3.82%
1966-01-04,17.776,-3.98%
1966-01-03,17.761,-5.33%
1966-01-01,17.810,-5.06%
1965-12-31,17.809,-4.39%
1965-12-30,18.008,-3.44%
1965-12-29,17.932,-3.29%
1965-12-28,17.877,-3.89%
1965-12-27,17.875,-3.99%
1965-12-23,18.006,-3.28%
1965-12-22,18.025,-3.39%
1965-12-21,17.971,-3.73%
1965-12-20,17.900,-4.01%
1965-12-17,17.984,-3.11%
1965-12-16,17.992,-2.67%
1965-12-15,17.973,-2.38%
1965-12-14,17.945,-2.80%
1965-12-13,17.936,-3.10%
1965-12-10,17.930,-2.88%
1965-12-09,17.883,-3.15%
1965-12-08,17.828,-4.07%
1965-12-07,17.850,-4.33%
1965-12-06,17.693,-5.19%
1965-12-03,17.826,-4.28%
1965-12-02,17.814,-3.91%
1965-12-01,17.670,-4.23%
1965-11-30,17.893,-4.20%
1965-11-29,18.178,-3.94%
1965-11-26,18.224,-4.02%
1965-11-24,18.206,-4.44%
1965-11-23,18.174,-4.90%
1965-11-22,18.147,-5.35%
1965-11-19,18.265,-4.63%
1965-11-18,18.261,-4.69%
1965-11-17,18.337,-4.09%
1965-11-16,18.299,-3.86%
1965-11-15,18.343,-3.13%
1965-11-12,18.327,-3.19%
1965-11-11,18.240,-3.53%
1965-11-10,18.184,-3.55%
1965-11-09,18.204,-3.84%
1965-11-08,18.263,-3.57%
1965-11-05,18.291,-3.34%
1965-11-04,18.309,-3.23%
1965-11-03,18.279,-3.43%
1965-11-01,18.000,-4.76%
1965-10-29,18.558,-2.09%
1965-10-28,18.516,-2.27%
1965-10-27,18.576,-2.31%
1965-10-26,18.514,-2.64%
1965-10-25,18.408,-3.35%
1965-10-22,18.470,-2.80%
1965-10-21,18.462,-3.03%
1965-10-20,18.430,-3.29%
1965-10-19,18.434,-2.98%
1965-10-18,18.410,-2.99%
1965-10-15,18.349,-2.65%
1965-10-14,18.311,-3.47%
1965-10-13,18.341,-3.50%
1965-10-12,18.343,-3.81%
1965-10-11,18.347,-3.77%
1965-10-08,18.243,-4.11%
1965-10-07,18.167,-4.24%
1965-10-06,18.181,-4.15%
1965-10-05,18.199,-4.00%
1965-10-04,18.088,-4.15%
1965-10-01,18.100,-4.03%
1965-09-30,18.064,-4.08%
1965-09-29,18.260,-4.19%
1965-09-28,18.343,-3.80%
1965-09-27,18.387,-3.49%
1965-09-24,18.260,-3.92%
1965-09-23,18.227,-3.99%
1965-09-22,18.300,-3.58%
1965-09-21,18.217,-3.98%
1965-09-20,18.272,-3.26%
1965-09-17,18.266,-3.65%
1965-09-16,18.260,-3.04%
1965-09-15,18.158,-3.30%
1965-09-14,18.059,-4.08%
1965-09-13,18.130,-3.97%
1965-09-10,18.077,-3.85%
1965-09-09,18.030,-4.04%
1965-09-08,17.984,-4.08%
1965-09-07,17.923,-4.28%
1965-09-03,17.862,-4.37%
1965-09-02,17.779,-4.53%
1965-09-01,17.950,-3.80%
1965-08-31,17.682,-4.49%
1965-08-30,17.834,-4.73%
1965-08-27,17.832,-4.40%
1965-08-26,17.820,-4.02%
1965-08-25,17.753,-4.52%
1965-08-24,17.732,-5.18%
1965-08-23,17.701,-5.53%
1965-08-20,17.728,-5.24%
1965-08-19,17.748,-5.57%
1965-08-18,17.789,-5.44%
1965-08-17,17.800,-5.34%
1965-08-16,17.765,-5.51%
1965-08-13,17.744,-5.69%
1965-08-12,17.665,-5.84%
1965-08-11,17.613,-5.65%
1965-08-10,17.560,-5.95%
1965-08-09,17.558,-6.05%
1965-08-06,17.601,-5.22%
1965-08-05,17.544,-6.39%
1965-08-04,17.544,-6.24%
1965-08-03,17.476,-7.78%
1965-08-02,17.468,-5.83%
1965-08-01,17.540,-5.44%
1965-07-30,17.614,-8.21%
1965-07-29,17.496,-8.64%
1965-07-28,17.362,-9.26%
1965-07-27,17.329,-9.68%
1965-07-26,17.366,-9.90%
1965-07-23,17.370,-9.90%
1965-07-22,17.324,-10.19%
1965-07-21,17.370,-9.97%
1965-07-20,17.469,-9.67%
1965-07-19,17.692,-8.81%
1965-07-16,17.705,-8.34%
1965-07-15,17.711,-7.98%
1965-07-14,17.742,-7.51%
1965-07-13,17.684,-8.09%
1965-07-12,17.705,-8.04%
1965-07-09,17.709,-7.86%
1965-07-08,17.643,-8.09%
1965-07-07,17.494,-8.87%
1965-07-06,17.560,-8.37%
1965-07-02,17.595,-7.76%
1965-07-01,17.360,-8.63%
1965-06-30,17.380,-7.88%
1965-06-29,17.205,-9.80%
1965-06-28,17.035,-10.50%
1965-06-25,17.340,-8.61%
1965-06-24,17.445,-7.89%
1965-06-23,17.676,-6.33%
1965-06-22,17.789,-6.13%
1965-06-21,17.756,-6.05%
1965-06-18,17.816,-5.62%
1965-06-17,17.900,-5.20%
1965-06-16,17.787,-5.31%
1965-06-15,17.639,-5.60%
1965-06-14,17.539,-5.69%
1965-06-11,17.770,-4.61%
1965-06-10,17.689,-4.70%
1965-06-09,17.754,-3.99%
1965-06-08,17.939,-2.37%
1965-06-07,18.138,-1.76%
1965-06-04,18.186,-1.06%
1965-06-03,18.142,-2.32%
1965-06-02,18.182,-2.36%
1965-06-01,17.570,-5.18%
1965-05-28,18.693,-1.62%
1965-05-27,18.571,-2.12%
1965-05-26,18.668,-1.77%
1965-05-25,18.732,-1.64%
1965-05-24,18.624,-2.42%
1965-05-21,18.763,-1.65%
1965-05-20,18.854,-1.13%
1965-05-19,18.958,-0.13%
1965-05-18,18.913,-0.89%
1965-05-17,18.930,-1.27%
1965-05-14,19.049,-0.35%
1965-05-13,19.085,-0.30%
1965-05-12,19.015,-0.90%
1965-05-11,18.932,-1.01%
1965-05-10,18.956,-1.01%
1965-05-07,18.996,-0.98%
1965-05-06,19.011,-0.79%
1965-05-05,18.966,-0.81%
1965-05-04,18.924,-0.53%
1965-05-03,18.865,+0.03%
1965-05-01,18.640,-1.17%
1965-04-30,18.839,+0.29%
1965-04-29,19.002,-0.34%
1965-04-28,19.017,-0.51%
1965-04-27,19.026,+0.23%
1965-04-26,18.994,-0.45%
1965-04-23,18.991,-1.24%
1965-04-22,18.970,-1.49%
1965-04-21,18.868,-2.08%
1965-04-20,18.902,-1.85%
1965-04-19,18.912,-1.86%
1965-04-15,18.835,-1.70%
1965-04-14,18.855,-1.47%
1965-04-13,18.812,-1.43%
1965-04-12,18.791,-1.63%
1965-04-09,18.709,-1.88%
1965-04-08,18.598,-2.52%
1965-04-07,18.494,-3.06%
1965-04-06,18.483,-3.45%
1965-04-05,18.489,-3.32%
1965-04-02,18.489,-3.03%
1965-04-01,18.600,-1.59%
1965-03-31,18.410,-2.57%
1965-03-30,18.578,-3.05%
1965-03-29,18.541,-3.30%
1965-03-26,18.578,-3.11%
1965-03-25,18.716,-2.12%
1965-03-24,18.769,-1.61%
1965-03-23,18.735,-1.97%
1965-03-22,18.713,-2.07%
1965-03-19,18.716,-2.53%
1965-03-18,18.709,-2.66%
1965-03-17,18.754,-2.35%
1965-03-16,18.778,-2.00%
1965-03-15,18.802,-1.88%
1965-03-12,18.795,-1.84%
1965-03-11,18.728,-2.03%
1965-03-10,18.651,-1.99%
1965-03-09,18.683,-1.49%
1965-03-08,18.713,-1.31%
1965-03-05,18.707,-1.03%
1965-03-04,18.746,-0.83%
1965-03-03,18.806,-0.70%
1965-03-02,18.836,-0.23%
1965-03-01,18.550,-1.59%
1965-02-26,19.048,-0.44%
1965-02-25,18.998,-0.46%
1965-02-24,18.991,-0.50%
1965-02-23,18.876,-1.02%
1965-02-19,18.782,-1.43%
1965-02-18,18.747,-1.51%
1965-02-17,18.686,-1.82%
1965-02-16,18.664,-1.96%
1965-02-15,18.752,-1.50%
1965-02-12,18.773,-1.50%
1965-02-11,18.636,-1.92%
1965-02-10,18.837,-0.50%
1965-02-09,19.007,+0.23%
1965-02-08,18.943,-0.11%
1965-02-05,19.017,+0.85%
1965-02-04,19.078,-1.56%
1965-02-03,19.092,+0.95%
1965-02-02,19.074,+1.78%
1965-02-01,18.700,-0.21%
1965-01-29,19.244,+0.95%
1965-01-28,19.226,+0.25%
1965-01-27,19.171,-0.02%
1965-01-26,19.108,-0.39%
1965-01-25,19.090,-0.48%
1965-01-22,19.064,-0.51%
1965-01-21,19.015,-0.24%
1965-01-20,19.033,+0.14%
1965-01-19,19.040,-0.03%
1965-01-18,19.009,-0.19%
1965-01-15,18.947,-0.62%
1965-01-14,18.866,-0.68%
1965-01-13,18.866,-0.50%
1965-01-12,18.815,-0.79%
1965-01-11,18.769,-1.03%
1965-01-08,18.763,-0.75%
1965-01-07,18.738,-0.48%
1965-01-06,18.657,-0.88%
1965-01-05,18.600,-0.96%
1965-01-04,18.512,-1.43%
1965-01-01,18.760,-0.11%
1964-12-31,18.626,-0.19%
1964-12-30,18.650,+0.05%
1964-12-29,18.542,-0.37%
1964-12-28,18.600,-0.05%
1964-12-24,18.617,+0.67%
1964-12-23,18.617,+0.89%
1964-12-22,18.657,+0.47%
1964-12-21,18.668,+0.53%
1964-12-18,18.648,-0.05%
1964-12-17,18.562,-0.66%
1964-12-16,18.485,-0.48%
1964-12-15,18.412,-0.56%
1964-12-14,18.462,-0.29%
1964-12-11,18.509,+0.18%
1964-12-10,18.462,-0.19%
1964-12-09,18.465,-0.14%
1964-12-08,18.584,+0.45%
1964-12-07,18.657,+0.85%
1964-12-04,18.662,+1.15%
1964-12-03,18.624,+1.19%
1964-12-02,18.538,+0.67%
1964-12-01,18.450,0%
1964-11-30,18.677,+1.51%
1964-11-27,18.924,+4.25%
1964-11-25,18.987,+8.56%
1964-11-24,19.051,+8.93%
1964-11-23,19.111,+9.27%
1964-11-20,19.173,+5.17%
1964-11-19,19.151,+6.01%
1964-11-18,19.160,+6.16%
1964-11-17,19.118,+5.17%
1964-11-16,19.033,+4.70%
1964-11-13,18.936,+2.83%
1964-11-12,18.931,+2.89%
1964-11-11,18.907,+2.35%
1964-11-10,18.853,+2.28%
1964-11-09,18.931,+2.71%
1964-11-06,18.940,+3.53%
1964-11-05,18.924,+2.54%
1964-11-04,18.920,+2.52%
1964-11-02,18.929,+4.23%
1964-11-01,18.900,+4.07%
1964-10-30,18.984,+1.87%
1964-10-29,18.955,+0.81%
1964-10-28,18.946,+0.73%
1964-10-27,19.016,+1.75%
1964-10-26,19.016,+1.75%
1964-10-23,19.047,+3.33%
1964-10-22,19.002,+3.14%
1964-10-21,19.038,+2.74%
1964-10-20,19.056,+2.92%
1964-10-19,19.000,+2.62%
1964-10-16,18.978,+2.99%
1964-10-15,18.848,+3.09%
1964-10-14,18.969,+3.89%
1964-10-13,19.007,+4.15%
1964-10-12,19.069,+4.49%
1964-10-09,19.065,+4.60%
1964-10-08,19.025,+3.77%
1964-10-07,18.971,+3.33%
1964-10-06,18.969,+3.11%
1964-10-05,18.957,+3.05%
1964-10-02,18.872,+3.36%
1964-10-01,18.860,+2.78%
1964-09-30,18.832,+4.01%
1964-09-29,19.059,+3.58%
1964-09-28,19.068,+3.62%
1964-09-25,19.052,+2.46%
1964-09-24,19.005,+1.64%
1964-09-23,18.984,+2.00%
1964-09-22,18.980,+1.50%
1964-09-21,18.973,+1.47%
1964-09-18,18.887,+1.70%
1964-09-17,18.957,+1.63%
1964-09-16,18.833,+1.04%
1964-09-15,18.778,+0.60%
1964-09-14,18.828,+0.87%
1964-09-11,18.880,+1.11%
1964-09-10,18.801,+0.97%
1964-09-09,18.790,+1.49%
1964-09-08,18.749,+1.18%
1964-09-04,18.724,+1.04%
1964-09-03,18.679,+0.77%
1964-09-02,18.622,+1.21%
1964-09-01,18.660,+1.41%
1964-08-31,18.514,-0.92%
1964-08-28,18.719,+0.82%
1964-08-27,18.653,+1.19%
1964-08-26,18.566,+0.17%
1964-08-25,18.594,+0.54%
1964-08-24,18.701,+1.11%
1964-08-21,18.737,+1.98%
1964-08-20,18.708,+1.69%
1964-08-19,18.795,+2.08%
1964-08-18,18.813,+2.11%
1964-08-17,18.804,+2.06%
1964-08-14,18.801,+2.64%
1964-08-13,18.815,+3.12%
1964-08-12,18.760,+3.12%
1964-08-11,18.667,+2.76%
1964-08-10,18.671,+2.79%
1964-08-07,18.689,+3.65%
1964-08-06,18.571,+2.69%
1964-08-05,18.742,+4.32%
1964-08-04,18.712,+4.76%
1964-08-03,18.950,+6.10%
1964-08-01,18.550,+2.43%
1964-07-31,18.991,+6.59%
1964-07-30,19.189,+6.42%
1964-07-29,19.150,+7.08%
1964-07-28,19.134,+7.20%
1964-07-27,19.187,+7.50%
1964-07-24,19.275,+8.40%
1964-07-23,19.279,+9.01%
1964-07-22,19.289,+9.09%
1964-07-21,19.293,+8.39%
1964-07-20,19.339,+8.65%
1964-07-17,19.402,+8.08%
1964-07-16,19.316,+7.28%
1964-07-15,19.247,+6.80%
1964-07-14,19.182,+5.77%
1964-07-13,19.240,+6.09%
1964-07-10,19.252,+5.77%
1964-07-09,19.219,+5.37%
1964-07-08,19.196,+5.70%
1964-07-07,19.196,+4.98%
1964-07-06,19.164,+4.80%
1964-07-02,19.076,+5.46%
1964-07-01,19.000,+6.74%
1964-06-30,18.866,+3.35%
1964-06-29,19.075,+4.49%
1964-06-26,19.033,+4.20%
1964-06-25,18.974,+2.94%
1964-06-24,18.939,+2.52%
1964-06-23,18.871,+2.08%
1964-06-22,18.951,+2.51%
1964-06-19,18.900,+2.47%
1964-06-18,18.876,+2.44%
1964-06-17,18.881,+2.59%
1964-06-16,18.785,+1.61%
1964-06-15,18.685,+1.07%
1964-06-12,18.598,+0.37%
1964-06-11,18.629,+1.09%
1964-06-10,18.561,+0.85%
1964-06-09,18.491,-0.21%
1964-06-08,18.374,-0.84%
1964-06-05,18.463,-0.53%
1964-06-04,18.381,-1.20%
1964-06-03,18.572,-0.17%
1964-06-02,18.621,+1.98%
1964-06-01,18.530,+1.48%
1964-05-28,19.000,+1.77%
1964-05-27,18.974,+1.84%
1964-05-26,19.005,+1.78%
1964-05-25,19.045,+2.00%
1964-05-22,19.085,+2.04%
1964-05-21,19.078,+2.00%
1964-05-20,19.069,+2.21%
1964-05-19,18.983,+1.28%
1964-05-18,19.083,+1.81%
1964-05-15,19.173,+2.09%
1964-05-14,19.116,+2.10%
1964-05-13,19.142,+1.85%
1964-05-12,19.187,+2.03%
1964-05-11,19.125,+1.70%
1964-05-08,19.149,+2.57%
1964-05-07,19.184,+3.60%
1964-05-06,19.163,+3.35%
1964-05-05,19.121,+2.39%
1964-05-04,19.024,+1.87%
1964-05-01,18.860,+2.17%
1964-04-30,18.785,+0.92%
1964-04-29,19.067,+1.56%
1964-04-28,19.115,+1.75%
1964-04-27,18.983,+1.04%
1964-04-24,19.079,+1.53%
1964-04-23,19.230,+2.61%
1964-04-22,19.256,+3.09%
1964-04-21,19.268,+3.26%
1964-04-20,19.258,+3.20%
1964-04-17,19.270,+3.73%
1964-04-16,19.187,+2.96%
1964-04-15,19.160,+2.88%
1964-04-14,19.136,+3.24%
1964-04-13,19.084,+2.96%
1964-04-10,19.103,+3.78%
1964-04-09,19.067,+3.34%
1964-04-08,19.079,+3.30%
1964-04-07,19.077,+3.66%
1964-04-06,19.144,+4.02%
1964-04-03,19.124,+5.33%
1964-04-02,19.067,+5.83%
1964-04-01,18.900,+3.05%
1964-03-31,18.895,+5.02%
1964-03-30,19.162,+6.50%
1964-03-26,19.174,+6.84%
1964-03-25,19.121,+6.85%
1964-03-24,19.077,+6.64%
1964-03-23,19.111,+6.83%
1964-03-20,19.109,+7.21%
1964-03-19,19.201,+8.51%
1964-03-18,19.220,+8.39%
1964-03-17,19.206,+7.78%
1964-03-16,19.162,+7.54%
1964-03-13,19.162,+7.57%
1964-03-12,19.148,+7.88%
1964-03-11,19.116,+7.97%
1964-03-10,19.029,+7.77%
1964-03-09,18.966,+7.41%
1964-03-06,18.961,+8.18%
1964-03-05,18.901,+8.02%
1964-03-04,18.903,+8.07%
1964-03-03,18.939,+7.00%
1964-03-02,18.879,+6.66%
1964-03-01,18.850,+6.50%
1964-02-28,19.115,+10.01%
1964-02-27,19.071,+7.95%
1964-02-26,19.133,+7.54%
1964-02-25,19.086,+7.30%
1964-02-24,19.086,+6.55%
1964-02-20,19.071,+6.61%
1964-02-19,19.054,+5.92%
1964-02-18,19.034,+5.30%
1964-02-17,19.032,+5.46%
1964-02-14,19.037,+5.59%
1964-02-13,19.047,+5.96%
1964-02-12,19.059,+6.54%
1964-02-11,19.000,+6.32%
1964-02-10,18.931,+5.28%
1964-02-07,18.963,+5.46%
1964-02-06,18.902,+4.76%
1964-02-05,18.857,+4.97%
1964-02-04,19.381,+7.79%
1964-02-03,18.912,+6.13%
1964-02-01,18.740,+5.16%
1964-01-31,18.929,+5.23%
1964-01-30,19.080,+6.34%
1964-01-29,19.062,+5.63%
1964-01-28,19.179,+6.26%
1964-01-27,19.174,+6.75%
1964-01-24,19.182,+7.07%
1964-01-23,19.177,+7.25%
1964-01-22,19.162,+7.46%
1964-01-21,19.060,+7.16%
1964-01-20,19.007,+7.02%
1964-01-17,19.045,+7.31%
1964-01-16,19.042,+8.06%
1964-01-15,19.065,+7.46%
1964-01-14,18.995,+6.92%
1964-01-13,18.960,+7.30%
1964-01-10,18.965,+7.56%
1964-01-09,18.975,+7.82%
1964-01-08,18.905,+7.17%
1964-01-07,18.828,+7.77%
1964-01-06,18.823,+7.72%
1964-01-03,18.781,+8.17%
1964-01-02,18.764,+9.85%
1964-01-01,18.780,+6.22%
1963-12-31,18.662,+8.54%
1963-12-30,18.640,+7.18%
1963-12-27,18.610,+7.05%
1963-12-26,18.580,+6.73%
1963-12-24,18.493,+6.89%
1963-12-23,18.453,+6.64%
1963-12-20,18.570,+7.01%
1963-12-19,18.600,+7.60%
1963-12-18,18.658,+8.82%
1963-12-17,18.685,+8.45%
1963-12-16,18.575,+7.46%
1963-12-13,18.515,+7.38%
1963-12-12,18.478,+6.80%
1963-12-11,18.475,+7.32%
1963-12-10,18.498,+7.53%
1963-12-09,18.490,+6.14%
1963-12-06,18.500,+6.42%
1963-12-05,18.570,+6.89%
1963-12-04,18.450,+6.62%
1963-12-03,18.405,+7.57%
1963-12-02,18.415,+7.88%
1963-12-01,18.450,+8.08%
1963-11-29,18.399,+5.54%
1963-11-27,18.153,+5.28%
1963-11-26,18.186,+6.10%
1963-11-22,17.490,+2.97%
1963-11-21,17.995,+5.94%
1963-11-20,18.231,+7.97%
1963-11-19,18.065,+8.12%
1963-11-18,18.048,+7.40%
1963-11-15,18.178,+8.52%
1963-11-14,18.329,+9.08%
1963-11-13,18.415,+10.87%
1963-11-12,18.399,+10.54%
1963-11-11,18.472,+12.50%
1963-11-08,18.432,+13.14%
1963-11-07,18.357,+11.94%
1963-11-06,18.294,+12.24%
1963-11-04,18.455,+14.41%
1963-11-01,18.160,+9.46%
1963-10-31,18.595,+17.78%
1963-10-30,18.636,+16.35%
1963-10-29,18.803,+19.12%
1963-10-28,18.808,+21.73%
1963-10-25,18.689,+20.63%
1963-10-24,18.505,+18.32%
1963-10-23,18.434,+21.65%
1963-10-22,18.424,+18.34%
1963-10-21,18.530,+17.67%
1963-10-18,18.515,+16.01%
1963-10-17,18.500,+14.79%
1963-10-16,18.427,+13.96%
1963-10-15,18.283,+12.69%
1963-10-14,18.258,+13.17%
1963-10-11,18.250,+12.93%
1963-10-10,18.232,+12.44%
1963-10-09,18.227,+12.48%
1963-10-08,18.333,+13.40%
1963-10-07,18.359,+13.56%
1963-10-04,18.396,+14.53%
1963-10-03,18.391,+15.60%
1963-10-02,18.258,+14.89%
1963-10-01,18.350,+16.95%
1963-09-30,18.106,+12.94%
1963-09-27,18.401,+15.81%
1963-09-26,18.436,+15.25%
1963-09-25,18.594,+14.58%
1963-09-24,18.699,+15.90%
1963-09-23,18.612,+13.24%
1963-09-20,18.699,+12.12%
1963-09-19,18.679,+11.22%
1963-09-18,18.571,+10.42%
1963-09-17,18.653,+10.82%
1963-09-16,18.640,+11.10%
1963-09-13,18.666,+11.61%
1963-09-12,18.661,+11.32%
1963-09-11,18.673,+11.87%
1963-09-10,18.620,+11.82%
1963-09-09,18.515,+11.32%
1963-09-06,18.531,+11.45%
1963-09-05,18.622,+12.47%
1963-09-04,18.531,+11.07%
1963-09-03,18.536,+12.82%
1963-09-01,18.400,+11.99%
1963-08-30,18.686,+11.13%
1963-08-29,18.598,+10.65%
1963-08-28,18.567,+10.22%
1963-08-27,18.433,+8.03%
1963-08-26,18.534,+8.56%
1963-08-23,18.495,+8.12%
1963-08-22,18.438,+7.64%
1963-08-21,18.374,+8.47%
1963-08-20,18.397,+8.15%
1963-08-19,18.412,+8.90%
1963-08-16,18.425,+9.66%
1963-08-15,18.397,+9.45%
1963-08-14,18.317,+9.74%
1963-08-13,18.245,+10.49%
1963-08-12,18.193,+10.33%
1963-08-09,18.165,+10.31%
1963-08-08,18.046,+9.51%
1963-08-07,18.031,+9.70%
1963-08-06,18.085,+9.29%
1963-08-05,17.966,+7.88%
1963-08-02,17.861,+7.51%
1963-08-01,18.110,+8.64%
1963-07-31,17.817,+6.78%
1963-07-30,18.031,+8.19%
1963-07-29,17.883,+8.49%
1963-07-26,17.849,+9.10%
1963-07-25,17.776,+9.25%
1963-07-24,17.781,+9.48%
1963-07-23,17.685,+8.04%
1963-07-22,17.682,+8.00%
1963-07-19,17.799,+9.47%
1963-07-18,17.836,+10.13%
1963-07-17,17.951,+9.70%
1963-07-16,18.005,+8.03%
1963-07-15,18.021,+8.13%
1963-07-12,18.135,+8.44%
1963-07-11,18.167,+9.20%
1963-07-10,18.201,+10.42%
1963-07-09,18.240,+11.92%
1963-07-08,18.161,+12.19%
1963-07-05,18.286,+11.69%
1963-07-03,18.214,+11.88%
1963-07-02,18.089,+12.37%
1963-07-01,17.800,+9.07%
1963-06-28,18.255,+15.41%
1963-06-27,18.176,+18.87%
1963-06-26,18.266,+20.10%
1963-06-25,18.432,+20.89%
1963-06-24,18.474,+20.63%
1963-06-21,18.487,+18.67%
1963-06-20,18.424,+15.70%
1963-06-19,18.445,+14.25%
1963-06-18,18.426,+13.72%
1963-06-17,18.405,+13.28%
1963-06-14,18.487,+17.05%
1963-06-13,18.482,+14.55%
1963-06-12,18.529,+13.13%
1963-06-11,18.429,+9.64%
1963-06-10,18.405,+8.32%
1963-06-07,18.529,+9.14%
1963-06-06,18.574,+9.43%
1963-06-05,18.561,+10.91%
1963-06-04,18.605,+11.76%
1963-06-03,18.603,+16.05%
1963-06-01,18.260,+13.91%
1963-05-31,18.632,+7.49%
1963-05-29,18.755,+9.79%
1963-05-28,18.669,+14.37%
1963-05-27,18.632,+6.52%
1963-05-24,18.672,+4.73%
1963-05-23,18.693,+4.00%
1963-05-22,18.704,+2.01%
1963-05-21,18.704,+0.01%
1963-05-20,18.656,-0.61%
1963-05-17,18.744,-0.31%
1963-05-16,18.733,-0.90%
1963-05-15,18.781,-0.68%
1963-05-14,18.723,+0.88%
1963-05-13,18.795,+2.00%
1963-05-10,18.805,+0.58%
1963-05-09,18.760,-0.74%
1963-05-08,18.669,-2.60%
1963-05-07,18.517,-4.64%
1963-05-06,18.541,-4.83%
1963-05-03,18.675,-4.56%
1963-05-02,18.712,-3.59%
1963-05-01,18.460,+0.82%
1963-04-30,18.613,-3.00%
1963-04-29,18.774,-4.57%
1963-04-26,18.787,-5.57%
1963-04-25,18.803,-6.42%
1963-04-24,18.792,-7.50%
1963-04-23,18.741,-7.84%
1963-04-22,18.679,-8.22%
1963-04-19,18.660,-8.32%
1963-04-18,18.569,-8.34%
1963-04-17,18.577,-7.80%
1963-04-16,18.636,-7.09%
1963-04-15,18.623,-7.57%
1963-04-11,18.536,-8.69%
1963-04-10,18.407,-9.52%
1963-04-09,18.450,-8.98%
1963-04-08,18.469,-9.59%
1963-04-05,18.404,-10.00%
1963-04-04,18.288,-10.01%
1963-04-03,18.156,-11.08%
1963-04-02,18.016,-12.48%
1963-04-01,18.340,-8.35%
1963-03-29,17.992,-14.94%
1963-03-28,17.995,-14.96%
1963-03-27,18.022,-14.41%
1963-03-26,17.946,-15.01%
1963-03-25,17.895,-15.92%
1963-03-22,17.889,-15.89%
1963-03-21,17.797,-16.45%
1963-03-20,17.824,-16.50%
1963-03-19,17.695,-17.33%
1963-03-18,17.732,-17.26%
1963-03-15,17.819,-17.00%
1963-03-14,17.568,-17.99%
1963-03-13,17.814,-16.48%
1963-03-12,17.749,-16.55%
1963-03-11,17.705,-16.78%
1963-03-08,17.657,-16.73%
1963-03-07,17.638,-16.22%
1963-03-06,17.527,-16.86%
1963-03-05,17.497,-17.26%
1963-03-04,17.492,-17.47%
1963-03-01,17.700,-15.15%
1963-02-28,17.376,-17.79%
1963-02-27,17.666,-17.85%
1963-02-26,17.791,-17.12%
1963-02-25,17.788,-17.60%
1963-02-21,17.913,-17.21%
1963-02-20,17.889,-17.72%
1963-02-19,17.989,-16.97%
1963-02-18,18.076,-16.78%
1963-02-15,18.046,-17.09%
1963-02-14,18.030,-16.79%
1963-02-13,17.976,-17.07%
1963-02-12,17.889,-17.49%
1963-02-11,17.870,-17.60%
1963-02-08,17.981,-17.20%
1963-02-07,17.981,-17.02%
1963-02-06,18.043,-16.18%
1963-02-05,17.965,-16.45%
1963-02-04,17.981,-16.29%
1963-02-01,17.820,-15.98%
1963-01-31,17.989,-15.07%
1963-01-30,17.943,-16.04%
1963-01-29,18.046,-15.22%
1963-01-28,18.049,-15.49%
1963-01-25,17.962,-16.17%
1963-01-24,17.916,-16.44%
1963-01-23,17.880,-16.48%
1963-01-22,17.831,-17.34%
1963-01-21,17.787,-17.47%
1963-01-18,17.760,-17.16%
1963-01-17,17.747,-17.14%
1963-01-16,17.621,-18.62%
1963-01-15,17.741,-18.53%
1963-01-14,17.766,-18.58%
1963-01-11,17.670,-18.74%
1963-01-10,17.632,-18.44%
1963-01-09,17.599,-18.81%
1963-01-08,17.640,-18.59%
1963-01-07,17.471,-19.99%
1963-01-04,17.474,-21.09%
1963-01-03,17.362,-22.14%
1963-01-02,17.082,-23.21%
1963-01-01,17.680,-16.80%
1962-12-31,17.193,-24.55%
1962-12-28,17.392,-23.82%
1962-12-27,17.384,-23.81%
1962-12-26,17.409,-23.03%
1962-12-24,17.301,-23.39%
1962-12-21,17.304,-23.32%
1962-12-20,17.354,-23.38%
1962-12-19,17.287,-23.83%
1962-12-18,17.146,-24.98%
1962-12-17,17.229,-24.87%
1962-12-14,17.285,-24.60%
1962-12-13,17.243,-25.35%
1962-12-12,17.301,-25.21%
1962-12-11,17.215,-25.33%
1962-12-10,17.202,-25.02%
1962-12-07,17.420,-23.71%
1962-12-06,17.384,-24.18%
1962-12-05,17.373,-24.16%
1962-12-04,17.304,-24.55%
1962-12-03,17.110,-23.92%
1962-12-01,17.070,-24.10%
1962-11-30,17.199,-24.28%
1962-11-29,17.433,-24.63%
1962-11-28,17.352,-25.03%
1962-11-27,17.243,-25.60%
1962-11-26,17.140,-26.04%
1962-11-23,17.190,-25.68%
1962-11-21,16.986,-26.64%
1962-11-20,16.885,-27.02%
1962-11-19,16.709,-27.68%
1962-11-16,16.804,-27.26%
1962-11-15,16.751,-27.54%
1962-11-14,16.804,-27.31%
1962-11-13,16.609,-27.76%
1962-11-12,16.645,-27.40%
1962-11-09,16.419,-28.08%
1962-11-08,16.291,-28.74%
1962-11-07,16.399,-27.39%
1962-11-05,16.299,-27.27%
1962-11-02,16.131,-27.64%
1962-11-01,16.590,-26.72%
1962-10-31,15.788,-28.67%
1962-10-30,16.017,-28.60%
1962-10-29,15.785,-29.55%
1962-10-26,15.450,-31.17%
1962-10-25,15.493,-30.86%
1962-10-24,15.640,-29.83%
1962-10-23,15.153,-32.10%
1962-10-22,15.569,-30.66%
1962-10-19,15.748,-29.83%
1962-10-18,15.960,-28.64%
1962-10-17,16.116,-27.58%
1962-10-16,16.170,-27.31%
1962-10-15,16.224,-27.27%
1962-10-12,16.133,-27.81%
1962-10-11,16.161,-27.69%
1962-10-10,16.215,-27.39%
1962-10-09,16.204,-27.25%
1962-10-08,16.167,-27.45%
1962-10-05,16.167,-27.24%
1962-10-04,16.062,-27.08%
1962-10-03,15.909,-27.29%
1962-10-02,15.892,-27.41%
1962-10-01,15.690,-28.49%
1962-09-28,16.031,-26.80%
1962-09-27,15.889,-27.33%
1962-09-26,15.997,-26.07%
1962-09-25,16.228,-24.99%
1962-09-24,16.134,-26.49%
1962-09-21,16.436,-25.41%
1962-09-20,16.678,-24.28%
1962-09-19,16.795,-23.43%
1962-09-18,16.818,-23.93%
1962-09-17,16.832,-24.36%
1962-09-14,16.778,-24.47%
1962-09-13,16.724,-25.25%
1962-09-12,16.764,-25.01%
1962-09-11,16.692,-24.58%
1962-09-10,16.652,-25.42%
1962-09-07,16.632,-26.03%
1962-09-06,16.627,-26.17%
1962-09-05,16.558,-25.93%
1962-09-04,16.684,-24.34%
1962-09-01,16.430,-25.49%
1962-08-31,16.843,-24.78%
1962-08-30,16.814,-24.62%
1962-08-29,16.808,-24.36%
1962-08-28,16.845,-24.36%
1962-08-27,17.063,-23.35%
1962-08-24,17.072,-23.22%
1962-08-23,17.106,-23.50%
1962-08-22,17.129,-23.92%
1962-08-21,16.940,-24.74%
1962-08-20,17.011,-24.27%
1962-08-17,16.908,-24.53%
1962-08-16,16.802,-24.59%
1962-08-15,16.808,-24.36%
1962-08-14,16.691,-25.07%
1962-08-13,16.513,-26.24%
1962-08-10,16.490,-26.23%
1962-08-09,16.467,-26.10%
1962-08-08,16.479,-26.13%
1962-08-07,16.436,-26.16%
1962-08-06,16.547,-25.67%
1962-08-03,16.653,-24.77%
1962-08-02,16.613,-24.55%
1962-08-01,16.670,-25.25%
1962-07-31,16.685,-24.02%
1962-07-30,16.666,-24.30%
1962-07-27,16.484,-25.01%
1962-07-26,16.360,-24.71%
1962-07-25,16.271,-24.42%
1962-07-24,16.242,-24.13%
1962-07-23,16.369,-23.53%
1962-07-20,16.372,-23.34%
1962-07-19,16.259,-23.86%
1962-07-18,16.196,-23.81%
1962-07-17,16.363,-23.48%
1962-07-16,16.666,-22.65%
1962-07-13,16.666,-22.14%
1962-07-12,16.723,-22.43%
1962-07-11,16.637,-23.26%
1962-07-10,16.484,-23.99%
1962-07-09,16.297,-24.92%
1962-07-06,16.187,-25.47%
1962-07-05,16.372,-24.41%
1962-07-03,16.280,-24.35%
1962-07-02,16.098,-25.23%
1962-07-01,16.320,-24.20%
1962-06-29,15.916,-24.76%
1962-06-28,15.817,-25.31%
1962-06-27,15.291,-27.66%
1962-06-26,15.209,-28.05%
1962-06-25,15.247,-28.63%
1962-06-22,15.314,-28.03%
1962-06-21,15.578,-27.06%
1962-06-20,15.924,-25.45%
1962-06-19,16.145,-23.75%
1962-06-18,16.203,-24.18%
1962-06-15,16.247,-24.57%
1962-06-14,15.794,-26.99%
1962-06-13,16.134,-25.22%
1962-06-12,16.378,-24.49%
1962-06-11,16.808,-23.10%
1962-06-08,16.991,-22.27%
1962-06-07,16.977,-22.30%
1962-06-06,16.974,-22.60%
1962-06-05,16.735,-23.91%
1962-06-04,16.648,-23.91%
1962-06-01,16.030,-25.99%
1962-05-31,17.334,-20.57%
1962-05-29,17.082,-21.06%
1962-05-28,16.324,-24.56%
1962-05-25,17.491,-18.65%
1962-05-24,17.829,-17.39%
1962-05-23,17.974,-17.25%
1962-05-22,18.335,-15.80%
1962-05-21,18.703,-14.64%
1962-05-18,18.771,-13.98%
1962-05-17,18.803,-14.34%
1962-05-16,18.903,-13.49%
1962-05-15,18.909,-13.14%
1962-05-14,18.559,-14.26%
1962-05-11,18.426,-14.79%
1962-05-10,18.697,-13.57%
1962-05-09,18.900,-12.71%
1962-05-08,19.168,-11.39%
1962-05-07,19.418,-10.38%
1962-05-04,19.482,-9.98%
1962-05-03,19.568,-9.23%
1962-05-02,19.409,-9.22%
1962-05-01,18.310,-16.01%
1962-04-30,19.188,-9.22%
1962-04-27,19.674,-7.13%
1962-04-26,19.896,-6.21%
1962-04-25,20.092,-4.93%
1962-04-24,20.315,-2.52%
1962-04-23,20.335,-4.46%
1962-04-19,20.353,-4.44%
1962-04-18,20.258,-5.44%
1962-04-17,20.148,-6.63%
1962-04-16,20.059,-6.61%
1962-04-13,20.148,-6.04%
1962-04-12,20.092,-6.37%
1962-04-11,20.300,-5.84%
1962-04-10,20.344,-5.51%
1962-04-09,20.270,-5.04%
1962-04-06,20.427,-3.80%
1962-04-05,20.448,-3.47%
1962-04-04,20.323,-4.36%
1962-04-03,20.418,-3.82%
1962-04-02,20.585,-3.99%
1962-04-01,20.010,-6.67%
1962-03-30,21.012,+1.73%
1962-03-29,21.151,+2.61%
1962-03-28,21.160,+3.53%
1962-03-27,21.057,+3.07%
1962-03-26,21.115,+3.25%
1962-03-23,21.284,+3.90%
1962-03-22,21.269,+3.55%
1962-03-21,21.302,+3.65%
1962-03-20,21.347,+3.68%
1962-03-19,21.405,+4.37%
1962-03-16,21.432,+5.14%
1962-03-15,21.468,+6.38%
1962-03-14,21.423,+6.47%
1962-03-13,21.329,+5.54%
1962-03-12,21.269,+5.54%
1962-03-09,21.275,+5.54%
1962-03-08,21.205,+5.29%
1962-03-07,21.054,+4.49%
1962-03-06,21.082,+3.68%
1962-03-05,21.148,+4.17%
1962-03-02,21.196,+4.57%
1962-03-01,20.860,+0.53%
1962-02-28,21.136,+4.95%
1962-02-27,21.505,+9.05%
1962-02-26,21.465,+9.65%
1962-02-23,21.588,+10.72%
1962-02-21,21.637,+11.38%
1962-02-20,21.742,+11.99%
1962-02-19,21.665,+11.99%
1962-02-16,21.720,+11.91%
1962-02-15,21.766,+12.84%
1962-02-14,21.668,+13.26%
1962-02-13,21.677,+13.81%
1962-02-12,21.680,+13.16%
1962-02-09,21.686,+12.24%
1962-02-08,21.717,+12.06%
1962-02-07,21.668,+12.82%
1962-02-06,21.526,+11.88%
1962-02-05,21.502,+10.93%
1962-02-02,21.480,+10.68%
1962-02-01,21.210,+7.45%
1962-01-31,21.182,+10.06%
1962-01-30,21.370,+12.76%
1962-01-29,21.285,+13.65%
1962-01-26,21.357,+15.21%
1962-01-25,21.426,+15.75%
1962-01-24,21.442,+15.99%
1962-01-23,21.408,+16.11%
1962-01-22,21.571,+17.64%
1962-01-19,21.552,+17.91%
1962-01-18,21.439,+17.47%
1962-01-17,21.417,+18.02%
1962-01-16,21.652,+18.84%
1962-01-15,21.777,+19.48%
1962-01-12,21.821,+20.29%
1962-01-11,21.746,+20.24%
1962-01-10,21.618,+19.87%
1962-01-09,21.677,+20.53%
1962-01-08,21.668,+21.16%
1962-01-05,21.837,+21.92%
1962-01-04,22.144,+24.08%
1962-01-03,22.298,+26.65%
1962-01-02,22.245,+19.60%
1962-01-01,21.250,+14.25%
1961-12-29,22.787,+28.36%
1961-12-28,22.831,+29.21%
1961-12-27,22.818,+29.72%
1961-12-26,22.618,+28.76%
1961-12-22,22.583,+28.68%
1961-12-21,22.567,+28.23%
1961-12-20,22.650,+29.73%
1961-12-19,22.694,+29.90%
1961-12-18,22.854,+30.65%
1961-12-15,22.933,+32.31%
1961-12-14,22.924,+31.88%
1961-12-13,23.099,+32.80%
1961-12-12,23.134,+33.07%
1961-12-11,23.054,+33.08%
1961-12-08,22.943,+33.61%
1961-12-07,22.834,+33.29%
1961-12-06,22.927,+35.16%
1961-12-05,22.908,+35.44%
1961-12-04,22.933,+35.39%
1961-12-01,22.490,+29.48%
1961-11-30,22.713,+33.72%
1961-11-29,23.129,+35.47%
1961-11-28,23.145,+35.07%
1961-11-27,23.177,+35.02%
1961-11-24,23.174,+35.01%
1961-11-22,23.129,+35.73%
1961-11-21,23.155,+35.38%
1961-11-20,23.135,+35.53%
1961-11-17,23.103,+36.00%
1961-11-16,23.103,+35.63%
1961-11-15,23.119,+35.46%
1961-11-14,23.116,+35.98%
1961-11-13,22.990,+34.55%
1961-11-10,22.926,+33.56%
1961-11-09,22.829,+34.87%
1961-11-08,22.861,+35.65%
1961-11-06,22.584,+34.52%
1961-11-03,22.410,+34.64%
1961-11-02,22.294,+34.46%
1961-11-01,22.640,+33.49%
1961-10-31,22.135,+35.57%
1961-10-30,22.433,+37.35%
1961-10-27,22.407,+36.64%
1961-10-26,22.446,+38.36%
1961-10-25,22.407,+40.10%
1961-10-24,22.289,+38.30%
1961-10-23,22.315,+36.85%
1961-10-20,22.452,+36.31%
1961-10-19,22.443,+35.28%
1961-10-18,22.364,+34.55%
1961-10-17,22.252,+33.20%
1961-10-16,22.246,+32.60%
1961-10-13,22.308,+33.68%
1961-10-12,22.348,+34.95%
1961-10-11,22.351,+34.80%
1961-10-10,22.331,+34.87%
1961-10-09,22.275,+34.81%
1961-10-06,22.285,+35.65%
1961-10-05,22.220,+36.09%
1961-10-04,22.026,+35.92%
1961-10-03,21.879,+34.08%
1961-10-02,21.892,+33.24%
1961-10-01,21.940,+33.54%
1961-09-29,21.951,+36.41%
1961-09-28,21.901,+36.46%
1961-09-27,21.865,+35.05%
1961-09-26,21.638,+33.35%
1961-09-25,21.635,+31.26%
1961-09-22,21.947,+32.02%
1961-09-21,22.036,+32.05%
1961-09-20,22.026,+33.35%
1961-09-19,21.934,+33.17%
1961-09-18,22.109,+31.19%
1961-09-15,22.253,+31.78%
1961-09-14,22.214,+31.03%
1961-09-13,22.372,+31.04%
1961-09-12,22.355,+31.08%
1961-09-11,22.132,+28.98%
1961-09-08,22.329,+30.99%
1961-09-07,22.484,+31.79%
1961-09-06,22.520,+30.36%
1961-09-05,22.355,+28.25%
1961-09-01,22.050,+31.56%
1961-08-31,22.391,+28.54%
1961-08-30,22.306,+27.93%
1961-08-29,22.220,+26.11%
1961-08-28,22.270,+26.04%
1961-08-25,22.260,+25.57%
1961-08-24,22.234,+24.82%
1961-08-23,22.362,+26.23%
1961-08-22,22.513,+28.33%
1961-08-21,22.510,+28.72%
1961-08-18,22.464,+28.91%
1961-08-17,22.405,+28.50%
1961-08-16,22.280,+28.05%
1961-08-15,22.220,+27.96%
1961-08-14,22.276,+28.17%
1961-08-11,22.388,+29.68%
1961-08-10,22.352,+29.96%
1961-08-09,22.283,+30.09%
1961-08-08,22.309,+30.99%
1961-08-07,22.260,+30.89%
1961-08-04,22.263,+32.23%
1961-08-03,22.135,+31.87%
1961-08-02,22.020,+30.43%
1961-08-01,22.300,+29.05%
1961-07-31,21.961,+28.97%
1961-07-28,22.017,+31.53%
1961-07-27,21.983,+32.29%
1961-07-26,21.729,+29.95%
1961-07-25,21.528,+29.53%
1961-07-24,21.409,+27.55%
1961-07-21,21.406,+26.65%
1961-07-20,21.356,+25.20%
1961-07-19,21.353,+24.97%
1961-07-18,21.257,+24.41%
1961-07-17,21.383,+24.37%
1961-07-14,21.545,+25.15%
1961-07-13,21.406,+24.39%
1961-07-12,21.558,+24.94%
1961-07-11,21.680,+24.28%
1961-07-10,21.686,+23.21%
1961-07-07,21.706,+23.62%
1961-07-06,21.719,+24.35%
1961-07-05,21.660,+23.84%
1961-07-03,21.521,+25.63%
1961-07-01,21.530,+25.69%
1961-06-30,21.333,+22.18%
1961-06-29,21.154,+22.60%
1961-06-28,21.177,+22.73%
1961-06-27,21.138,+21.67%
1961-06-26,21.138,+20.93%
1961-06-23,21.364,+22.42%
1961-06-22,21.279,+22.59%
1961-06-21,21.357,+23.41%
1961-06-20,21.361,+23.32%
1961-06-19,21.174,+21.65%
1961-06-16,21.370,+22.65%
1961-06-15,21.538,+23.46%
1961-06-14,21.633,+23.28%
1961-06-13,21.574,+22.77%
1961-06-12,21.689,+23.46%
1961-06-09,21.856,+24.35%
1961-06-08,21.859,+24.61%
1961-06-07,21.849,+25.55%
1961-06-06,21.931,+27.22%
1961-06-05,21.993,+29.07%
1961-06-02,21.879,+28.63%
1961-06-01,21.660,+23.35%
1961-05-31,21.823,+28.99%
1961-05-26,21.638,+30.11%
1961-05-25,21.502,+29.39%
1961-05-24,21.583,+29.81%
1961-05-23,21.720,+30.49%
1961-05-22,21.775,+30.66%
1961-05-19,21.912,+31.83%
1961-05-18,21.821,+31.86%
1961-05-17,21.951,+32.59%
1961-05-16,21.850,+32.48%
1961-05-15,21.769,+31.88%
1961-05-12,21.645,+32.20%
1961-05-11,21.625,+32.75%
1961-05-10,21.632,+33.16%
1961-05-09,21.651,+32.36%
1961-05-08,21.632,+32.36%
1961-05-05,21.668,+32.32%
1961-05-04,21.642,+31.72%
1961-05-03,21.557,+31.71%
1961-05-02,21.381,+32.32%
1961-05-01,21.800,+30.30%
1961-04-28,21.136,+31.33%
1961-04-27,21.184,+30.48%
1961-04-26,21.214,+30.66%
1961-04-25,21.133,+30.59%
1961-04-24,20.841,+27.48%
1961-04-21,21.285,+29.80%
1961-04-20,21.301,+30.25%
1961-04-19,21.298,+28.63%
1961-04-18,21.424,+28.34%
1961-04-17,21.579,+29.63%
1961-04-14,21.479,+29.03%
1961-04-13,21.443,+29.11%
1961-04-12,21.460,+29.21%
1961-04-11,21.560,+30.12%
1961-04-10,21.531,+29.44%
1961-04-07,21.346,+28.03%
1961-04-06,21.233,+27.37%
1961-04-05,21.184,+28.54%
1961-04-04,21.249,+29.70%
1961-04-03,21.230,+27.58%
1961-04-01,21.440,+28.85%
1961-03-30,20.654,+25.79%
1961-03-29,20.613,+25.28%
1961-03-28,20.438,+24.03%
1961-03-27,20.429,+23.71%
1961-03-24,20.451,+23.85%
1961-03-23,20.486,+24.60%
1961-03-22,20.540,+25.94%
1961-03-21,20.552,+26.51%
1961-03-20,20.590,+26.89%
1961-03-17,20.508,+26.50%
1961-03-16,20.384,+25.55%
1961-03-15,20.181,+24.98%
1961-03-14,20.121,+25.57%
1961-03-13,20.210,+26.31%
1961-03-10,20.152,+26.91%
1961-03-09,20.159,+26.46%
1961-03-08,20.140,+27.69%
1961-03-07,20.149,+26.44%
1961-03-06,20.333,+26.32%
1961-03-03,20.302,+25.64%
1961-03-02,20.270,+23.54%
1961-03-01,20.750,+27.85%
1961-02-28,20.140,+21.57%
1961-02-27,19.720,+19.04%
1961-02-24,19.576,+19.06%
1961-02-23,19.498,+18.16%
1961-02-21,19.427,+17.10%
1961-02-20,19.414,+17.02%
1961-02-17,19.346,+19.18%
1961-02-16,19.408,+20.21%
1961-02-15,19.290,+18.53%
1961-02-14,19.131,+16.94%
1961-02-13,19.047,+16.42%
1961-02-10,19.159,+17.04%
1961-02-09,19.321,+17.30%
1961-02-08,19.380,+18.76%
1961-02-07,19.206,+16.31%
1961-02-06,19.240,+16.51%
1961-02-03,19.383,+16.67%
1961-02-02,19.408,+15.79%
1961-02-01,19.740,+20.00%
1961-01-31,19.246,+17.33%
1961-01-30,18.951,+15.53%
1961-01-27,18.728,+11.93%
1961-01-26,18.538,+10.52%
1961-01-25,18.511,+10.52%
1961-01-24,18.486,+9.22%
1961-01-23,18.437,+8.93%
1961-01-20,18.336,+8.92%
1961-01-19,18.278,+8.19%
1961-01-18,18.251,+6.87%
1961-01-17,18.147,+5.38%
1961-01-16,18.220,+5.80%
1961-01-13,18.226,+6.38%
1961-01-12,18.141,+5.29%
1961-01-11,18.086,+4.33%
1961-01-10,18.034,+2.75%
1961-01-09,17.985,+2.47%
1961-01-06,17.884,+0.83%
1961-01-05,17.911,+0.54%
1961-01-04,17.847,+0.98%
1961-01-03,17.606,+2.84%
1961-01-01,18.600,+8.64%
1960-12-30,17.771,+1.09%
1960-12-29,17.752,+1.78%
1960-12-28,17.670,+1.86%
1960-12-27,17.590,+1.37%
1960-12-23,17.566,+1.30%
1960-12-22,17.550,+0.90%
1960-12-21,17.599,+1.00%
1960-12-20,17.459,+0.37%
1960-12-19,17.471,+0.44%
1960-12-16,17.492,+0.85%
1960-12-15,17.333,+0.05%
1960-12-14,17.382,+0.10%
1960-12-13,17.394,+0.44%
1960-12-12,17.385,+0.39%
1960-12-09,17.324,-0.12%
1960-12-08,17.171,-1.62%
1960-12-07,17.131,-1.21%
1960-12-06,16.963,-2.00%
1960-12-05,16.914,-2.28%
1960-12-02,16.939,-1.72%
1960-12-01,17.370,-0.29%
1960-11-30,16.985,-0.91%
1960-11-29,17.073,+1.20%
1960-11-28,17.135,+1.56%
1960-11-24,17.165,+2.36%
1960-11-23,17.064,+2.24%
1960-11-22,17.040,+2.29%
1960-11-21,17.104,+2.68%
1960-11-18,17.070,+2.44%
1960-11-17,16.988,+3.05%
1960-11-16,17.034,+3.62%
1960-11-15,17.067,+2.67%
1960-11-14,17.000,+2.27%
1960-11-11,17.086,+1.64%
1960-11-10,17.165,+2.13%
1960-11-09,16.927,+0.68%
1960-11-07,16.853,+0.07%
1960-11-04,16.789,+0.27%
1960-11-03,16.645,-0.85%
1960-11-02,16.581,-1.23%
1960-11-01,16.960,+0.77%
1960-10-31,16.327,-2.64%
1960-10-28,16.333,-2.50%
1960-10-27,16.398,-2.05%
1960-10-26,16.223,-2.28%
1960-10-25,15.994,-3.01%
1960-10-24,16.116,-2.27%
1960-10-21,16.306,-1.10%
1960-10-20,16.471,-0.29%
1960-10-19,16.590,-0.19%
1960-10-18,16.621,-0.56%
1960-10-17,16.706,-0.05%
1960-10-14,16.777,+1.47%
1960-10-13,16.688,+0.14%
1960-10-12,16.560,-0.90%
1960-10-11,16.581,-0.22%
1960-10-10,16.557,-0.37%
1960-10-07,16.523,-0.47%
1960-10-06,16.428,-1.30%
1960-10-05,16.327,-1.99%
1960-10-04,16.205,-2.82%
1960-10-03,16.318,-2.15%
1960-10-01,16.430,-1.44%
1960-09-30,16.367,-1.30%
1960-09-29,16.092,-4.31%
1960-09-28,16.049,-3.96%
1960-09-27,16.190,-2.40%
1960-09-26,16.226,-2.18%
1960-09-23,16.483,+0.99%
1960-09-22,16.624,+3.11%
1960-09-21,16.688,+3.26%
1960-09-20,16.517,+0.71%
1960-09-19,16.471,+0.43%
1960-09-16,16.853,+1.62%
1960-09-15,16.887,+1.89%
1960-09-14,16.954,+1.74%
1960-09-13,17.073,+1.70%
1960-09-12,17.055,+1.60%
1960-09-09,17.159,+2.44%
1960-09-08,17.046,+1.04%
1960-09-07,17.061,-0.33%
1960-09-06,17.275,+0.92%
1960-09-02,17.431,+1.18%
1960-09-01,16.760,+0.78%
1960-08-31,17.419,-0.05%
1960-08-30,17.436,-0.06%
1960-08-29,17.620,+1.00%
1960-08-26,17.669,+2.00%
1960-08-25,17.727,+2.47%
1960-08-24,17.813,+3.18%
1960-08-23,17.715,+2.25%
1960-08-22,17.543,+1.25%
1960-08-19,17.488,+2.34%
1960-08-18,17.426,+1.37%
1960-08-17,17.436,+0.48%
1960-08-16,17.399,+0.07%
1960-08-15,17.365,-0.13%
1960-08-12,17.380,+0.03%
1960-08-11,17.264,-0.87%
1960-08-10,17.199,+0.05%
1960-08-09,17.129,-2.44%
1960-08-08,17.031,-3.00%
1960-08-05,17.006,-3.83%
1960-08-04,16.837,-5.27%
1960-08-03,16.785,-5.72%
1960-08-02,16.883,-2.80%
1960-08-01,17.280,-0.52%
1960-07-29,17.028,-4.49%
1960-07-28,16.739,-5.65%
1960-07-27,16.617,-5.87%
1960-07-26,16.721,-4.69%
1960-07-25,16.620,-5.27%
1960-07-22,16.785,-4.26%
1960-07-21,16.902,-3.27%
1960-07-20,17.058,-1.55%
1960-07-19,17.086,-1.86%
1960-07-18,17.086,-1.86%
1960-07-15,17.193,-1.90%
1960-07-14,17.215,-1.71%
1960-07-13,17.209,-1.52%
1960-07-12,17.255,-2.08%
1960-07-11,17.445,-1.00%
1960-07-08,17.601,-0.31%
1960-07-07,17.558,-0.52%
1960-07-06,17.466,-0.44%
1960-07-05,17.491,+0.32%
1960-07-01,17.130,-2.23%
1960-06-30,17.460,+1.53%
1960-06-29,17.255,-2.45%
1960-06-28,17.255,-1.79%
1960-06-27,17.373,-1.12%
1960-06-24,17.479,+0.47%
1960-06-23,17.452,+0.83%
1960-06-22,17.358,+0.27%
1960-06-21,17.306,-0.03%
1960-06-20,17.321,+0.05%
1960-06-17,17.406,+0.61%
1960-06-16,17.424,+1.66%
1960-06-15,17.445,+1.01%
1960-06-14,17.548,+1.08%
1960-06-13,17.573,+1.22%
1960-06-10,17.567,+1.37%
1960-06-09,17.576,+2.91%
1960-06-08,17.542,+1.99%
1960-06-07,17.403,-0.14%
1960-06-06,17.239,-1.08%
1960-06-03,17.039,-3.47%
1960-06-02,17.009,-3.60%
1960-06-01,17.560,+3.91%
1960-05-31,16.918,-7.45%
1960-05-27,16.639,-8.21%
1960-05-26,16.630,-8.11%
1960-05-25,16.618,-8.31%
1960-05-24,16.627,-8.50%
1960-05-23,16.645,-8.40%
1960-05-20,16.666,-7.91%
1960-05-19,16.621,-8.51%
1960-05-18,16.549,-8.64%
1960-05-17,16.555,-8.63%
1960-05-16,16.493,-8.97%
1960-05-13,16.507,-8.59%
1960-05-12,16.373,-8.84%
1960-05-11,16.290,-9.15%
1960-05-10,16.245,-9.03%
1960-05-09,16.358,-8.39%
1960-05-06,16.343,-8.94%
1960-05-05,16.376,-8.98%
1960-05-04,16.430,-8.52%
1960-05-03,16.367,-6.79%
1960-05-02,16.158,-7.98%
1960-05-01,16.730,-4.73%
1960-04-29,16.038,-13.54%
1960-04-28,16.094,-13.58%
1960-04-27,16.236,-13.15%
1960-04-26,16.236,-12.88%
1960-04-25,16.183,-13.17%
1960-04-22,16.348,-11.93%
1960-04-21,16.398,-12.24%
1960-04-20,16.354,-12.56%
1960-04-19,16.558,-11.09%
1960-04-18,16.693,-10.37%
1960-04-14,16.646,-8.71%
1960-04-13,16.608,-8.47%
1960-04-12,16.608,-8.13%
1960-04-11,16.569,-8.34%
1960-04-08,16.634,-7.97%
1960-04-07,16.673,-8.19%
1960-04-06,16.670,-8.40%
1960-04-05,16.481,-9.19%
1960-04-04,16.383,-9.73%
1960-04-01,16.640,-6.46%
1960-03-31,16.324,-8.43%
1960-03-30,16.419,-9.98%
1960-03-29,16.454,-10.29%
1960-03-28,16.478,-10.16%
1960-03-25,16.513,-10.17%
1960-03-24,16.513,-10.29%
1960-03-23,16.442,-10.53%
1960-03-22,16.310,-12.07%
1960-03-21,16.245,-12.42%
1960-03-18,16.227,-12.52%
1960-03-17,16.212,-12.80%
1960-03-16,16.236,-11.96%
1960-03-15,16.147,-13.38%
1960-03-14,16.024,-14.04%
1960-03-11,16.000,-13.68%
1960-03-10,15.879,-14.27%
1960-03-09,15.941,-13.69%
1960-03-08,15.773,-14.69%
1960-03-07,15.935,-13.82%
1960-03-04,16.097,-13.16%
1960-03-03,16.159,-12.67%
1960-03-02,16.407,-10.50%
1960-03-01,16.230,-10.13%
1960-02-29,16.555,-8.33%
1960-02-26,16.566,-11.39%
1960-02-25,16.499,-11.59%
1960-02-24,16.442,-12.28%
1960-02-23,16.501,-12.03%
1960-02-19,16.590,-10.75%
1960-02-18,16.460,-10.60%
1960-02-17,16.233,-11.49%
1960-02-16,16.145,-12.31%
1960-02-15,16.274,-11.48%
1960-02-12,16.360,-10.32%
1960-02-11,16.277,-11.35%
1960-02-10,16.369,-10.80%
1960-02-09,16.472,-9.00%
1960-02-08,16.319,-11.16%
1960-02-05,16.513,-10.82%
1960-02-04,16.599,-10.76%
1960-02-03,16.614,-11.04%
1960-02-02,16.761,-10.14%
1960-02-01,16.450,-8.71%
1960-01-29,16.404,-14.12%
1960-01-28,16.558,-13.25%
1960-01-27,16.732,-13.31%
1960-01-26,16.773,-13.08%
1960-01-25,16.749,-13.56%
1960-01-22,16.926,-12.60%
1960-01-21,16.876,-12.97%
1960-01-20,16.835,-12.68%
1960-01-19,16.894,-12.31%
1960-01-18,17.077,-11.57%
1960-01-15,17.221,-10.86%
1960-01-14,17.227,-10.49%
1960-01-13,17.133,-10.74%
1960-01-12,17.230,-10.73%
1960-01-11,17.336,-10.17%
1960-01-08,17.552,-8.44%
1960-01-07,17.608,-7.29%
1960-01-06,17.737,-7.79%
1960-01-05,17.814,-7.51%
1960-01-04,17.673,-7.87%
1960-01-01,17.120,-8.89%
1959-12-31,17.667,-7.52%
1959-12-30,17.579,-7.51%
1959-12-29,17.441,-7.92%
1959-12-28,17.347,-7.35%
1959-12-24,17.353,-7.32%
1959-12-23,17.341,-6.18%
1959-12-22,17.394,-6.41%
1959-12-21,17.424,-6.87%
1959-12-18,17.394,-7.17%
1959-12-17,17.312,-7.21%
1959-12-16,17.344,-6.43%
1959-12-15,17.324,-6.19%
1959-12-14,17.365,-5.70%
1959-12-11,17.318,-6.19%
1959-12-10,17.359,-6.16%
1959-12-09,17.344,-5.10%
1959-12-08,17.453,-3.96%
1959-12-07,17.341,-4.47%
1959-12-04,17.309,-4.81%
1959-12-03,17.274,-4.96%
1959-12-02,17.235,-5.05%
1959-12-01,17.420,-5.89%
1959-11-30,17.141,-5.93%
1959-11-27,16.871,-6.38%
1959-11-25,16.795,-5.19%
1959-11-24,16.769,-5.91%
1959-11-23,16.690,-8.79%
1959-11-20,16.658,-9.84%
1959-11-19,16.649,-9.87%
1959-11-18,16.664,-9.67%
1959-11-17,16.485,-10.82%
1959-11-16,16.439,-10.82%
1959-11-13,16.623,-9.38%
1959-11-12,16.716,-9.25%
1959-11-11,16.810,-8.62%
1959-11-10,16.807,-7.92%
1959-11-09,16.813,-7.35%
1959-11-06,16.842,-7.52%
1959-11-05,16.760,-7.23%
1959-11-04,16.743,-6.48%
1959-11-02,16.787,-7.61%
1959-11-01,16.830,-7.37%
1959-10-30,16.770,-5.80%
1959-10-29,16.738,-5.83%
1959-10-28,16.752,-4.67%
1959-10-27,16.741,-4.38%
1959-10-26,16.601,-5.90%
1959-10-23,16.490,-6.83%
1959-10-22,16.327,-7.93%
1959-10-21,16.487,-7.39%
1959-10-20,16.519,-7.21%
1959-10-19,16.621,-6.98%
1959-10-16,16.714,-5.51%
1959-10-15,16.580,-5.60%
1959-10-14,16.534,-7.11%
1959-10-13,16.665,-7.02%
1959-10-12,16.711,-6.35%
1959-10-09,16.618,-6.25%
1959-10-08,16.563,-6.58%
1959-10-07,16.601,-6.20%
1959-10-06,16.644,-5.42%
1959-10-05,16.659,-4.75%
1959-10-02,16.676,-4.27%
1959-10-01,16.670,-5.77%
1959-09-30,16.583,-4.60%
1959-09-29,16.816,-2.22%
1959-09-28,16.711,-2.41%
1959-09-25,16.588,-2.95%
1959-09-24,16.602,-3.29%
1959-09-23,16.322,-4.49%
1959-09-22,16.123,-4.97%
1959-09-21,16.161,-5.13%
1959-09-18,16.401,-3.09%
1959-09-17,16.494,-3.03%
1959-09-16,16.585,-2.54%
1959-09-15,16.573,-1.84%
1959-09-14,16.664,-0.42%
1959-09-11,16.787,+0.09%
1959-09-10,16.664,+0.03%
1959-09-09,16.751,+0.25%
1959-09-08,16.871,+1.65%
1959-09-04,17.117,+3.20%
1959-09-03,17.035,+2.53%
1959-09-02,17.228,+4.08%
1959-09-01,16.630,-2.18%
1959-08-31,17.427,+6.20%
1959-08-28,17.446,+6.52%
1959-08-27,17.490,+6.23%
1959-08-26,17.323,+5.24%
1959-08-25,17.299,+5.45%
1959-08-24,17.264,+5.26%
1959-08-21,17.326,+5.85%
1959-08-20,17.343,+6.65%
1959-08-19,17.088,+5.13%
1959-08-18,17.191,+5.94%
1959-08-17,17.352,+6.30%
1959-08-14,17.387,+5.61%
1959-08-13,17.346,+5.58%
1959-08-12,17.375,+5.93%
1959-08-11,17.416,+5.19%
1959-08-10,17.191,+4.11%
1959-08-07,17.557,+6.95%
1959-08-06,17.666,+8.32%
1959-08-05,17.683,+7.76%
1959-08-04,17.774,+7.89%
1959-08-03,17.804,+8.23%
1959-08-01,17.370,+5.59%
1959-07-31,17.745,+9.43%
1959-07-30,17.794,+10.71%
1959-07-29,17.829,+11.24%
1959-07-28,17.741,+10.25%
1959-07-27,17.653,+10.12%
1959-07-24,17.544,+10.19%
1959-07-23,17.550,+10.82%
1959-07-22,17.532,+10.68%
1959-07-21,17.474,+10.51%
1959-07-20,17.326,+10.91%
1959-07-17,17.409,+11.98%
1959-07-16,17.474,+13.14%
1959-07-15,17.526,+13.83%
1959-07-14,17.515,+13.69%
1959-07-13,17.474,+11.98%
1959-07-10,17.621,+13.67%
1959-07-09,17.638,+14.21%
1959-07-08,17.656,+13.95%
1959-07-07,17.650,+13.36%
1959-07-06,17.544,+13.05%
1959-07-02,17.435,+12.72%
1959-07-01,17.520,+10.89%
1959-06-30,17.197,+11.38%
1959-06-29,17.688,+18.18%
1959-06-26,17.570,+17.55%
1959-06-25,17.494,+17.59%
1959-06-24,17.397,+17.23%
1959-06-23,17.309,+16.19%
1959-06-22,17.312,+15.80%
1959-06-19,17.312,+16.42%
1959-06-18,17.288,+14.39%
1959-06-17,17.300,+15.49%
1959-06-16,17.139,+13.80%
1959-06-15,17.270,+15.08%
1959-06-12,17.361,+16.38%
1959-06-11,17.348,+16.98%
1959-06-10,17.330,+16.88%
1959-06-09,17.079,+14.96%
1959-06-08,17.200,+15.59%
1959-06-05,17.427,+17.35%
1959-06-04,17.464,+17.74%
1959-06-03,17.652,+19.11%
1959-06-02,17.645,+19.47%
1959-06-01,16.900,+10.67%
1959-05-29,18.280,+27.28%
1959-05-28,18.190,+27.35%
1959-05-27,18.128,+27.09%
1959-05-26,18.097,+26.70%
1959-05-25,18.125,+26.84%
1959-05-22,18.171,+27.42%
1959-05-21,18.112,+27.68%
1959-05-20,18.097,+27.40%
1959-05-19,18.168,+28.99%
1959-05-18,18.115,+28.26%
1959-05-15,18.118,+28.34%
1959-05-14,18.184,+29.46%
1959-05-13,18.059,+27.10%
1959-05-12,17.960,+26.03%
1959-05-11,17.931,+25.11%
1959-05-08,17.857,+24.62%
1959-05-07,17.720,+23.84%
1959-05-06,17.947,+25.19%
1959-05-05,17.991,+26.13%
1959-05-04,17.960,+26.20%
1959-05-01,17.560,+20.52%
1959-04-30,17.941,+26.79%
1959-04-29,18.550,+35.46%
1959-04-28,18.624,+35.31%
1959-04-27,18.695,+35.38%
1959-04-24,18.637,+35.65%
1959-04-23,18.521,+35.87%
1959-04-22,18.563,+36.18%
1959-04-21,18.685,+36.67%
1959-04-20,18.704,+37.51%
1959-04-17,18.624,+38.42%
1959-04-16,18.466,+37.72%
1959-04-15,18.315,+35.54%
1959-04-14,18.235,+36.33%
1959-04-13,18.145,+36.50%
1959-04-10,18.077,+36.12%
1959-04-09,18.061,+36.17%
1959-04-08,18.074,+36.33%
1959-04-07,18.161,+37.98%
1959-04-06,18.199,+37.77%
1959-04-03,18.148,+37.38%
1959-04-02,18.006,+35.91%
1959-04-01,17.790,+29.01%
1959-03-31,17.826,+32.95%
1959-03-30,18.240,+39.17%
1959-03-26,18.342,+39.62%
1959-03-25,18.382,+39.47%
1959-03-24,18.408,+39.20%
1959-03-23,18.378,+39.50%
1959-03-20,18.549,+41.83%
1959-03-19,18.533,+41.79%
1959-03-18,18.549,+42.59%
1959-03-17,18.592,+42.40%
1959-03-16,18.441,+40.28%
1959-03-13,18.641,+41.37%
1959-03-12,18.618,+41.36%
1959-03-11,18.536,+40.40%
1959-03-10,18.523,+41.30%
1959-03-09,18.470,+41.37%
1959-03-06,18.490,+41.76%
1959-03-05,18.563,+44.13%
1959-03-04,18.536,+44.34%
1959-03-03,18.503,+44.86%
1959-03-02,18.332,+36.70%
1959-03-01,18.060,+34.68%
1959-02-27,18.720,+51.40%
1959-02-26,18.696,+50.31%
1959-02-25,18.662,+51.20%
1959-02-24,18.743,+51.69%
1959-02-20,18.757,+50.84%
1959-02-19,18.588,+48.61%
1959-02-18,18.412,+47.13%
1959-02-17,18.341,+46.79%
1959-02-16,18.412,+46.57%
1959-02-13,18.385,+47.74%
1959-02-12,18.243,+46.64%
1959-02-11,18.361,+46.95%
1959-02-10,18.351,+45.55%
1959-02-09,18.101,+42.71%
1959-02-06,18.368,+43.54%
1959-02-05,18.517,+44.39%
1959-02-04,18.601,+44.13%
1959-02-03,18.676,+46.16%
1959-02-02,18.652,+45.60%
1959-02-01,18.020,+40.67%
1959-01-30,19.176,+55.05%
1959-01-29,19.100,+53.70%
1959-01-28,19.087,+54.51%
1959-01-27,19.301,+56.40%
1959-01-26,19.298,+55.92%
1959-01-23,19.377,+57.88%
1959-01-22,19.367,+58.41%
1959-01-21,19.391,+58.23%
1959-01-20,19.280,+57.13%
1959-01-19,19.266,+57.97%
1959-01-16,19.311,+58.49%
1959-01-15,19.318,+58.83%
1959-01-14,19.246,+59.48%
1959-01-13,19.194,+59.75%
1959-01-12,19.301,+61.12%
1959-01-09,19.298,+59.59%
1959-01-08,19.170,+57.61%
1959-01-07,18.993,+56.12%
1959-01-06,19.235,+59.35%
1959-01-05,19.260,+58.81%
1959-01-02,19.183,+60.30%
1959-01-01,18.790,+50.32%
1958-12-31,19.104,+61.00%
1958-12-30,19.007,+63.28%
1958-12-29,18.941,+61.89%
1958-12-24,18.723,+61.07%
1958-12-23,18.484,+59.18%
1958-12-22,18.585,+60.05%
1958-12-19,18.709,+59.82%
1958-12-18,18.737,+61.78%
1958-12-17,18.657,+60.92%
1958-12-16,18.536,+57.08%
1958-12-15,18.467,+54.16%
1958-12-12,18.415,+54.41%
1958-12-11,18.460,+54.93%
1958-12-10,18.498,+55.07%
1958-12-09,18.277,+51.87%
1958-12-08,18.173,+49.57%
1958-12-05,18.152,+48.64%
1958-12-04,18.183,+48.82%
1958-12-03,18.176,+49.38%
1958-12-02,18.152,+49.21%
1958-12-01,18.510,+54.64%
1958-11-28,18.222,+51.96%
1958-11-26,18.021,+54.63%
1958-11-25,17.715,+47.98%
1958-11-24,17.823,+50.01%
1958-11-21,18.299,+55.51%
1958-11-20,18.476,+59.21%
1958-11-19,18.472,+59.61%
1958-11-18,18.448,+58.49%
1958-11-17,18.486,+57.53%
1958-11-14,18.434,+60.78%
1958-11-13,18.344,+59.55%
1958-11-12,18.420,+60.01%
1958-11-11,18.396,+57.50%
1958-11-10,18.253,+56.24%
1958-11-07,18.146,+53.48%
1958-11-06,18.212,+54.96%
1958-11-05,18.066,+53.95%
1958-11-03,17.903,+50.83%
1958-11-01,18.170,+53.07%
1958-10-31,17.823,+49.32%
1958-10-30,17.802,+50.60%
1958-10-29,17.774,+51.58%
1958-10-28,17.573,+50.87%
1958-10-27,17.507,+49.67%
1958-10-24,17.642,+50.38%
1958-10-23,17.698,+50.78%
1958-10-22,17.733,+57.87%
1958-10-21,17.802,+57.79%
1958-10-20,17.802,+53.18%
1958-10-17,17.868,+52.52%
1958-10-16,17.688,+48.50%
1958-10-15,17.563,+46.25%
1958-10-14,17.799,+49.76%
1958-10-13,17.924,+51.92%
1958-10-10,17.844,+51.17%
1958-10-09,17.726,+46.48%
1958-10-08,17.729,+46.65%
1958-10-07,17.698,+45.46%
1958-10-06,17.597,+42.71%
1958-10-03,17.490,+40.69%
1958-10-02,17.420,+40.25%
1958-10-01,17.690,+47.54%
1958-09-30,17.382,+42.18%
1958-09-29,17.197,+39.44%
1958-09-26,17.124,+38.78%
1958-09-25,17.093,+38.89%
1958-09-24,17.166,+37.79%
1958-09-23,17.090,+38.11%
1958-09-22,16.966,+33.97%
1958-09-19,17.034,+32.35%
1958-09-18,16.924,+30.65%
1958-09-17,17.010,+31.46%
1958-09-16,17.017,+31.69%
1958-09-15,16.883,+30.01%
1958-09-12,16.734,+28.81%
1958-09-11,16.772,+30.74%
1958-09-10,16.659,+31.01%
1958-09-09,16.710,+30.19%
1958-09-08,16.597,+28.15%
1958-09-05,16.541,+27.33%
1958-09-04,16.586,+27.02%
1958-09-03,16.614,+26.14%
1958-09-02,16.552,+30.64%
1958-09-01,17.000,+34.18%
1958-08-29,16.409,+26.97%
1958-08-28,16.378,+26.21%
1958-08-27,16.464,+26.96%
1958-08-26,16.460,+29.01%
1958-08-25,16.405,+26.79%
1958-08-22,16.402,+24.94%
1958-08-21,16.368,+23.77%
1958-08-20,16.261,+23.51%
1958-08-19,16.254,+24.50%
1958-08-18,16.227,+21.80%
1958-08-15,16.323,+22.74%
1958-08-14,16.464,+23.85%
1958-08-13,16.430,+22.07%
1958-08-12,16.402,+21.78%
1958-08-11,16.557,+21.39%
1958-08-08,16.512,+21.11%
1958-08-07,16.416,+20.07%
1958-08-06,16.309,+20.21%
1958-08-05,16.409,+19.44%
1958-08-04,16.474,+18.86%
1958-08-01,16.450,+23.78%
1958-07-31,16.216,+16.44%
1958-07-30,16.072,+14.70%
1958-07-29,16.027,+14.38%
1958-07-28,16.092,+13.59%
1958-07-25,16.031,+12.79%
1958-07-24,15.922,+12.02%
1958-07-23,15.836,+11.53%
1958-07-22,15.840,+11.76%
1958-07-21,15.812,+11.31%
1958-07-18,15.621,+10.08%
1958-07-17,15.546,+9.44%
1958-07-16,15.444,+8.06%
1958-07-15,15.396,+7.18%
1958-07-14,15.406,+7.35%
1958-07-11,15.604,+9.22%
1958-07-10,15.502,+8.09%
1958-07-09,15.444,+8.41%
1958-07-08,15.495,+8.37%
1958-07-07,15.570,+9.36%
1958-07-03,15.519,+9.52%
1958-07-02,15.468,+10.44%
1958-07-01,15.800,+12.06%
1958-06-30,15.440,+11.15%
1958-06-27,14.967,+7.99%
1958-06-26,14.947,+8.24%
1958-06-25,14.877,+7.59%
1958-06-24,14.840,+8.18%
1958-06-23,14.897,+7.74%
1958-06-20,14.950,+7.48%
1958-06-19,14.870,+6.26%
1958-06-18,15.113,+7.28%
1958-06-17,14.980,+5.89%
1958-06-16,15.060,+6.66%
1958-06-13,15.007,+6.30%
1958-06-12,14.917,+5.86%
1958-06-11,14.830,+5.48%
1958-06-10,14.827,+6.67%
1958-06-09,14.857,+6.32%
1958-06-06,14.880,+6.60%
1958-06-05,14.850,+7.13%
1958-06-04,14.833,+6.98%
1958-06-03,14.820,+6.69%
1958-06-02,14.770,+6.26%
1958-06-01,15.270,+9.86%
1958-05-29,14.362,+3.96%
1958-05-28,14.283,+4.32%
1958-05-27,14.264,+3.98%
1958-05-26,14.283,+3.16%
1958-05-23,14.290,+3.35%
1958-05-22,14.261,+3.16%
1958-05-21,14.186,+2.20%
1958-05-20,14.205,+2.47%
1958-05-19,14.085,+1.87%
1958-05-16,14.124,+2.43%
1958-05-15,14.117,+2.80%
1958-05-14,14.046,+2.63%
1958-05-13,14.208,+3.35%
1958-05-12,14.251,+4.30%
1958-05-09,14.332,+5.42%
1958-05-08,14.329,+5.51%
1958-05-07,14.309,+5.77%
1958-05-06,14.336,+5.65%
1958-05-05,14.264,+4.97%
1958-05-02,14.231,+4.61%
1958-05-01,14.570,+6.20%
1958-04-30,14.150,+5.49%
1958-04-29,13.694,+1.81%
1958-04-28,13.764,+2.85%
1958-04-25,13.809,+3.05%
1958-04-24,13.739,+2.17%
1958-04-23,13.631,+1.53%
1958-04-22,13.631,+1.91%
1958-04-21,13.672,+2.37%
1958-04-18,13.602,+1.84%
1958-04-17,13.455,+1.48%
1958-04-16,13.408,+1.26%
1958-04-15,13.513,+2.21%
1958-04-14,13.376,+0.97%
1958-04-11,13.293,+0.57%
1958-04-10,13.280,+0.39%
1958-04-09,13.264,+0.68%
1958-04-08,13.258,+1.55%
1958-04-07,13.162,+0.59%
1958-04-03,13.210,+0.84%
1958-04-02,13.248,+1.40%
1958-04-01,13.790,+4.39%
1958-03-31,13.408,+3.35%
1958-03-28,13.106,+0.86%
1958-03-27,13.096,+0.99%
1958-03-26,13.137,+1.72%
1958-03-25,13.180,+2.12%
1958-03-24,13.224,+2.04%
1958-03-21,13.174,+1.54%
1958-03-20,13.078,+0.82%
1958-03-19,13.071,+0.91%
1958-03-18,13.009,+0.87%
1958-03-17,13.056,+0.77%
1958-03-14,13.146,+1.42%
1958-03-13,13.186,+1.80%
1958-03-12,13.171,+2.35%
1958-03-11,13.202,+2.53%
1958-03-10,13.109,+1.13%
1958-03-07,13.065,+0.48%
1958-03-06,13.043,+0.04%
1958-03-05,12.879,-0.98%
1958-03-04,12.842,-0.90%
1958-03-03,12.773,-1.37%
1958-03-01,13.410,+3.55%
1958-02-28,12.683,-0.32%
1958-02-27,12.365,-2.87%
1958-02-26,12.438,-2.39%
1958-02-25,12.343,-2.97%
1958-02-24,12.356,-3.10%
1958-02-21,12.426,-2.55%
1958-02-20,12.435,-2.81%
1958-02-19,12.508,-1.93%
1958-02-18,12.514,-1.81%
1958-02-17,12.495,-2.08%
1958-02-14,12.562,-0.36%
1958-02-13,12.444,-1.41%
1958-02-12,12.441,+0.08%
1958-02-11,12.495,+0.09%
1958-02-10,12.608,-0.76%
1958-02-07,12.684,-0.84%
1958-02-06,12.796,-0.42%
1958-02-05,12.824,-0.37%
1958-02-04,12.906,-1.17%
1958-02-03,12.778,-0.09%
1958-02-01,12.810,+0.16%
1958-01-31,12.675,-3.35%
1958-01-30,12.368,-6.09%
1958-01-29,12.427,-5.22%
1958-01-28,12.353,-5.32%
1958-01-27,12.341,-6.11%
1958-01-24,12.377,-6.27%
1958-01-23,12.273,-6.73%
1958-01-22,12.226,-6.38%
1958-01-21,12.255,-5.88%
1958-01-20,12.270,-6.27%
1958-01-17,12.196,-8.03%
1958-01-16,12.184,-8.14%
1958-01-15,12.163,-8.20%
1958-01-14,12.068,-10.27%
1958-01-13,12.015,-11.28%
1958-01-10,11.979,-11.72%
1958-01-09,12.092,-10.67%
1958-01-08,12.163,-10.32%
1958-01-07,12.166,-10.63%
1958-01-06,12.071,-11.78%
1958-01-03,12.128,-11.25%
1958-01-02,11.967,-11.67%
1958-01-01,12.500,-6.16%
1957-12-31,11.866,-12.88%
1957-12-30,11.641,-14.53%
1957-12-27,11.700,-14.10%
1957-12-26,11.741,-13.80%
1957-12-24,11.624,-14.65%
1957-12-23,11.612,-14.74%
1957-12-20,11.612,-14.74%
1957-12-19,11.706,-14.05%
1957-12-18,11.582,-14.96%
1957-12-17,11.594,-14.88%
1957-12-16,11.800,-13.36%
1957-12-13,11.979,-12.05%
1957-12-12,11.926,-12.44%
1957-12-11,11.915,-12.52%
1957-12-10,11.929,-12.42%
1957-12-09,12.035,-11.64%
1957-12-06,12.150,-10.79%
1957-12-05,12.212,-10.34%
1957-12-04,12.218,-10.29%
1957-12-03,12.168,-10.66%
1957-12-02,12.165,-10.68%
1957-12-01,11.970,-12.11%
1957-11-29,12.128,-9.09%
1957-11-27,11.991,-10.11%
1957-11-26,11.654,-12.64%
1957-11-25,11.971,-10.26%
1957-11-22,11.881,-10.94%
1957-11-21,11.767,-11.79%
1957-11-20,11.605,-13.01%
1957-11-19,11.573,-13.25%
1957-11-18,11.640,-12.74%
1957-11-15,11.735,-12.03%
1957-11-14,11.465,-14.06%
1957-11-13,11.497,-13.82%
1957-11-12,11.512,-13.70%
1957-11-11,11.680,-12.44%
1957-11-08,11.683,-12.42%
1957-11-07,11.823,-11.37%
1957-11-06,11.753,-11.90%
1957-11-04,11.735,-12.03%
1957-11-01,11.870,-11.02%
1957-10-31,11.936,-11.19%
1957-10-30,11.821,-12.05%
1957-10-29,11.726,-12.75%
1957-10-28,11.648,-13.33%
1957-10-25,11.697,-12.97%
1957-10-24,11.732,-12.71%
1957-10-23,11.738,-12.66%
1957-10-22,11.233,-16.42%
1957-10-21,11.282,-16.06%
1957-10-18,11.622,-13.53%
1957-10-17,11.715,-12.83%
1957-10-16,11.911,-11.38%
1957-10-15,12.009,-10.65%
1957-10-14,11.885,-11.57%
1957-10-11,11.798,-12.22%
1957-10-10,11.804,-12.17%
1957-10-09,12.101,-9.96%
1957-10-08,12.089,-10.05%
1957-10-07,12.167,-9.47%
1957-10-04,12.331,-8.25%
1957-10-03,12.432,-7.50%
1957-10-02,12.421,-7.58%
1957-10-01,11.990,-10.79%
1957-09-30,12.225,-9.71%
1957-09-27,12.333,-8.91%
1957-09-26,12.339,-8.87%
1957-09-25,12.307,-9.11%
1957-09-24,12.458,-7.99%
1957-09-23,12.374,-8.61%
1957-09-20,12.664,-6.47%
1957-09-19,12.870,-4.95%
1957-09-18,12.954,-4.33%
1957-09-17,12.939,-4.44%
1957-09-16,12.922,-4.56%
1957-09-13,12.986,-4.09%
1957-09-12,12.991,-4.05%
1957-09-11,12.829,-5.25%
1957-09-10,12.716,-6.09%
1957-09-09,12.835,-5.21%
1957-09-06,12.951,-4.35%
1957-09-05,12.991,-4.05%
1957-09-04,13.058,-3.56%
1957-09-03,13.171,-2.73%
1957-09-01,12.670,-6.43%
1957-08-30,13.145,-4.82%
1957-08-29,12.924,-6.42%
1957-08-28,12.977,-6.03%
1957-08-27,12.968,-6.10%
1957-08-26,12.759,-7.61%
1957-08-23,12.939,-6.31%
1957-08-22,13.128,-4.94%
1957-08-21,13.224,-4.24%
1957-08-20,13.166,-4.66%
1957-08-19,13.055,-5.47%
1957-08-16,13.323,-3.53%
1957-08-15,13.299,-3.70%
1957-08-14,13.294,-3.74%
1957-08-13,13.459,-2.54%
1957-08-12,13.468,-2.48%
1957-08-09,13.640,-1.23%
1957-08-08,13.634,-1.27%
1957-08-07,13.672,-1.00%
1957-08-06,13.567,-1.76%
1957-08-05,13.738,-0.52%
1957-08-02,13.860,+0.36%
1957-08-01,13.290,-3.77%
1957-07-31,13.927,+1.36%
1957-07-30,14.012,+1.98%
1957-07-29,14.012,+1.98%
1957-07-26,14.167,+3.11%
1957-07-25,14.213,+3.44%
1957-07-24,14.213,+3.44%
1957-07-23,14.199,+3.34%
1957-07-22,14.173,+3.15%
1957-07-19,14.205,+3.38%
1957-07-18,14.190,+3.28%
1957-07-17,14.205,+3.38%
1957-07-16,14.292,+4.02%
1957-07-15,14.365,+4.55%
1957-07-12,14.351,+4.45%
1957-07-11,14.287,+3.98%
1957-07-10,14.342,+4.38%
1957-07-09,14.246,+3.68%
1957-07-08,14.298,+4.06%
1957-07-05,14.237,+3.62%
1957-07-03,14.170,+3.13%
1957-07-02,14.006,+1.94%
1957-07-01,14.100,+2.62%
1957-06-28,13.891,+8.10%
1957-06-27,13.859,+7.85%
1957-06-26,13.809,+7.46%
1957-06-25,13.827,+7.60%
1957-06-24,13.718,+6.75%
1957-06-21,13.827,+7.60%
1957-06-20,13.909,+8.24%
1957-06-19,13.994,+8.90%
1957-06-18,14.088,+9.63%
1957-06-17,14.147,+10.09%
1957-06-14,14.120,+9.88%
1957-06-13,14.117,+9.86%
1957-06-12,14.091,+9.66%
1957-06-11,14.059,+9.41%
1957-06-10,13.900,+8.17%
1957-06-07,13.974,+8.75%
1957-06-06,13.959,+8.63%
1957-06-05,13.862,+7.88%
1957-06-04,13.865,+7.90%
1957-06-03,13.891,+8.10%
1957-06-01,13.900,+8.17%
1957-05-31,13.909,+8.49%
1957-05-29,13.815,+7.76%
1957-05-28,13.692,+6.80%
1957-05-27,13.718,+7.00%
1957-05-24,13.845,+8.00%
1957-05-23,13.827,+7.85%
1957-05-22,13.824,+7.83%
1957-05-21,13.880,+8.27%
1957-05-20,13.862,+8.13%
1957-05-17,13.827,+7.85%
1957-05-16,13.789,+7.56%
1957-05-15,13.733,+7.12%
1957-05-14,13.686,+6.76%
1957-05-13,13.748,+7.24%
1957-05-10,13.663,+6.58%
1957-05-09,13.595,+6.05%
1957-05-08,13.581,+5.94%
1957-05-07,13.528,+5.52%
1957-05-06,13.569,+5.84%
1957-05-03,13.589,+6.00%
1957-05-02,13.604,+6.12%
1957-05-01,13.720,+7.02%
1957-04-30,13.413,+2.16%
1957-04-29,13.450,+2.44%
1957-04-26,13.382,+1.92%
1957-04-25,13.400,+2.06%
1957-04-24,13.447,+2.41%
1957-04-23,13.426,+2.25%
1957-04-22,13.376,+1.87%
1957-04-18,13.356,+1.72%
1957-04-17,13.259,+0.98%
1957-04-16,13.241,+0.85%
1957-04-15,13.221,+0.69%
1957-04-12,13.247,+0.89%
1957-04-11,13.218,+0.67%
1957-04-10,13.229,+0.75%
1957-04-09,13.174,+0.34%
1957-04-08,13.056,-0.56%
1957-04-05,13.085,-0.34%
1957-04-04,13.071,-0.45%
1957-04-03,13.100,-0.23%
1957-04-02,13.065,-0.50%
1957-04-01,13.210,+0.61%
1957-03-29,12.974,+0.81%
1957-03-28,12.994,+0.96%
1957-03-27,12.968,+0.76%
1957-03-26,12.915,+0.35%
1957-03-25,12.906,+0.28%
1957-03-22,12.959,+0.69%
1957-03-21,12.974,+0.81%
1957-03-20,12.971,+0.78%
1957-03-19,12.953,+0.64%
1957-03-18,12.897,+0.21%
1957-03-15,12.956,+0.67%
1957-03-14,12.962,+0.71%
1957-03-13,12.953,+0.64%
1957-03-12,12.868,-0.02%
1957-03-11,12.876,+0.05%
1957-03-08,12.962,+0.71%
1957-03-07,13.003,+1.03%
1957-03-06,13.038,+1.31%
1957-03-05,13.006,+1.06%
1957-03-04,12.959,+0.69%
1957-03-01,12.950,+0.62%
1957-02-28,12.724,+5.07%
1957-02-27,12.730,+5.12%
1957-02-26,12.742,+5.22%
1957-02-25,12.721,+5.05%
1957-02-21,12.751,+5.29%
1957-02-20,12.795,+5.66%
1957-02-19,12.754,+5.32%
1957-02-18,12.745,+5.24%
1957-02-15,12.760,+5.37%
1957-02-14,12.607,+4.10%
1957-02-13,12.622,+4.23%
1957-02-12,12.431,+2.65%
1957-02-11,12.484,+3.09%
1957-02-08,12.704,+4.91%
1957-02-07,12.792,+5.63%
1957-02-06,12.850,+6.11%
1957-02-05,12.871,+6.28%
1957-02-04,13.059,+7.84%
1957-02-01,12.790,+5.62%
1957-01-31,13.114,+8.11%
1957-01-30,13.170,+8.57%
1957-01-29,13.111,+8.09%
1957-01-28,13.047,+7.56%
1957-01-25,13.144,+8.36%
1957-01-24,13.205,+8.86%
1957-01-23,13.158,+8.47%
1957-01-22,13.059,+7.66%
1957-01-21,13.021,+7.35%
1957-01-18,13.091,+7.92%
1957-01-17,13.261,+9.32%
1957-01-16,13.264,+9.35%
1957-01-15,13.249,+9.23%
1957-01-14,13.449,+10.87%
1957-01-11,13.543,+11.65%
1957-01-10,13.569,+11.86%
1957-01-09,13.537,+11.60%
1957-01-08,13.563,+11.81%
1957-01-07,13.613,+12.23%
1957-01-04,13.683,+12.80%
1957-01-03,13.666,+12.66%
1957-01-02,13.548,+11.69%
1957-01-01,13.320,+9.81%
1956-12-01,13.620,+8.70%
1956-11-01,13.340,+5.62%
1956-10-01,13.440,+11.72%
1956-09-01,13.540,+5.04%
1956-08-01,13.810,+9.69%
1956-07-01,13.740,+5.86%
1956-06-01,12.850,+4.05%
1956-05-01,12.820,+6.74%
1956-04-01,13.130,+6.06%
1956-03-01,12.870,+4.38%
1956-02-01,12.110,-4.57%
1956-01-01,12.130,-3.58%
1955-12-01,12.530,-0.71%
1955-11-01,12.630,+2.77%
1955-10-01,12.030,+0.17%
1955-09-01,12.890,+7.78%
1955-08-01,12.590,+7.79%
1955-07-01,12.980,+12.87%
1955-06-01,12.350,+11.76%
1955-05-01,12.010,+8.69%
1955-04-01,12.380,+15.16%
1955-03-01,12.330,+18.33%
1955-02-01,12.690,+23.93%
1955-01-01,12.580,+24.55%
1954-12-01,12.620,+27.60%
1954-11-01,12.290,+26.44%
1954-10-01,12.010,+27.22%
1954-09-01,11.960,+31.00%
1954-08-01,11.680,+21.67%
1954-07-01,11.500,+19.29%
1954-06-01,11.050,+15.83%
1954-05-01,11.050,+10.28%
1954-04-01,10.750,+7.07%
1954-03-01,10.420,-2.62%
1954-02-01,10.240,-4.21%
1954-01-01,10.100,-7.00%
1953-12-01,9.890,-8.85%
1953-11-01,9.720,-7.16%
1953-10-01,9.440,-7.81%
1953-09-01,9.130,-13.05%
1953-08-01,9.600,-10.36%
1953-07-01,9.640,-9.65%
1953-06-01,9.540,-8.45%
1953-05-01,10.020,-0.40%
1953-04-01,10.040,+0.70%
1953-03-01,10.700,+7.86%
1953-02-01,10.690,+8.53%
1953-01-01,10.860,+9.15%
1952-12-01,10.850,+13.14%
1952-11-01,10.470,+13.43%
1952-10-01,10.240,+9.17%
1952-09-01,10.500,+12.30%
1952-08-01,10.710,+20.74%
1952-07-01,10.670,+28.86%
1952-06-01,10.420,+31.57%
1952-05-01,10.060,+26.54%
1952-04-01,9.970,+26.84%
1952-03-01,9.920,+29.84%
1952-02-01,9.850,+26.77%
1952-01-01,9.950,+33.20%
1951-12-01,9.590,+37.99%
1951-11-01,9.230,+30.37%
1951-10-01,9.380,+30.28%
1951-09-01,9.350,+33.38%
1951-08-01,8.870,+27.99%
1951-07-01,8.280,+23.95%
1951-06-01,7.920,+7.32%
1951-05-01,7.950,+6.85%
1951-04-01,7.860,+7.08%
1951-03-01,7.640,+4.37%
1951-02-01,7.770,+6.15%
1951-01-01,7.470,+3.61%
1950-12-01,6.950,-2.52%
1950-11-01,7.080,+2.91%
1950-10-01,7.200,+7.46%
1950-09-01,7.010,+8.18%
1950-08-01,6.930,+8.28%
1950-07-01,6.680,+8.62%
1950-06-01,7.380,+26.80%
1950-05-01,7.440,+19.42%
1950-04-01,7.340,+17.82%
1950-03-01,7.320,+16.93%
1950-02-01,7.320,+16.38%
1950-01-01,7.210,+8.91%
1949-12-01,7.130,+7.54%
1949-11-01,6.880,-0.15%
1949-10-01,6.700,-11.49%
1949-09-01,6.480,-18.70%
1949-08-01,6.400,-24.79%
1949-07-01,6.150,-31.97%
1949-06-01,5.820,-34.75%
1949-05-01,6.180,-30.72%
1949-04-01,6.230,-28.80%
1949-03-01,6.260,-25.12%
1949-02-01,6.290,-25.03%
1949-01-01,6.620,-26.77%
1948-12-01,6.630,-29.01%
1948-11-01,6.890,-28.23%
1948-10-01,7.570,-22.12%
1948-09-01,7.610,-21.71%
1948-08-01,7.970,-22.17%
1948-07-01,8.510,-20.17%
1948-06-01,9.040,-12.32%
1948-05-01,8.920,-14.15%
1948-04-01,8.750,-20.31%
1948-03-01,8.360,-29.98%
1948-02-01,8.390,-36.29%
1948-01-01,9.040,-32.84%
1947-12-01,9.340,-34.55%
1947-11-01,9.600,-34.65%
1947-10-01,9.840,-36.64%
1947-09-01,9.720,-42.69%
1947-08-01,10.240,-49.66%
1947-07-01,10.660,-49.21%
1947-06-01,10.310,-53.39%
1947-05-01,10.390,-52.21%
1947-04-01,10.980,-48.21%
1947-03-01,11.940,-38.71%
1947-02-01,13.170,-32.94%
1947-01-01,13.460,-29.79%
1946-12-01,14.270,-20.94%
1946-11-01,14.690,-16.39%
1946-10-01,15.530,-7.78%
1946-09-01,16.960,+6.00%
1946-08-01,20.340,+35.78%
1946-07-01,20.990,+42.02%
1946-06-01,22.120,+46.59%
1946-05-01,21.740,+47.69%
1946-04-01,21.200,+46.11%
1946-03-01,19.480,+32.79%
1946-02-01,19.640,+36.86%
1946-01-01,19.170,+36.05%
1945-12-01,18.050,+29.58%
1945-11-01,17.570,+23.82%
1945-10-01,16.840,+20.29%
1945-09-01,16.000,+14.29%
1945-08-01,14.980,+6.39%
1945-07-01,14.780,+3.43%
1945-06-01,15.090,+9.59%
1945-05-01,14.970,+13.84%
1945-04-01,14.720,+15.18%
1945-03-01,14.510,+11.53%
1945-02-01,14.670,+15.88%
1945-01-01,14.350,+13.80%
1944-12-01,14.090,+15.40%
1944-11-01,13.930,+21.77%
1944-10-01,14.190,+23.07%
1944-09-01,14.000,+26.13%
1944-08-01,14.080,+30.73%
1944-07-01,14.290,+26.13%
1944-06-01,13.770,+25.18%
1944-05-01,13.150,+20.53%
1944-04-01,12.780,+20.68%
1944-03-01,13.010,+25.70%
1944-02-01,12.660,+25.60%
1944-01-01,12.610,+30.00%
1943-12-01,12.210,+32.14%
1943-11-01,11.440,+20.80%
1943-10-01,11.530,+19.98%
1943-09-01,11.100,+20.26%
1943-08-01,10.770,+19.14%
1943-07-01,11.330,+27.16%
1943-06-01,11.000,+29.41%
1943-05-01,10.910,+37.58%
1943-04-01,10.590,+37.71%
1943-03-01,10.350,+31.51%
1943-02-01,10.080,+25.84%
1943-01-01,9.700,+21.71%
1942-12-01,9.240,+22.38%
1942-11-01,9.470,+18.23%
1942-10-01,9.610,+15.37%
1942-09-01,9.230,+7.20%
1942-08-01,9.040,+2.73%
1942-07-01,8.910,-2.73%
1942-06-01,8.500,-5.03%
1942-05-01,7.930,-9.16%
1942-04-01,7.690,-14.65%
1942-03-01,7.870,-16.19%
1942-02-01,8.010,-14.15%
1942-01-01,7.970,-20.70%
1941-12-01,7.550,-24.73%
1941-11-01,8.010,-22.68%
1941-10-01,8.330,-16.95%
1941-09-01,8.610,-12.50%
1941-08-01,8.800,-7.66%
1941-07-01,9.160,-3.68%
1941-06-01,8.950,-3.76%
1941-05-01,8.730,-15.81%
1941-04-01,9.010,-25.84%
1941-03-01,9.390,-23.47%
1941-02-01,9.330,-26.71%
1941-01-01,10.050,-24.04%
1940-12-01,10.030,-27.00%
1940-11-01,10.360,-28.85%
1940-10-01,10.030,-34.70%
1940-09-01,9.840,-37.60%
1940-08-01,9.530,-34.77%
1940-07-01,9.510,-36.64%
1940-06-01,9.300,-38.16%
1940-05-01,10.370,-31.69%
1940-04-01,12.150,-18.13%
1940-03-01,12.270,-29.68%
1940-02-01,12.730,-29.16%
1940-01-01,13.230,-30.15%
1939-12-01,13.740,-30.71%
1939-11-01,14.560,-29.83%
1939-10-01,15.360,-25.90%
1939-09-01,15.770,-16.78%
1939-08-01,14.610,-20.47%
1939-07-01,15.010,-11.71%
1939-06-01,15.040,+13.42%
1939-05-01,15.180,+27.78%
1939-04-01,14.840,+35.03%
1939-03-01,17.450,+64.16%
1939-02-01,17.970,+66.08%
1939-01-01,18.940,+80.90%
1938-12-01,19.830,+103.38%
1938-11-01,20.750,+114.80%
1938-10-01,20.730,+100.87%
1938-09-01,18.950,+60.87%
1938-08-01,18.370,+31.68%
1938-07-01,17.000,+22.13%
1938-06-01,13.260,-0.82%
1938-05-01,11.880,-15.92%
1938-04-01,10.990,-26.98%
1938-03-01,10.630,-34.79%
1938-02-01,10.820,-35.48%
1938-01-01,10.470,-37.49%
1937-12-01,9.750,-41.72%
1937-11-01,9.660,-44.93%
1937-10-01,10.320,-40.72%
1937-09-01,11.780,-30.99%
1937-08-01,13.950,-19.13%
1937-07-01,13.920,-19.49%
1937-06-01,13.370,-19.89%
1937-05-01,14.130,-14.78%
1937-04-01,15.050,-17.08%
1937-03-01,16.300,-13.34%
1937-02-01,16.770,-10.08%
1937-01-01,16.750,-6.27%
1936-12-01,16.730,-2.51%
1936-11-01,17.540,+2.21%
1936-10-01,17.410,+11.03%
1936-09-01,17.070,+11.71%
1936-08-01,17.250,+18.31%
1936-07-01,17.290,+28.26%
1936-06-01,16.690,+33.63%
1936-05-01,16.580,+32.64%
1936-04-01,18.150,+52.65%
1936-03-01,18.810,+63.28%
1936-02-01,18.650,+34.95%
1936-01-01,17.870,+9.97%
1935-12-01,17.160,-9.21%
1935-11-01,17.160,-8.63%
1935-10-01,15.680,-15.92%
1935-09-01,15.280,-17.41%
1935-08-01,14.580,-24.69%
1935-07-01,13.480,-33.10%
1935-06-01,12.490,-40.95%
1935-05-01,12.500,-41.40%
1935-04-01,11.890,-49.92%
1935-03-01,11.520,-51.74%
1935-02-01,13.820,-45.07%
1935-01-01,16.250,-32.15%
1934-12-01,18.900,-16.59%
1934-11-01,18.780,-15.52%
1934-10-01,18.650,-16.03%
1934-09-01,18.500,-24.80%
1934-08-01,19.360,-21.97%
1934-07-01,20.150,-22.86%
1934-06-01,21.150,-14.51%
1934-05-01,21.330,+0.99%
1934-04-01,23.740,+44.76%
1934-03-01,23.870,+60.96%
1934-02-01,25.160,+65.09%
1934-01-01,23.950,+38.52%
1933-12-01,22.660,+36.26%
1933-11-01,22.230,+35.55%
1933-10-01,22.210,+37.27%
1933-09-01,24.600,+36.97%
1933-08-01,24.810,+58.13%
1933-07-01,26.120,+155.58%
1933-06-01,24.740,+164.60%
1933-05-01,21.120,+103.08%
1933-04-01,16.400,+41.01%
1933-03-01,14.830,+0.54%
1933-02-01,15.240,+7.40%
1933-01-01,17.290,+22.89%
1932-12-01,16.630,+20.16%
1932-11-01,16.400,+1.05%
1932-10-01,16.180,+5.75%
1932-09-01,17.960,+6.27%
1932-08-01,15.690,-17.59%
1932-07-01,10.220,-45.81%
1932-06-01,9.350,-46.75%
1932-05-01,10.400,-40.50%
1932-04-01,11.630,-37.67%
1932-03-01,14.750,-25.95%
1932-02-01,14.190,-24.92%
1932-01-01,14.070,-17.24%
1931-12-01,13.840,-13.45%
1931-11-01,16.230,-0.37%
1931-10-01,15.300,-7.78%
1931-09-01,16.900,-8.10%
1931-08-01,19.040,+8.06%
1931-07-01,18.860,+11.07%
1931-06-01,17.560,+5.28%
1931-05-01,17.480,-2.18%
1931-04-01,18.660,+2.58%
1931-03-01,19.920,+20.65%
1931-02-01,18.900,+22.89%
1931-01-01,17.000,+22.13%
1930-12-01,15.990,+20.32%
1930-11-01,16.290,+25.89%
1930-10-01,16.590,-6.95%
1930-09-01,18.390,-8.92%
1930-08-01,17.620,-10.42%
1930-07-01,16.980,-9.97%
1930-06-01,16.680,-4.30%
1930-05-01,17.870,+3.06%
1930-04-01,18.190,+5.02%
1930-03-01,16.510,-6.51%
1930-02-01,15.380,-12.61%
1930-01-01,13.920,-21.62%
1929-12-01,13.290,-20.80%
1929-11-01,12.940,-23.70%
1929-10-01,17.830,+9.79%
1929-09-01,20.190,+24.94%
1929-08-01,19.670,+28.31%
1929-07-01,18.860,+24.98%
1929-06-01,17.430,+14.52%
1929-05-01,17.340,+5.80%
1929-04-01,17.320,+7.11%
1929-03-01,17.660,+14.16%
1929-02-01,17.600,+17.88%
1929-01-01,17.760,+14.51%
1928-12-01,16.780,+6.68%
1928-11-01,16.960,+11.36%
1928-10-01,16.240,+10.03%
1928-09-01,16.160,+8.75%
1928-08-01,15.330,+9.97%
1928-07-01,15.090,+15.02%
1928-06-01,15.220,+20.60%
1928-05-01,16.390,+32.71%
1928-04-01,16.170,+36.57%
1928-03-01,15.470,+34.99%
1928-02-01,14.930,+33.30%
1928-01-01,15.510,+42.42%
1927-12-01,15.730,+44.58%
1927-11-01,15.230,+43.14%
1927-10-01,14.760,+40.57%
1927-09-01,14.860,+38.36%
1927-08-01,13.940,+31.76%
1927-07-01,13.120,+28.88%
1927-06-01,12.620,+30.24%
1927-05-01,12.350,+33.51%
1927-04-01,11.840,+28.98%
1927-03-01,11.460,+21.27%
1927-02-01,11.200,+10.45%
1927-01-01,10.890,+7.61%
1926-12-01,10.880,+9.13%
1926-11-01,10.640,+5.87%
1926-10-01,10.500,+5.95%
1926-09-01,10.740,+9.15%
1926-08-01,10.580,+7.19%
1926-07-01,10.180,+2.72%
1926-06-01,9.690,-2.22%
1926-05-01,9.250,-7.59%
1926-04-01,9.180,-7.09%
1926-03-01,9.450,-8.16%
1926-02-01,10.140,-6.89%
1926-01-01,10.120,-8.17%
1925-12-01,9.970,-8.70%
1925-11-01,10.050,-3.09%
1925-10-01,9.910,+2.06%
1925-09-01,9.840,0%
1925-08-01,9.870,+0.41%
1925-07-01,9.910,+4.21%
1925-06-01,9.910,+9.14%
1925-05-01,10.010,+13.49%
1925-04-01,9.880,+11.64%
1925-03-01,10.290,+14.72%
1925-02-01,10.890,+19.15%
1925-01-01,11.020,+22.31%
1924-12-01,10.920,+25.23%
1924-11-01,10.370,+20.44%
1924-10-01,9.710,+12.51%
1924-09-01,9.840,+9.82%
1924-08-01,9.830,+6.85%
1924-07-01,9.510,+1.49%
1924-06-01,9.080,-9.65%
1924-05-01,8.820,-17.57%
1924-04-01,8.850,-23.18%
1924-03-01,8.970,-27.72%
1924-02-01,9.140,-27.11%
1924-01-01,9.010,-28.15%
1923-12-01,8.720,-31.45%
1923-11-01,8.610,-35.41%
1923-10-01,8.630,-42.24%
1923-09-01,8.960,-41.67%
1923-08-01,9.200,-41.66%
1923-07-01,9.370,-42.76%
1923-06-01,10.050,-41.71%
1923-05-01,10.700,-42.29%
1923-04-01,11.520,-41.07%
1923-03-01,12.410,-37.48%
1923-02-01,12.540,-39.48%
1923-01-01,12.540,-45.02%
1922-12-01,12.720,-49.54%
1922-11-01,13.330,-37.68%
1922-10-01,14.940,-15.26%
1922-09-01,15.360,-2.41%
1922-08-01,15.770,+12.48%
1922-07-01,16.370,+25.34%
1922-06-01,17.240,+44.75%
1922-05-01,18.540,+53.60%
1922-04-01,19.550,+78.21%
1922-03-01,19.850,+93.28%
1922-02-01,20.720,+108.45%
1922-01-01,22.810,+143.70%
1921-12-01,25.210,+196.24%
1921-11-01,21.390,+131.74%
1921-10-01,17.630,+83.45%
1921-09-01,15.740,+66.03%
1921-08-01,14.020,+54.92%
1921-07-01,13.060,+40.28%
1921-06-01,11.910,+29.32%
1921-05-01,12.070,+31.77%
1921-04-01,10.970,+13.56%
1921-03-01,10.270,+6.65%
1921-02-01,9.940,+11.69%
1921-01-01,9.360,-2.50%
1920-12-01,8.510,-11.26%
1920-11-01,9.230,-5.62%
1920-10-01,9.610,-4.57%
1920-09-01,9.480,+1.50%
1920-08-01,9.050,-9.59%
1920-07-01,9.310,-2.92%
1920-06-01,9.210,-1.39%
1920-05-01,9.160,+5.90%
1920-04-01,9.660,+11.68%
1920-03-01,9.630,+15.05%
1920-02-01,8.900,+10.70%
1920-01-01,9.600,+19.85%
1919-12-01,9.590,+20.18%
1919-11-01,9.780,+22.56%
1919-10-01,10.070,+33.20%
1919-09-01,9.590,+34.88%
1919-08-01,9.340,+34.39%
1919-07-01,10.010,+47.86%
1919-06-01,9.590,+46.64%
1919-05-01,9.340,+45.71%
1919-04-01,8.650,+41.57%
1919-03-01,8.370,+39.04%
1919-02-01,8.040,+33.11%
1919-01-01,8.010,+40.03%
1918-12-01,7.980,+50.28%
1918-11-01,7.980,+47.23%
1918-10-01,7.560,+29.90%
1918-09-01,7.110,+17.33%
1918-08-01,6.950,+10.85%
1918-07-01,6.770,+6.28%
1918-06-01,6.540,+2.03%
1918-05-01,6.410,+3.39%
1918-04-01,6.110,-3.32%
1918-03-01,6.020,-4.90%
1918-02-01,6.040,-0.33%
1918-01-01,5.720,-9.78%
1917-12-01,5.310,-17.16%
1917-11-01,5.420,-21.45%
1917-10-01,5.820,-17.21%
1917-09-01,6.060,-14.29%
1917-08-01,6.270,-11.69%
1917-07-01,6.370,-13.10%
1917-06-01,6.410,-17.18%
1917-05-01,6.200,-23.08%
1917-04-01,6.320,-23.39%
1917-03-01,6.330,-28.23%
1917-02-01,6.060,-34.77%
1917-01-01,6.340,-36.79%
1916-12-01,6.410,-40.48%
1916-11-01,6.900,-38.01%
1916-10-01,7.030,-36.95%
1916-09-01,7.070,-35.49%
1916-08-01,7.100,-35.40%
1916-07-01,7.330,-33.18%
1916-06-01,7.740,-32.64%
1916-05-01,8.060,-32.10%
1916-04-01,8.250,-35.14%
1916-03-01,8.820,-28.93%
1916-02-01,9.290,-26.97%
1916-01-01,10.030,-26.25%
1915-12-01,10.770,-23.78%
1915-11-01,11.130,-23.19%
1915-10-01,11.150,-21.59%
1915-09-01,10.960,-21.49%
1915-08-01,10.990,-19.84%
1915-07-01,10.970,-18.56%
1915-06-01,11.490,-19.42%
1915-05-01,11.870,-15.76%
1915-04-01,12.720,-7.56%
1915-03-01,12.410,-10.53%
1915-02-01,12.720,-8.49%
1915-01-01,13.600,+0.74%
1914-12-01,14.130,+10.74%
1914-11-01,14.490,+15.18%
1914-10-01,14.220,+10.15%
1914-09-01,13.960,+6.40%
1914-08-01,13.710,+5.46%
1914-07-01,13.470,+8.02%
1914-06-01,14.260,+17.66%
1914-05-01,14.090,+10.42%
1914-04-01,13.760,+6.42%
1914-03-01,13.870,+7.19%
1914-02-01,13.900,+6.92%
1914-01-01,13.500,+0.15%
1913-12-01,12.760,-4.78%
1913-11-01,12.580,-10.78%
1913-10-01,12.910,-10.78%
1913-09-01,13.120,-10.87%
1913-08-01,13.000,-12.52%
1913-07-01,12.470,-15.46%
1913-06-01,12.120,-17.77%
1913-05-01,12.760,-14.76%
1913-04-01,12.930,-15.05%
1913-03-01,12.940,-13.73%
1913-02-01,13.000,-12.28%
1913-01-01,13.480,-11.32%
1912-12-01,13.400,-13.21%
1912-11-01,14.100,-6.75%
1912-10-01,14.470,+1.19%
1912-09-01,14.720,+5.29%
1912-08-01,14.860,+3.70%
1912-07-01,14.750,-0.47%
1912-06-01,14.740,+0.61%
1912-05-01,14.970,+5.80%
1912-04-01,15.220,+11.50%
1912-03-01,15.000,+11.03%
1912-02-01,14.820,+11.60%
1912-01-01,15.200,+18.01%
1911-12-01,15.440,+24.52%
1911-11-01,15.120,+18.59%
1911-10-01,14.300,+11.98%
1911-09-01,13.980,+16.11%
1911-08-01,14.330,+19.82%
1911-07-01,14.820,+26.88%
1911-06-01,14.650,+19.11%
1911-05-01,14.150,+10.98%
1911-04-01,13.650,+5.32%
1911-03-01,13.510,+1.73%
1911-02-01,13.280,+3.83%
1911-01-01,12.880,-2.87%
1910-12-01,12.400,-8.49%
1910-11-01,12.750,-7.34%
1910-10-01,12.770,-8.85%
1910-09-01,12.040,-16.10%
1910-08-01,11.960,-17.74%
1910-07-01,11.680,-18.95%
1910-06-01,12.300,-15.93%
1910-05-01,12.750,-12.61%
1910-04-01,12.960,-10.99%
1910-03-01,13.280,-7.71%
1910-02-01,12.790,-11.37%
1910-01-01,13.260,-13.67%
1909-12-01,13.550,-12.97%
1909-11-01,13.760,-8.08%
1909-10-01,14.010,-0.07%
1909-09-01,14.350,+5.36%
1909-08-01,14.540,+7.39%
1909-07-01,14.410,+11.02%
1909-06-01,14.630,+18.75%
1909-05-01,14.590,+20.48%
1909-04-01,14.560,+26.72%
1909-03-01,14.390,+34.11%
1909-02-01,14.430,+42.17%
1909-01-01,15.360,+45.73%
1908-12-01,15.570,+56.48%
1908-11-01,14.970,+60.45%
1908-10-01,14.020,+43.65%
1908-09-01,13.620,+26.11%
1908-08-01,13.540,+24.11%
1908-07-01,12.980,+11.61%
1908-06-01,12.320,+11.59%
1908-05-01,12.110,+7.64%
1908-04-01,11.490,0%
1908-03-01,10.730,-6.21%
1908-02-01,10.150,-18.86%
1908-01-01,10.540,-17.33%
1907-12-01,9.950,-23.17%
1907-11-01,9.330,-29.53%
1907-10-01,9.760,-25.78%
1907-09-01,10.800,-20.30%
1907-08-01,10.910,-18.15%
1907-07-01,11.630,-7.55%
1907-06-01,11.040,-15.73%
1907-05-01,11.250,-12.99%
1907-04-01,11.490,-14.70%
1907-03-01,11.440,-17.46%
1907-02-01,12.510,-11.90%
1907-01-01,12.750,-12.13%
1906-12-01,12.950,-9.06%
1906-11-01,13.240,-6.17%
1906-10-01,13.150,-10.12%
1906-09-01,13.550,-9.00%
1906-08-01,13.330,-11.60%
1906-07-01,12.580,-16.30%
1906-06-01,13.100,-11.67%
1906-05-01,12.930,-14.82%
1906-04-01,13.470,-17.11%
1906-03-01,13.860,-17.30%
1906-02-01,14.200,-16.08%
1906-01-01,14.510,-12.22%
1905-12-01,14.240,-15.44%
1905-11-01,14.110,-15.36%
1905-10-01,14.630,-5.61%
1905-09-01,14.890,+1.71%
1905-08-01,15.080,+7.56%
1905-07-01,15.030,+13.09%
1905-06-01,14.830,+16.22%
1905-05-01,15.180,+19.06%
1905-04-01,16.250,+27.25%
1905-03-01,16.760,+34.51%
1905-02-01,16.920,+35.36%
1905-01-01,16.530,+31.19%
1904-12-01,16.840,+35.81%
1904-11-01,16.670,+43.34%
1904-10-01,15.500,+36.20%
1904-09-01,14.640,+26.75%
1904-08-01,14.020,+18.41%
1904-07-01,13.290,+10.57%
1904-06-01,12.760,+3.07%
1904-05-01,12.750,-1.01%
1904-04-01,12.770,-1.16%
1904-03-01,12.460,-7.50%
1904-02-01,12.500,-9.35%
1904-01-01,12.600,-7.69%
1903-12-01,12.400,-2.97%
1903-11-01,11.630,-12.49%
1903-10-01,11.380,-19.00%
1903-09-01,11.550,-21.69%
1903-08-01,11.840,-20.91%
1903-07-01,12.020,-18.95%
1903-06-01,12.380,-17.58%
1903-05-01,12.880,-16.25%
1903-04-01,12.920,-17.71%
1903-03-01,13.470,-12.93%
1903-02-01,13.790,-12.44%
1903-01-01,13.650,-14.26%
1902-12-01,12.780,-19.62%
1902-11-01,13.290,-17.76%
1902-10-01,14.050,-11.19%
1902-09-01,14.750,-9.68%
1902-08-01,14.970,-8.78%
1902-07-01,14.830,-8.34%
1902-06-01,15.020,-13.43%
1902-05-01,15.380,-2.53%
1902-04-01,15.700,-5.48%
1902-03-01,15.470,-1.15%
1902-02-01,15.750,+4.30%
1902-01-01,15.920,+8.08%
1901-12-01,15.900,+17.78%
1901-11-01,16.160,+29.07%
1901-10-01,15.820,+30.96%
1901-09-01,16.330,+31.91%
1901-08-01,16.410,+34.40%
1901-07-01,16.180,+32.51%
1901-06-01,17.350,+37.92%
1901-05-01,15.780,+19.45%
1901-04-01,16.610,+27.38%
1901-03-01,15.650,+20.94%
1901-02-01,15.100,+18.80%
1901-01-01,14.730,+17.46%
1900-12-01,14.310,+14.11%
1900-11-01,13.500,-1.75%
1900-10-01,12.520,-9.14%
1900-09-01,12.080,-14.69%
1900-08-01,12.380,-15.44%
1900-07-01,12.210,-16.37%
1900-06-01,12.210,-17.50%
1900-05-01,12.580,-19.00%
1900-04-01,13.210,-20.52%
1900-03-01,13.040,-22.57%
1900-02-01,12.940,-24.11%
1900-01-01,12.710,-24.75%
1899-12-01,12.540,-22.30%
1899-11-01,13.740,-9.61%
1899-10-01,13.780,-9.04%
1899-09-01,14.160,-8.47%
1899-08-01,14.640,-5.55%
1899-07-01,14.600,-5.13%
1899-06-01,14.800,-3.46%
1899-05-01,15.530,+5.22%
1899-04-01,16.620,+16.39%
1899-03-01,16.840,+15.90%
1899-02-01,17.050,+12.02%
1899-01-01,16.890,+7.31%
1898-12-01,16.140,+5.35%
1898-11-01,15.200,-1.94%
1898-10-01,15.150,-8.84%
1898-09-01,15.470,-13.04%
1898-08-01,15.500,-8.61%
1898-07-01,15.390,-6.84%
1898-06-01,15.330,-6.64%
1898-05-01,14.760,-9.56%
1898-04-01,14.280,-15.60%
1898-03-01,14.530,-20.25%
1898-02-01,15.220,-16.24%
1898-01-01,15.740,-17.94%
1897-12-01,15.320,-23.78%
1897-11-01,15.500,-25.70%
1897-10-01,16.620,-10.84%
1897-09-01,17.790,-2.41%
1897-08-01,16.960,-2.08%
1897-07-01,16.520,-5.98%
1897-06-01,16.420,-12.57%
1897-05-01,16.320,-14.69%
1897-04-01,16.920,-8.14%
1897-03-01,18.220,-0.16%
1897-02-01,18.170,-2.00%
1897-01-01,19.180,+12.30%
1896-12-01,20.100,+16.32%
1896-11-01,20.860,+9.04%
1896-10-01,18.640,-9.73%
1896-09-01,18.230,-13.02%
1896-08-01,17.320,-20.44%
1896-07-01,17.570,-21.84%
1896-06-01,18.780,-20.09%
1896-05-01,19.130,-17.01%
1896-04-01,18.420,-19.91%
1896-03-01,18.250,-21.61%
1896-02-01,18.540,-24.79%
1896-01-01,17.080,-31.68%
1895-12-01,17.280,-35.71%
1895-11-01,19.130,-25.07%
1895-10-01,20.650,-14.35%
1895-09-01,20.960,-15.79%
1895-08-01,21.770,-6.20%
1895-07-01,22.480,+5.79%
1895-06-01,23.500,+13.69%
1895-05-01,23.050,+15.25%
1895-04-01,23.000,+15.75%
1895-03-01,23.280,+18.71%
1895-02-01,24.650,+35.07%
1895-01-01,25.000,+44.68%
1894-12-01,26.880,+58.49%
1894-11-01,25.530,+50.80%
1894-10-01,24.110,+50.03%
1894-09-01,24.890,+65.16%
1894-08-01,23.210,+70.66%
1894-07-01,21.250,+57.64%
1894-06-01,20.670,+43.44%
1894-05-01,20.000,+32.19%
1894-04-01,19.870,+23.49%
1894-03-01,19.610,+25.54%
1894-02-01,18.250,+15.95%
1894-01-01,17.280,+10.91%
1893-12-01,16.960,+13.90%
1893-11-01,16.930,+12.49%
1893-10-01,16.070,+3.48%
1893-09-01,15.070,-0.99%
1893-08-01,13.600,-12.88%
1893-07-01,13.480,-12.41%
1893-06-01,14.410,-8.97%
1893-05-01,15.130,-4.90%
1893-04-01,16.090,+1.13%
1893-03-01,15.620,-2.01%
1893-02-01,15.740,-3.08%
1893-01-01,15.580,-3.89%
1892-12-01,14.890,-6.41%
1892-11-01,15.050,-2.53%
1892-10-01,15.530,-3.84%
1892-09-01,15.220,-5.76%
1892-08-01,15.610,+1.30%
1892-07-01,15.390,+3.22%
1892-06-01,15.830,+4.42%
1892-05-01,15.910,-0.38%
1892-04-01,15.910,-0.75%
1892-03-01,15.940,-0.56%
1892-02-01,16.240,-0.55%
1892-01-01,16.210,-2.88%
1891-12-01,15.910,+0.32%
1891-11-01,15.440,-4.93%
1891-10-01,16.150,-7.82%
1891-09-01,16.150,-11.94%
1891-08-01,15.410,-17.42%
1891-07-01,14.910,-21.94%
1891-06-01,15.160,-21.21%
1891-05-01,15.970,-14.74%
1891-04-01,16.030,-10.80%
1891-03-01,16.030,-8.92%
1891-02-01,16.330,-7.90%
1891-01-01,16.690,-6.92%
1890-12-01,15.860,-10.55%
1890-11-01,16.240,-8.92%
1890-10-01,17.520,-5.91%
1890-09-01,18.340,-3.32%
1890-08-01,18.660,+0.76%
1890-07-01,19.100,+0.90%
1890-06-01,19.240,-0.41%
1890-05-01,18.730,-1.42%
1890-04-01,17.970,-6.36%
1890-03-01,17.600,-8.43%
1890-02-01,17.730,-9.68%
1890-01-01,17.930,-11.02%
1889-12-01,17.730,-10.32%
1889-11-01,17.830,-8.14%
1889-10-01,18.620,-2.56%
1889-09-01,18.970,-1.25%
1889-08-01,18.520,+2.32%
1889-07-01,18.930,+10.51%
1889-06-01,19.320,+19.55%
1889-05-01,19.000,+17.57%
1889-04-01,19.190,+24.21%
1889-03-01,19.220,+28.65%
1889-02-01,19.630,+26.40%
1889-01-01,20.150,+32.83%
1888-12-01,19.770,+35.04%
1888-11-01,19.410,+31.86%
1888-10-01,19.110,+28.60%
1888-09-01,19.210,+24.98%
1888-08-01,18.100,+16.25%
1888-07-01,17.130,+7.26%
1888-06-01,16.160,-4.09%
1888-05-01,16.160,-6.86%
1888-04-01,15.450,-9.44%
1888-03-01,14.940,-10.43%
1888-02-01,15.530,-4.67%
1888-01-01,15.170,-10.29%
1887-12-01,14.640,-14.34%
1887-11-01,14.720,-16.13%
1887-10-01,14.860,-15.86%
1887-09-01,15.370,-10.74%
1887-08-01,15.570,-10.10%
1887-07-01,15.970,-10.13%
1887-06-01,16.850,-3.71%
1887-05-01,17.350,+0.23%
1887-04-01,17.060,-3.40%
1887-03-01,16.680,-10.03%
1887-02-01,16.290,-13.95%
1887-01-01,16.910,-8.94%
1886-12-01,17.090,-11.27%
1886-11-01,17.550,-9.58%
1886-10-01,17.660,+0.51%
1886-09-01,17.220,+3.67%
1886-08-01,17.320,+2.97%
1886-07-01,17.770,+15.54%
1886-06-01,17.500,+18.00%
1886-05-01,17.310,+16.17%
1886-04-01,17.660,+21.21%
1886-03-01,18.540,+26.99%
1886-02-01,18.930,+29.92%
1886-01-01,18.570,+35.75%
1885-12-01,19.260,+37.57%
1885-11-01,19.410,+42.83%
1885-10-01,17.570,+30.63%
1885-09-01,16.610,+19.41%
1885-08-01,16.820,+20.66%
1885-07-01,15.380,+20.72%
1885-06-01,14.830,+16.41%
1885-05-01,14.900,+15.33%
1885-04-01,14.570,+6.51%
1885-03-01,14.600,+4.66%
1885-02-01,14.570,+6.82%
1885-01-01,13.680,+3.01%
1884-12-01,14.000,+4.87%
1884-11-01,13.590,-0.44%
1884-10-01,13.450,+2.52%
1884-09-01,13.910,+3.11%
1884-08-01,13.940,+4.50%
1884-07-01,12.740,-8.87%
1884-06-01,12.740,-10.28%
1884-05-01,12.920,-5.97%
1884-04-01,13.680,-2.15%
1884-03-01,13.950,+1.90%
1884-02-01,13.640,+0.89%
1884-01-01,13.280,-1.70%
1883-12-01,13.350,-1.69%
1883-11-01,13.650,+1.04%
1883-10-01,13.120,-7.08%
1883-09-01,13.490,-7.03%
1883-08-01,13.340,-7.17%
1883-07-01,13.980,+0.22%
1883-06-01,14.200,+7.49%
1883-05-01,13.740,+5.86%
1883-04-01,13.980,+6.39%
1883-03-01,13.690,+4.19%
1883-02-01,13.520,+2.74%
1883-01-01,13.510,+0.45%
1882-12-01,13.580,-0.59%
1882-11-01,13.510,-3.98%
1882-10-01,14.120,+3.29%
1882-09-01,14.510,+4.46%
1882-08-01,14.370,+6.60%
1882-07-01,13.950,+1.09%
1882-06-01,13.210,-5.64%
1882-05-01,12.980,-6.15%
1882-04-01,13.140,-0.68%
1882-03-01,13.140,+1.08%
1882-02-01,13.160,+2.41%
1882-01-01,13.450,+6.49%
1881-12-01,13.660,+14.60%
1881-11-01,14.070,+20.36%
1881-10-01,13.670,+20.55%
1881-09-01,13.890,+23.36%
1881-08-01,13.480,+16.91%
1881-07-01,13.800,+21.16%
1881-06-01,14.000,+25.67%
1881-05-01,13.830,+24.71%
1881-04-01,13.230,+7.30%
1881-03-01,13.000,+0.54%
1881-02-01,12.850,-1.15%
1881-01-01,12.630,-3.59%
1880-12-01,11.920,-7.95%
1880-11-01,11.690,-12.24%
1880-10-01,11.340,-10.36%
1880-09-01,11.260,-3.92%
1880-08-01,11.530,+1.95%
1880-07-01,11.390,-1.30%
1880-06-01,11.140,-4.38%
1880-05-01,11.090,-4.31%
1880-04-01,12.330,+7.97%
1880-03-01,12.930,+16.91%
1880-02-01,13.000,+12.17%
1880-01-01,13.100,+17.07%
1879-12-01,12.950,+16.35%
1879-11-01,13.320,+19.03%
1879-10-01,12.650,+12.64%
1879-09-01,11.720,+3.26%
1879-08-01,11.310,+1.62%
1879-07-01,11.540,+2.76%
1879-06-01,11.650,+2.46%
1879-05-01,11.590,+4.13%
1879-04-01,11.420,+2.88%
1879-03-01,11.060,+2.41%
1879-02-01,11.590,+9.34%
1879-01-01,11.190,+3.32%
1878-12-01,11.130,+2.77%
1878-11-01,11.190,+2.94%
1878-10-01,11.230,+1.81%
1878-09-01,11.350,+1.61%
1878-08-01,11.130,+5.80%
1878-07-01,11.230,+14.24%
1878-06-01,11.370,+20.83%
1878-05-01,11.130,+9.76%
1878-04-01,11.100,+9.47%
1878-03-01,10.800,-4.59%
1878-02-01,10.600,-11.15%
1878-01-01,10.830,-14.59%
1877-12-01,10.830,-15.32%
1877-11-01,10.870,-12.41%
1877-10-01,11.030,-12.88%
1877-09-01,11.170,-9.19%
1877-08-01,10.520,-17.03%
1877-07-01,9.830,-25.70%
1877-06-01,9.410,-27.45%
1877-05-01,10.140,-19.97%
1877-04-01,10.140,-22.89%
1877-03-01,11.320,-14.63%
1877-02-01,11.930,-7.59%
1877-01-01,12.680,-0.47%
1876-12-01,12.790,+5.35%
1876-11-01,12.410,+5.08%
1876-10-01,12.660,+11.84%
1876-09-01,12.300,+9.72%
1876-08-01,12.680,+12.11%
1876-07-01,13.230,+20.49%
1876-06-01,12.970,+21.44%
1876-05-01,12.670,+19.08%
1876-04-01,13.150,+21.65%
1876-03-01,13.260,+24.27%
1876-02-01,12.910,+25.34%
1876-01-01,12.740,+26.26%
1875-12-01,12.140,+23.00%
1875-11-01,11.810,+18.93%
1875-10-01,11.320,+14.92%
1875-09-01,11.210,+13.58%
1875-08-01,11.310,+16.36%
1875-07-01,10.980,+13.20%
1875-06-01,10.680,+10.10%
1875-05-01,10.640,+9.24%
1875-04-01,10.810,+8.10%
1875-03-01,10.670,+3.79%
1875-02-01,10.300,-1.25%
1875-01-01,10.090,-0.39%
1874-12-01,9.870,+2.71%
1874-11-01,9.930,+13.10%
1874-10-01,9.850,+8.12%
1874-09-01,9.870,-3.24%
1874-08-01,9.720,-11.96%
1874-07-01,9.700,-12.14%
1874-06-01,9.700,-12.38%
1874-05-01,9.740,-15.16%
1874-04-01,10.000,-12.66%
1874-03-01,10.280,-11.46%
1874-02-01,10.430,-12.94%
1874-01-01,10.130,-14.73%
1873-12-01,9.610,-18.49%
1873-11-01,8.780,-23.72%
1873-10-01,9.110,-22.99%
1873-09-01,10.200,-13.49%
1873-08-01,11.040,-8.00%
1873-07-01,11.040,-9.06%
1873-06-01,11.070,-11.51%
1873-05-01,11.480,-9.11%
1873-04-01,11.450,-9.34%
1873-03-01,11.610,-5.53%
1873-02-01,11.980,+0.67%
1873-01-01,11.880,-2.22%
1872-12-01,11.790,-0.51%
1872-11-01,11.510,-0.78%
1872-10-01,11.830,+3.05%
1872-09-01,11.790,-2.56%
1872-08-01,12.000,+0.17%
1872-07-01,12.140,+2.62%
1872-06-01,12.510,+3.82%
1872-05-01,12.630,+3.95%
1872-04-01,12.630,+6.58%
1872-03-01,12.290,+6.59%
1872-02-01,11.900,+5.78%
1872-01-01,12.150,+9.46%
1871-12-01,11.850,-
1871-11-01,11.600,-
1871-10-01,11.480,-
1871-09-01,12.100,-
1871-08-01,11.980,-
1871-07-01,11.830,-
1871-06-01,12.050,-
1871-05-01,12.150,-
1871-04-01,11.850,-
1871-03-01,11.530,-
1871-02-01,11.250,-
1871-01-01,11.100,-
